RMU_NO,ZENON_GSS-FID,ZENON_signal_name,ZENON_DOT_NO,ADMS_GSS-FID,ADMS_signal_name,ADMS_DOT_NO
10689,JED-NTH-ABN-30,10689_Y1-31241_CMD,1,JED-NTH ABH AH308,10689 Y1 CMD,1
10689,JED-NTH-ABN-30,10689_Y2-22516_CMD,5,JED-NTH ABH AH308,10689 Y2 CMD,5
10689,JED-NTH-ABN-30,10689_TR1_CMD,9,JED-NTH ABH AH308,10689 Q1 CMD,9
10689,JED-NTH-ABN-30,10689_Y3-08ABH_CMD,13,JED-NTH ABH AH308,10689 Y3 CMD,13
10689,JED-NTH-ABN-30,10689_Y1-31241_ST_LOCK,1000,JED-NTH ABH AH308,10689 Y1/Lock/Unlock indication value,1000
10689,JED-NTH-ABN-30,10689_Y1-31241_ST_GND,1001,JED-NTH ABH AH308,10689 KY1 state,1001
10689,JED-NTH-ABN-30,10689_TR1_ST_LOCK,1002,JED-NTH ABH AH308,10689 Y2/Lock/Unlock indication value,1002
10689,JED-NTH-ABN-30,10689_Y2-22516_ST_GND,1003,JED-NTH ABH AH308,10689 KY2 state,1003
10689,JED-NTH-ABN-30,10689_Y2-22516_ST_LOCK,1004,JED-NTH ABH AH308,10689 Q1/Lock/Unlock indication value,1004
10689,JED-NTH-ABN-30,10689_TR1_ST_GND,1005,JED-NTH ABH AH308,10689 KQ1 state,1005
10689,JED-NTH-ABN-30,10689_Y3-08ABH_ST_LOCK,1006,JED-NTH ABH AH308,10689 Y3/Lock/Unlock indication value,1006
10689,JED-NTH-ABN-30,10689_Y3-08ABH_ST_GND,1007,JED-NTH ABH AH308,10689 KY3 state,1007
10689,JED-NTH-ABN-30,10689_BATT_LOW,1008,JED-NTH ABH AH308,10689 Battery low value,1008
10689,JED-NTH-ABN-30,10689_GAS_LOW,1009,JED-NTH ABH AH308,10689 Gas low value,1009
10689,JED-NTH-ABN-30,10689_AC_FAIL,1010,JED-NTH ABH AH308,10689 AC power fail value,1010
10689,JED-NTH-ABN-30,10689_DOOR_OPENED,1011,JED-NTH ABH AH308,10689 Door open value,1011
10689,JED-NTH-ABN-30,10689_DC_ST,1012,JED-NTH ABH AH308,10689 DC power fail value,1012
10689,JED-NTH-ABN-30,10689_MOTOR_CRT_FAIL,1013,JED-NTH ABH AH308,10689 Motor circuit fail value,1013
10689,JED-NTH-ABN-30,10689_RTU_FAIL,1277,JED-NTH ABH AH308,10689 RTU Self diagnostic value,1277
10689,JED-NTH-ABN-30,10689_EFI,1278,JED-NTH ABH AH308,10689 EFI (Fault indication) value,1278
10689,JED-NTH-ABN-30,10689_PROT_HEALTH,1279,JED-NTH ABH AH308,10689 Protection Health value,1279
10689,JED-NTH-ABN-30,10689_PROT_TRIP_EFI,1280,JED-NTH ABH AH308,10689 Protection Trip (Earth fault) value,1280
10689,JED-NTH-ABN-30,10689_PROT_TRIP_PH_FLT,1281,JED-NTH ABH AH308,10689 Protection Trip (Phase fault) value,1281
10689,JED-NTH-ABN-30,10689_Y1-31241_ST,11000,JED-NTH ABH AH308,10689 Y1 state,11000
10689,JED-NTH-ABN-30,10689_Y2-22516_ST,11001,JED-NTH ABH AH308,10689 Y2 state,11001
10689,JED-NTH-ABN-30,10689_TR1_ST,11002,JED-NTH ABH AH308,10689 Q1 state,11002
10689,JED-NTH-ABN-30,10689_Y3-08ABH_ST,11003,JED-NTH ABH AH308,10689 Y3 state,11003
10689,JED-NTH-ABN-30,10689_LR,11004,JED-NTH ABH AH308,10689 Remote/Local value,11004
10689,JED-NTH-ABN-30,10689_Y1-31241_AMP_A,13015,JED-NTH ABH AH308,10689 Y1 i_a_value(A),13015
10689,JED-NTH-ABN-30,10689_Y1-31241_AMP_B,13016,JED-NTH ABH AH308,10689 Y1 i_b_value(A),13016
10689,JED-NTH-ABN-30,10689_Y1-31241_AMP_C,13017,JED-NTH ABH AH308,10689 Y1 i_c_value(A),13017
10689,JED-NTH-ABN-30,10689_Y1-31241_AMP_N,13018,JED-NTH ABH AH308,10689 Y1 i_n_value(A),13018
10689,JED-NTH-ABN-30,10689_TR1_AMP_A,13019,JED-NTH ABH AH308,10689 Y2 i_a_value(A),13019
10689,JED-NTH-ABN-30,10689_TR1_AMP_B,13020,JED-NTH ABH AH308,10689 Y2 i_b_value(A),13020
10689,,,,JED-NTH ABH AH308,10689 Y2 i_c_value(A),13021
10689,JED-NTH-ABN-30,10689_TR1_AMP_N,13022,JED-NTH ABH AH308,10689 Y2 i_n_value(A),13022
10689,JED-NTH-ABN-30,10689_Y2-22516_AMP_A,13023,JED-NTH ABH AH308,10689 Q1 i_a_value(A),13023
10689,JED-NTH-ABN-30,10689_Y2-22516_AMP_B,13024,JED-NTH ABH AH308,10689 Q1 i_b_value(A),13024
10689,JED-NTH-ABN-30,10689_TR1_AMP_C,13025,JED-NTH ABH AH308,10689 Q1 i_c_value(A),13025
10689,JED-NTH-ABN-30,10689_Y2-22516_AMP_C,13025,,,
10689,JED-NTH-ABN-30,10689_Y2-22516_AMP_N,13026,JED-NTH ABH AH308,10689 Q1 i_n_value(A),13026
10689,JED-NTH-ABN-30,10689_Y3-08ABH_AMP_A,13027,JED-NTH ABH AH308,10689 Y3 i_a_value(A),13027
10689,JED-NTH-ABN-30,10689_Y3-08ABH_AMP_B,13028,JED-NTH ABH AH308,10689 Y3 i_b_value(A),13028
10689,JED-NTH-ABN-30,10689_Y3-08ABH_AMP_C,13029,JED-NTH ABH AH308,10689 Y3 i_c_value(A),13029
10689,JED-NTH-ABN-30,10689_Y3-08ABH_AMP_N,13030,JED-NTH ABH AH308,10689 Y3 i_n_value(A),13030
10689,JED-NTH-ABN-30,10689_Y1-31241_KVA,13057,JED-NTH ABH AH308,10689 Y1 S(kVA),13057
10689,JED-NTH-ABN-30,10689_Y1-31241_KVAR,13057,,,
10689,JED-NTH-ABN-30,10689_Y1-31241_KW,13058,JED-NTH ABH AH308,10689 Y1 P(kW),13058
10689,,,,JED-NTH ABH AH308,10689 Y1 Q(kVar),13059
10689,,,,JED-NTH ABH AH308,10689 Y2 S(kVA),13060
10689,,,,JED-NTH ABH AH308,10689 Y2 P(kW),13061
10689,,,,JED-NTH ABH AH308,10689 Y2 Q(kVar),13062
10689,JED-NTH-ABN-30,10689_TR1_VOLT_A,13063,JED-NTH ABH AH308,10689 Q1 u_ab_value(kV),13063
10689,JED-NTH-ABN-30,10689_TR1_VOLT_B,13064,JED-NTH ABH AH308,10689 Q1 u_bc_value(kV),13064
10689,JED-NTH-ABN-30,10689_TR1_KW,13065,JED-NTH ABH AH308,10689 Q1 u_ca_value(kV),13065
10689,JED-NTH-ABN-30,10689_TR1_VOLT_C,13065,,,
10689,JED-NTH-ABN-30,10689_TR1_KVA,13066,JED-NTH ABH AH308,10689 Q1 u_n_value(kV),13066
10689,JED-NTH-ABN-30,10689_TR1_KVAR,13066,,,
10689,JED-NTH-ABN-30,10689_TR1_VOLT_N,13066,,,
10689,,,,JED-NTH ABH AH308,10689 Q1 S(kVA),13067
10689,JED-NTH-ABN-30,10689_Y2-22516_KVA,13068,JED-NTH ABH AH308,10689 Q1 P(kW),13068
10689,JED-NTH-ABN-30,10689_Y2-22516_KVAR,13068,,,
10689,JED-NTH-ABN-30,10689_Y2-22516_KW,13069,JED-NTH ABH AH308,10689 Q1 Q(kVar),13069
10689,JED-NTH-ABN-30,10689_TR1_PF,13070,JED-NTH ABH AH308,10689 Q1 Power factor,13070
10689,JED-NTH-ABN-30,10689_Y3-08ABH_KVA,13071,JED-NTH ABH AH308,10689 Y3 S(kVA),13071
10689,JED-NTH-ABN-30,10689_Y3-08ABH_KVAR,13071,,,
10689,JED-NTH-ABN-30,10689_Y3-08ABH_KW,13072,JED-NTH ABH AH308,10689 Y3 P(kW),13072
10689,,,,JED-NTH ABH AH308,10689 Y3 Q(kVar),13073
15953,JED-NTH-ABN-29,15953_Y1-RMU8723_CMD,1,JED-NTH ABH AH306,15953 Y1 CMD,1
15953,JED-NTH-ABN-29,15953_TR1-RMU15953_CMD,5,JED-NTH ABH AH306,15953 Q1 CMD,5
15953,JED-NTH-ABN-29,15953_Y2-RMU17483_CMD,9,JED-NTH ABH AH306,15953 Y2 CMD,9
15953,JED-NTH-ABN-29,15953_Y1-RMU8723_ST_LOCK,1000,JED-NTH ABH AH306,15953 Y1/Lock/Unlock indication value,1000
15953,JED-NTH-ABN-29,15953_Y1-RMU8723_ST_GND,1001,JED-NTH ABH AH306,15953 KY1 state,1001
15953,JED-NTH-ABN-29,15953_TR1-RMU15953_ST_LOCK,1002,JED-NTH ABH AH306,15953 Q1/Lock/Unlock indication value,1002
15953,JED-NTH-ABN-29,15953_TR1-RMU15953_ST_GND,1003,JED-NTH ABH AH306,15953 KQ1 state,1003
15953,JED-NTH-ABN-29,15953_Y2-RMU17483_ST_LOCK,1004,JED-NTH ABH AH306,15953 Y2/Lock/Unlock indication value,1004
15953,JED-NTH-ABN-29,15953_Y2-RMU17483_ST_GND,1005,JED-NTH ABH AH306,15953 KY2 state,1005
15953,JED-NTH-ABN-29,15953_BATT_LOW,1008,JED-NTH ABH AH306,15953 Battery low value,1008
15953,JED-NTH-ABN-29,15953_GAS_LOW,1009,JED-NTH ABH AH306,15953 Gas low value,1009
15953,JED-NTH-ABN-29,15953_AC_FAIL,1010,JED-NTH ABH AH306,15953 AC power fail value,1010
15953,JED-NTH-ABN-29,15953_DOOR_OPENED,1011,JED-NTH ABH AH306,15953 Door open value,1011
15953,JED-NTH-ABN-29,15953_DC_ST,1012,JED-NTH ABH AH306,15953 DC power fail value,1012
15953,JED-NTH-ABN-29,15953_MOTOR_CRT_FAIL,1013,JED-NTH ABH AH306,15953 Motor circuit fail value,1013
15953,JED-NTH-ABN-29,15953_RTU_FAIL,1277,JED-NTH ABH AH306,15953 RTU Self diagnostic value,1277
15953,JED-NTH-ABN-29,15953_EFI,1278,JED-NTH ABH AH306,15953 EFI (Fault indication) value,1278
15953,JED-NTH-ABN-29,15953_PROT_HEALTH,1279,JED-NTH ABH AH306,15953 Protection Health value,1279
15953,JED-NTH-ABN-29,15953_PROT_TRIP_EFI,1280,JED-NTH ABH AH306,15953 Protection Trip (Earth fault) value,1280
15953,JED-NTH-ABN-29,15953_PROT_TRIP_PH_FLT,1281,JED-NTH ABH AH306,15953 Protection Trip (Phase fault) value,1281
15953,JED-NTH-ABN-29,15953_Y1-RMU8723_ST,11000,JED-NTH ABH AH306,15953 Y1 state,11000
15953,JED-NTH-ABN-29,15953_TR1-RMU15953_ST,11001,JED-NTH ABH AH306,15953 Q1 state,11001
15953,JED-NTH-ABN-29,15953_Y2-RMU17483_ST,11002,JED-NTH ABH AH306,15953 Y2 state,11002
15953,JED-NTH-ABN-29,15953_LR,11004,JED-NTH ABH AH306,15953 Remote/Local value,11004
15953,JED-NTH-ABN-29,15953_Y1-RMU8723_AMP_A,13015,JED-NTH ABH AH306,15953 Y1 i_a_value(A),13015
15953,JED-NTH-ABN-29,15953_Y1-RMU8723_AMP_B,13016,JED-NTH ABH AH306,15953 Y1 i_b_value(A),13016
15953,JED-NTH-ABN-29,15953_Y1-RMU8723_AMP_C,13017,JED-NTH ABH AH306,15953 Y1 i_c_value(A),13017
15953,JED-NTH-ABN-29,15953_Y1-RMU8723_AMP_N,13018,JED-NTH ABH AH306,15953 Y1 i_n_value(A),13018
15953,JED-NTH-ABN-29,15953_TR1-RMU15953_AMP_A,13019,JED-NTH ABH AH306,15953 Q1 i_a_value(A),13019
15953,JED-NTH-ABN-29,15953_TR1-RMU15953_AMP_B,13020,JED-NTH ABH AH306,15953 Q1 i_b_value(A),13020
15953,JED-NTH-ABN-29,15953_TR1-RMU15953_AMP_C,13021,JED-NTH ABH AH306,15953 Q1 i_c_value(A),13021
15953,JED-NTH-ABN-29,15953_TR1-RMU15953_AMP_N,13022,JED-NTH ABH AH306,15953 Q1 i_n_value(A),13022
15953,JED-NTH-ABN-29,15953_Y2-RMU17483_AMP_A,13023,JED-NTH ABH AH306,15953 Y2 i_a_value(A),13023
15953,JED-NTH-ABN-29,15953_Y2-RMU17483_AMP_B,13024,JED-NTH ABH AH306,15953 Y2 i_b_value(A),13024
15953,JED-NTH-ABN-29,15953_Y2-RMU17483_AMP_C,13025,JED-NTH ABH AH306,15953 Y2 i_c_value(A),13025
15953,JED-NTH-ABN-29,15953_Y2-RMU17483_AMP_N,13026,JED-NTH ABH AH306,15953 Y2 i_n_value(A),13026
15953,,,,JED-NTH ABH AH306,15953 Y1 S(kVA),13057
15953,,,,JED-NTH ABH AH306,15953 Y1 P(kW),13058
15953,,,,JED-NTH ABH AH306,15953 Y1 Q(kVar),13059
15953,JED-NTH-ABN-29,15953_TR1-RMU15953_VOLT_A,13060,JED-NTH ABH AH306,15953 Q1 u_ab_value(kV),13060
15953,JED-NTH-ABN-29,15953_TR1-RMU15953_VOLT_B,13061,JED-NTH ABH AH306,15953 Q1 u_bc_value(kV),13061
15953,JED-NTH-ABN-29,15953_TR1-RMU15953_VOLT_C,13062,JED-NTH ABH AH306,15953 Q1 u_ca_value(kV),13062
15953,JED-NTH-ABN-29,15953_TR1-RMU15953_VOLT_N,13063,JED-NTH ABH AH306,15953 Q1 u_n_value(kV),13063
15953,JED-NTH-ABN-29,15953_TR1-RMU15953_KVA,13064,JED-NTH ABH AH306,15953 Q1 S(kVA),13064
15953,JED-NTH-ABN-29,15953_Y2-RMU17483_KVA,13064,,,
15953,JED-NTH-ABN-29,15953_TR1-RMU15953_KW,13065,JED-NTH ABH AH306,15953 Q1 P(kW),13065
15953,JED-NTH-ABN-29,15953_Y2-RMU17483_KW,13065,,,
15953,JED-NTH-ABN-29,15953_TR1-RMU15953_KVAR,13066,JED-NTH ABH AH306,15953 Q1 Q(kVar),13066
15953,JED-NTH-ABN-29,15953_Y2-RMU17483_KVAR,13066,,,
15953,JED-NTH-ABN-29,15953_TR1-RMU15953_PF,13067,JED-NTH ABH AH306,15953 Q1 Power factor,13067
15953,,,,JED-NTH ABH AH306,15953 Y2 S(kVA),13068
15953,,,,JED-NTH ABH AH306,15953 Y2 P(kW),13069
15953,,,,JED-NTH ABH AH306,15953 Y2 Q(kVar),13070
16151,JED-NTH-NAH-55,16151_Y1-RMU13314_CMD,1,JED-NTH ABH AH311,16151 Y1 CMD,1
16151,JED-NTH-NAH-55,16151_TR1-RMU16151_CMD,5,JED-NTH ABH AH311,16151 Q1 CMD,5
16151,JED-NTH-NAH-55,16151_Y2-RMU11433_CMD,9,JED-NTH ABH AH311,16151 Y2 CMD,9
16151,JED-NTH-NAH-55,16151_Y1-RMU13314_ST_LOCK,1000,JED-NTH ABH AH311,16151 Y1/Lock/Unlock indication value,1000
16151,JED-NTH-NAH-55,16151_Y1-RMU13314_ST_GND,1001,JED-NTH ABH AH311,16151 KY1 state,1001
16151,JED-NTH-NAH-55,16151_TR1-RMU16151_ST_LOCK,1002,JED-NTH ABH AH311,16151 Q1/Lock/Unlock indication value,1002
16151,JED-NTH-NAH-55,16151_TR1-RMU16151_ST_GND,1003,JED-NTH ABH AH311,16151 KQ1 state,1003
16151,JED-NTH-NAH-55,16151_Y2-RMU11433_ST_LOCK,1004,JED-NTH ABH AH311,16151 Y2/Lock/Unlock indication value,1004
16151,JED-NTH-NAH-55,16151_Y2-RMU11433_ST_GND,1005,JED-NTH ABH AH311,16151 KY2 state,1005
16151,JED-NTH-NAH-55,16151_BATT_LOW,1008,JED-NTH ABH AH311,16151 Battery low value,1008
16151,JED-NTH-NAH-55,16151_GAS_LOW,1009,JED-NTH ABH AH311,16151 Gas low value,1009
16151,JED-NTH-NAH-55,16151_AC_FAIL,1010,JED-NTH ABH AH311,16151 AC power fail value,1010
16151,JED-NTH-NAH-55,16151_DOOR_OPENED,1011,JED-NTH ABH AH311,16151 Door open value,1011
16151,JED-NTH-NAH-55,16151_DC_ST,1012,JED-NTH ABH AH311,16151 DC power fail value,1012
16151,JED-NTH-NAH-55,16151_MOTOR_CRT_FAIL,1013,JED-NTH ABH AH311,16151 Motor circuit fail value,1013
16151,JED-NTH-NAH-55,16151_RTU_FAIL,1277,JED-NTH ABH AH311,16151 RTU Self diagnostic value,1277
16151,JED-NTH-NAH-55,16151_EFI,1278,JED-NTH ABH AH311,16151 EFI (Fault indication) value,1278
16151,JED-NTH-NAH-55,16151_PROT_HEALTH,1279,JED-NTH ABH AH311,16151 Protection Health value,1279
16151,JED-NTH-NAH-55,16151_PROT_TRIP_EFI,1280,JED-NTH ABH AH311,16151 Protection Trip (Earth fault) value,1280
16151,JED-NTH-NAH-55,16151_PROT_TRIP_PH_FLT,1281,JED-NTH ABH AH311,16151 Protection Trip (Phase fault) value,1281
16151,JED-NTH-NAH-55,16151_Y1-RMU13314_ST,11000,JED-NTH ABH AH311,16151 Y1 state,11000
16151,JED-NTH-NAH-55,16151_TR1-RMU16151_ST,11001,JED-NTH ABH AH311,16151 Q1 state,11001
16151,JED-NTH-NAH-55,16151_Y2-RMU11433_ST,11002,JED-NTH ABH AH311,16151 Y2 state,11002
16151,JED-NTH-NAH-55,16151_LR,11004,JED-NTH ABH AH311,16151 Remote/Local value,11004
16151,JED-NTH-NAH-55,16151_Y1-RMU13314_AMP_A,13015,JED-NTH ABH AH311,16151 Y1 i_a_value(A),13015
16151,JED-NTH-NAH-55,16151_Y1-RMU13314_AMP_B,13016,JED-NTH ABH AH311,16151 Y1 i_b_value(A),13016
16151,JED-NTH-NAH-55,16151_Y1-RMU13314_AMP_C,13017,JED-NTH ABH AH311,16151 Y1 i_c_value(A),13017
16151,JED-NTH-NAH-55,16151_Y1-RMU13314_AMP_N,13018,JED-NTH ABH AH311,16151 Y1 i_n_value(A),13018
16151,JED-NTH-NAH-55,16151_TR1-RMU16151_AMP_A,13019,JED-NTH ABH AH311,16151 Q1 i_a_value(A),13019
16151,JED-NTH-NAH-55,16151_TR1-RMU16151_AMP_B,13020,JED-NTH ABH AH311,16151 Q1 i_b_value(A),13020
16151,JED-NTH-NAH-55,16151_TR1-RMU16151_AMP_C,13021,JED-NTH ABH AH311,16151 Q1 i_c_value(A),13021
16151,JED-NTH-NAH-55,16151_TR1-RMU16151_AMP_N,13022,JED-NTH ABH AH311,16151 Q1 i_n_value(A),13022
16151,JED-NTH-NAH-55,16151_Y2-RMU11433_AMP_A,13023,JED-NTH ABH AH311,16151 Y2 i_a_value(A),13023
16151,JED-NTH-NAH-55,16151_Y2-RMU11433_AMP_B,13024,JED-NTH ABH AH311,16151 Y2 i_b_value(A),13024
16151,JED-NTH-NAH-55,16151_Y2-RMU11433_AMP_C,13025,JED-NTH ABH AH311,16151 Y2 i_c_value(A),13025
16151,JED-NTH-NAH-55,16151_Y2-RMU11433_AMP_N,13026,JED-NTH ABH AH311,16151 Y2 i_n_value(A),13026
16151,,,,JED-NTH ABH AH311,16151 Y1 S(kVA),13057
16151,,,,JED-NTH ABH AH311,16151 Y1 P(kW),13058
16151,,,,JED-NTH ABH AH311,16151 Y1 Q(kVar),13059
16151,JED-NTH-NAH-55,16151_TR1-RMU16151_VOLT_A,13060,JED-NTH ABH AH311,16151 Q1 u_ab_value(kV),13060
16151,JED-NTH-NAH-55,16151_TR1-RMU16151_VOLT_B,13061,JED-NTH ABH AH311,16151 Q1 u_bc_value(kV),13061
16151,JED-NTH-NAH-55,16151_TR1-RMU16151_VOLT_C,13062,JED-NTH ABH AH311,16151 Q1 u_ca_value(kV),13062
16151,JED-NTH-NAH-55,16151_TR1-RMU16151_VOLT_N,13063,JED-NTH ABH AH311,16151 Q1 u_n_value(kV),13063
16151,JED-NTH-NAH-55,16151_TR1-RMU16151_KVA,13064,JED-NTH ABH AH311,16151 Q1 S(kVA),13064
16151,JED-NTH-NAH-55,16151_Y1-RMU13314_KVA,13064,,,
16151,JED-NTH-NAH-55,16151_TR1-RMU16151_KW,13065,JED-NTH ABH AH311,16151 Q1 P(kW),13065
16151,JED-NTH-NAH-55,16151_Y1-RMU13314_KW,13065,,,
16151,JED-NTH-NAH-55,16151_TR1-RMU16151_KVAR,13066,JED-NTH ABH AH311,16151 Q1 Q(kVar),13066
16151,JED-NTH-NAH-55,16151_Y1-RMU13314_KVAR,13066,,,
16151,JED-NTH-NAH-55,16151_TR1-RMU16151_PF,13067,JED-NTH ABH AH311,16151 Q1 Power factor,13067
16151,,,,JED-NTH ABH AH311,16151 Y2 S(kVA),13068
16151,,,,JED-NTH ABH AH311,16151 Y2 P(kW),13069
16151,,,,JED-NTH ABH AH311,16151 Y2 Q(kVar),13070
16781,JED-NTH-DHN-40,16781_Y1-16782_CMD,1,JED-NTH ABH AH303,16781 Y1 CMD,1
16781,JED-NTH-DHN-40,16781_TR1_CMD,5,JED-NTH ABH AH303,16781 Q1 CMD,5
16781,JED-NTH-DHN-40,16781_Y2-29719_CMD,9,JED-NTH ABH AH303,16781 Y2 CMD,9
16781,JED-NTH-DHN-40,16781_Y1-16782_ST_LOCK,1000,JED-NTH ABH AH303,16781 Y1/Lock/Unlock indication value,1000
16781,JED-NTH-DHN-40,16781_Y1-16782_ST_GND,1001,JED-NTH ABH AH303,16781 KY1 state,1001
16781,JED-NTH-DHN-40,16781_TR1_ST_LOCK,1002,JED-NTH ABH AH303,16781 Q1/Lock/Unlock indication value,1002
16781,JED-NTH-DHN-40,16781_TR1_ST_GND,1003,JED-NTH ABH AH303,16781 KQ1 state,1003
16781,JED-NTH-DHN-40,16781_Y2-29719_ST_LOCK,1004,JED-NTH ABH AH303,16781 Y2/Lock/Unlock indication value,1004
16781,JED-NTH-DHN-40,16781_Y2-29719_ST_GND,1005,JED-NTH ABH AH303,16781 KY2 state,1005
16781,JED-NTH-DHN-40,16781_BATT_LOW,1008,JED-NTH ABH AH303,16781 Battery low value,1008
16781,JED-NTH-DHN-40,16781_GAS_LOW,1009,JED-NTH ABH AH303,16781 Gas low value,1009
16781,JED-NTH-DHN-40,16781_AC_FAIL,1010,JED-NTH ABH AH303,16781 AC power fail value,1010
16781,JED-NTH-DHN-40,16781_DOOR_OPENED,1011,JED-NTH ABH AH303,16781 Door open value,1011
16781,JED-NTH-DHN-40,16781_DC_ST,1012,JED-NTH ABH AH303,16781 DC power fail value,1012
16781,JED-NTH-DHN-40,16781_MOTOR_CRT_FAIL,1013,JED-NTH ABH AH303,16781 Motor circuit fail value,1013
16781,JED-NTH-DHN-40,16781_RTU_FAIL,1277,JED-NTH ABH AH303,16781 RTU Self diagnostic value,1277
16781,JED-NTH-DHN-40,16781_EFI,1278,JED-NTH ABH AH303,16781 EFI (Fault indication) value,1278
16781,JED-NTH-DHN-40,16781_PROT_HEALTH,1279,JED-NTH ABH AH303,16781 Protection Health value,1279
16781,JED-NTH-DHN-40,16781_PROT_TRIP_EFI,1280,JED-NTH ABH AH303,16781 Protection Trip (Earth fault) value,1280
16781,JED-NTH-DHN-40,16781_PROT_TRIP_PH_FLT,1281,JED-NTH ABH AH303,16781 Protection Trip (Phase fault) value,1281
16781,JED-NTH-DHN-40,16781_Y1-16782_ST,11000,JED-NTH ABH AH303,16781 Y1 state,11000
16781,JED-NTH-DHN-40,16781_TR1_ST,11001,JED-NTH ABH AH303,16781 Q1 state,11001
16781,JED-NTH-DHN-40,16781_Y2-29719_ST,11002,JED-NTH ABH AH303,16781 Y2 state,11002
16781,JED-NTH-DHN-40,16781_LR,11004,JED-NTH ABH AH303,16781 Remote/Local value,11004
16781,JED-NTH-DHN-40,16781_Y1-16782_AMP_A,13015,JED-NTH ABH AH303,16781 Y1 i_a_value(A),13015
16781,JED-NTH-DHN-40,16781_Y1-16782_AMP_B,13016,JED-NTH ABH AH303,16781 Y1 i_b_value(A),13016
16781,JED-NTH-DHN-40,16781_Y1-16782_AMP_C,13017,JED-NTH ABH AH303,16781 Y1 i_c_value(A),13017
16781,JED-NTH-DHN-40,16781_Y1-16782_AMP_N,13018,JED-NTH ABH AH303,16781 Y1 i_n_value(A),13018
16781,JED-NTH-DHN-40,16781_TR1_AMP_A,13019,JED-NTH ABH AH303,16781 Q1 i_a_value(A),13019
16781,JED-NTH-DHN-40,16781_TR1_AMP_B,13020,JED-NTH ABH AH303,16781 Q1 i_b_value(A),13020
16781,JED-NTH-DHN-40,16781_TR1_AMP_C,13021,JED-NTH ABH AH303,16781 Q1 i_c_value(A),13021
16781,JED-NTH-DHN-40,16781_TR1_AMP_N,13022,JED-NTH ABH AH303,16781 Q1 i_n_value(A),13022
16781,JED-NTH-DHN-40,16781_Y2-29719_AMP_A,13023,JED-NTH ABH AH303,16781 Y2 i_a_value(A),13023
16781,JED-NTH-DHN-40,16781_Y2-29719_AMP_B,13024,JED-NTH ABH AH303,16781 Y2 i_b_value(A),13024
16781,JED-NTH-DHN-40,16781_Y2-29719_AMP_C,13025,JED-NTH ABH AH303,16781 Y2 i_c_value(A),13025
16781,JED-NTH-DHN-40,16781_Y2-29719_AMP_N,13026,JED-NTH ABH AH303,16781 Y2 i_n_value(A),13026
16781,JED-NTH-DHN-40,16781_Y1-16782_KVA,13057,JED-NTH ABH AH303,16781 Y1 S(kVA),13057
16781,JED-NTH-DHN-40,16781_Y1-16782_KVAR,13057,,,
16781,JED-NTH-DHN-40,16781_Y1-16782_KW,13058,JED-NTH ABH AH303,16781 Y1 P(kW),13058
16781,,,,JED-NTH ABH AH303,16781 Y1 Q(kVar),13059
16781,JED-NTH-DHN-40,16781_TR1_VOLT_A,13060,JED-NTH ABH AH303,16781 Q1 u_ab_value(kV),13060
16781,JED-NTH-DHN-40,16781_TR1_VOLT_B,13061,JED-NTH ABH AH303,16781 Q1 u_bc_value(kV),13061
16781,JED-NTH-DHN-40,16781_TR1_VOLT_C,13062,JED-NTH ABH AH303,16781 Q1 u_ca_value(kV),13062
16781,JED-NTH-DHN-40,16781_TR1_VN,13063,JED-NTH ABH AH303,16781 Q1 u_n_value(kV),13063
16781,JED-NTH-DHN-40,16781_TR1_VOLT_N,13063,,,
16781,,,,JED-NTH ABH AH303,16781 Q1 S(kVA),13064
16781,JED-NTH-DHN-40,16781_TR1_KW,13065,JED-NTH ABH AH303,16781 Q1 P(kW),13065
16781,JED-NTH-DHN-40,16781_TR1_KVA,13066,JED-NTH ABH AH303,16781 Q1 Q(kVar),13066
16781,JED-NTH-DHN-40,16781_TR1_KVAR,13066,,,
16781,JED-NTH-DHN-40,16781_TR1_PF,13067,JED-NTH ABH AH303,16781 Q1 Power factor,13067
16781,JED-NTH-DHN-40,16781_Y2-29719_KVA,13068,JED-NTH ABH AH303,16781 Y2 S(kVA),13068
16781,JED-NTH-DHN-40,16781_Y2-29719_KVAR,13068,,,
16781,JED-NTH-DHN-40,16781_Y2-29719_KW,13069,JED-NTH ABH AH303,16781 Y2 P(kW),13069
16781,,,,JED-NTH ABH AH303,16781 Y2 Q(kVar),13070
16934,JED-NTH-ABN-29,16934_Y1-8723_CMD,1,JED-NTH ABH AH306,16934 Y1 CMD,1
16934,JED-NTH-ABN-29,16934_TR1_CMD,5,JED-NTH ABH AH306,16934 Q1 CMD,5
16934,JED-NTH-ABN-29,16934_Y2-22333_CMD,9,JED-NTH ABH AH306,16934 Y2 CMD,9
16934,JED-NTH-ABN-29,16934_Y1-8723_ST_LOCK,1000,JED-NTH ABH AH306,16934 Y1/Lock/Unlock indication value,1000
16934,JED-NTH-ABN-29,16934_Y1-8723_ST_GND,1001,JED-NTH ABH AH306,16934 KY1 state,1001
16934,JED-NTH-ABN-29,16934_TR1_ST_LOCK,1002,JED-NTH ABH AH306,16934 Q1/Lock/Unlock indication value,1002
16934,JED-NTH-ABN-29,16934_TR1_ST_GND,1003,JED-NTH ABH AH306,16934 KQ1 state,1003
16934,JED-NTH-ABN-29,16934_Y2-22333_ST_LOCK,1004,JED-NTH ABH AH306,16934 Y2/Lock/Unlock indication value,1004
16934,JED-NTH-ABN-29,16934_Y2-22333_ST_GND,1005,JED-NTH ABH AH306,16934 KY2 state,1005
16934,JED-NTH-ABN-29,16934_BATT_LOW,1008,JED-NTH ABH AH306,16934 Battery low value,1008
16934,JED-NTH-ABN-29,16934_GAS_LOW,1009,JED-NTH ABH AH306,16934 Gas low value,1009
16934,JED-NTH-ABN-29,16934_AC_FAIL,1010,JED-NTH ABH AH306,16934 AC power fail value,1010
16934,JED-NTH-ABN-29,16934_DOOR_OPENED,1011,JED-NTH ABH AH306,16934 Door open value,1011
16934,JED-NTH-ABN-29,16934_DC_ST,1012,JED-NTH ABH AH306,16934 DC power fail value,1012
16934,JED-NTH-ABN-29,16934_MOTOR_CRT_FAIL,1013,JED-NTH ABH AH306,16934 Motor circuit fail value,1013
16934,JED-NTH-ABN-29,16934_RTU_FAIL,1277,JED-NTH ABH AH306,16934 RTU Self diagnostic value,1277
16934,JED-NTH-ABN-29,16934_EFI,1278,JED-NTH ABH AH306,16934 EFI (Fault indication) value,1278
16934,JED-NTH-ABN-29,16934_PROT_HEALTH,1279,JED-NTH ABH AH306,16934 Protection Health value,1279
16934,JED-NTH-ABN-29,16934_PROT_TRIP_EFI,1280,JED-NTH ABH AH306,16934 Protection Trip (Earth fault) value,1280
16934,JED-NTH-ABN-29,16934_PROT_TRIP_PH_FLT,1281,JED-NTH ABH AH306,16934 Protection Trip (Phase fault) value,1281
16934,JED-NTH-ABN-29,16934_Y1-8723_ST,11000,JED-NTH ABH AH306,16934 Y1 state,11000
16934,JED-NTH-ABN-29,16934_TR1_ST,11001,JED-NTH ABH AH306,16934 Q1 state,11001
16934,JED-NTH-ABN-29,16934_Y2-22333_ST,11002,JED-NTH ABH AH306,16934 Y2 state,11002
16934,JED-NTH-ABN-29,16934_LR,11004,JED-NTH ABH AH306,16934 Remote/Local value,11004
16934,JED-NTH-ABN-29,16934_Y1-8723_AMP_A,13015,JED-NTH ABH AH306,16934 Y1 i_a_value(A),13015
16934,JED-NTH-ABN-29,16934_Y1-8723_AMP_B,13016,JED-NTH ABH AH306,16934 Y1 i_b_value(A),13016
16934,JED-NTH-ABN-29,16934_Y1-8723_AMP_C,13017,JED-NTH ABH AH306,16934 Y1 i_c_value(A),13017
16934,JED-NTH-ABN-29,16934_Y1-8723_AMP_N,13018,JED-NTH ABH AH306,16934 Y1 i_n_value(A),13018
16934,JED-NTH-ABN-29,16934_TR1_AMP_A,13019,JED-NTH ABH AH306,16934 Q1 i_a_value(A),13019
16934,JED-NTH-ABN-29,16934_TR1_AMP_B,13020,JED-NTH ABH AH306,16934 Q1 i_b_value(A),13020
16934,JED-NTH-ABN-29,16934_TR1_AMP_C,13021,JED-NTH ABH AH306,16934 Q1 i_c_value(A),13021
16934,JED-NTH-ABN-29,16934_TR1_AMP_N,13022,JED-NTH ABH AH306,16934 Q1 i_n_value(A),13022
16934,JED-NTH-ABN-29,16934_Y2-22333_AMP_A,13023,JED-NTH ABH AH306,16934 Y2 i_a_value(A),13023
16934,JED-NTH-ABN-29,16934_Y2-22333_AMP_B,13024,JED-NTH ABH AH306,16934 Y2 i_b_value(A),13024
16934,JED-NTH-ABN-29,16934_Y2-22333_AMP_C,13025,JED-NTH ABH AH306,16934 Y2 i_c_value(A),13025
16934,JED-NTH-ABN-29,16934_Y2-22333_AMP_N,13026,JED-NTH ABH AH306,16934 Y2 i_n_value(A),13026
16934,JED-NTH-ABN-29,16934_Y1-8723_KVA,13057,JED-NTH ABH AH306,16934 Y1 S(kVA),13057
16934,JED-NTH-ABN-29,16934_Y1-8723_KVAR,13057,,,
16934,JED-NTH-ABN-29,16934_Y1-8723_KW,13058,JED-NTH ABH AH306,16934 Y1 P(kW),13058
16934,,,,JED-NTH ABH AH306,16934 Y1 Q(kVar),13059
16934,JED-NTH-ABN-29,16934_TR1_VOLT_A,13060,JED-NTH ABH AH306,16934 Q1 u_ab_value(kV),13060
16934,JED-NTH-ABN-29,16934_TR1_VOLT_B,13061,JED-NTH ABH AH306,16934 Q1 u_bc_value(kV),13061
16934,JED-NTH-ABN-29,16934_TR1_VOLT_C,13062,JED-NTH ABH AH306,16934 Q1 u_ca_value(kV),13062
16934,JED-NTH-ABN-29,16934_TR1_VN,13063,JED-NTH ABH AH306,16934 Q1 u_n_value(kV),13063
16934,JED-NTH-ABN-29,16934_TR1_VOLT_N,13063,,,
16934,,,,JED-NTH ABH AH306,16934 Q1 S(kVA),13064
16934,JED-NTH-ABN-29,16934_TR1_KW,13065,JED-NTH ABH AH306,16934 Q1 P(kW),13065
16934,JED-NTH-ABN-29,16934_TR1_KVA,13066,JED-NTH ABH AH306,16934 Q1 Q(kVar),13066
16934,JED-NTH-ABN-29,16934_TR1_KVAR,13066,,,
16934,JED-NTH-ABN-29,16934_TR1_PF,13067,JED-NTH ABH AH306,16934 Q1 Power factor,13067
16934,JED-NTH-ABN-29,16934_Y2-22333_KVA,13068,JED-NTH ABH AH306,16934 Y2 S(kVA),13068
16934,JED-NTH-ABN-29,16934_Y2-22333_KVAR,13068,,,
16934,JED-NTH-ABN-29,16934_Y2-22333_KW,13069,JED-NTH ABH AH306,16934 Y2 P(kW),13069
16934,,,,JED-NTH ABH AH306,16934 Y2 Q(kVar),13070
17223,JED-NTH-HHR2-48A,17223_Y1-RMU25185_CMD,1,JED-NTH ABH AH315,17223 Y1 CMD,1
17223,JED-NTH-HHR2-48A,17223_TR1-RMU17223_CMD,5,JED-NTH ABH AH315,17223 Q1 CMD,5
17223,JED-NTH-HHR2-48A,17223_Y2-RMU24898_CMD,9,JED-NTH ABH AH315,17223 Y2 CMD,9
17223,JED-NTH-HHR2-48A,17223_Y1-RMU25185_ST_LOCK,1000,JED-NTH ABH AH315,17223 Y1/Lock/Unlock indication value,1000
17223,JED-NTH-HHR2-48A,17223_Y1-RMU25185_ST_GND,1001,JED-NTH ABH AH315,17223 KY1 state,1001
17223,JED-NTH-HHR2-48A,17223_TR1-RMU17223_ST_LOCK,1002,JED-NTH ABH AH315,17223 Q1/Lock/Unlock indication value,1002
17223,JED-NTH-HHR2-48A,17223_TR1-RMU17223_ST_GND,1003,JED-NTH ABH AH315,17223 KQ1 state,1003
17223,JED-NTH-HHR2-48A,17223_Y2-RMU24898_ST_LOCK,1004,JED-NTH ABH AH315,17223 Y2/Lock/Unlock indication value,1004
17223,JED-NTH-HHR2-48A,17223_Y2-RMU24898_ST_GND,1005,JED-NTH ABH AH315,17223 KY2 state,1005
17223,JED-NTH-HHR2-48A,17223_BATT_LOW,1008,JED-NTH ABH AH315,17223 Battery low value,1008
17223,JED-NTH-HHR2-48A,17223_GAS_LOW,1009,JED-NTH ABH AH315,17223 Gas low value,1009
17223,JED-NTH-HHR2-48A,17223_AC_FAIL,1010,JED-NTH ABH AH315,17223 AC power fail value,1010
17223,JED-NTH-HHR2-48A,17223_DOOR_OPENED,1011,JED-NTH ABH AH315,17223 Door open value,1011
17223,JED-NTH-HHR2-48A,17223_DC_ST,1012,JED-NTH ABH AH315,17223 DC power fail value,1012
17223,JED-NTH-HHR2-48A,17223_MOTOR_CRT_FAIL,1013,JED-NTH ABH AH315,17223 Motor circuit fail value,1013
17223,JED-NTH-HHR2-48A,17223_RTU_FAIL,1277,JED-NTH ABH AH315,17223 RTU Self diagnostic value,1277
17223,JED-NTH-HHR2-48A,17223_EFI,1278,JED-NTH ABH AH315,17223 EFI (Fault indication) value,1278
17223,JED-NTH-HHR2-48A,17223_PROT_HEALTH,1279,JED-NTH ABH AH315,17223 Protection Health value,1279
17223,JED-NTH-HHR2-48A,17223_PROT_TRIP_EFI,1280,JED-NTH ABH AH315,17223 Protection Trip (Earth fault) value,1280
17223,JED-NTH-HHR2-48A,17223_PROT_TRIP_PH_FLT,1281,JED-NTH ABH AH315,17223 Protection Trip (Phase fault) value,1281
17223,JED-NTH-HHR2-48A,17223_Y1-RMU25185_ST,11000,JED-NTH ABH AH315,17223 Y1 state,11000
17223,JED-NTH-HHR2-48A,17223_TR1-RMU17223_ST,11001,JED-NTH ABH AH315,17223 Q1 state,11001
17223,JED-NTH-HHR2-48A,17223_Y2-RMU24898_ST,11002,JED-NTH ABH AH315,17223 Y2 state,11002
17223,JED-NTH-HHR2-48A,17223_LR,11004,JED-NTH ABH AH315,17223 Remote/Local value,11004
17223,JED-NTH-HHR2-48A,17223_Y1-RMU25185_AMP_A,13015,JED-NTH ABH AH315,17223 Y1 i_a_value(A),13015
17223,JED-NTH-HHR2-48A,17223_Y1-RMU25185_AMP_B,13016,JED-NTH ABH AH315,17223 Y1 i_b_value(A),13016
17223,JED-NTH-HHR2-48A,17223_Y1-RMU25185_AMP_C,13017,JED-NTH ABH AH315,17223 Y1 i_c_value(A),13017
17223,JED-NTH-HHR2-48A,17223_Y1-RMU25185_AMP_N,13018,JED-NTH ABH AH315,17223 Y1 i_n_value(A),13018
17223,JED-NTH-HHR2-48A,17223_TR1-RMU17223_AMP_A,13019,JED-NTH ABH AH315,17223 Q1 i_a_value(A),13019
17223,JED-NTH-HHR2-48A,17223_TR1-RMU17223_AMP_B,13020,JED-NTH ABH AH315,17223 Q1 i_b_value(A),13020
17223,JED-NTH-HHR2-48A,17223_TR1-RMU17223_AMP_C,13021,JED-NTH ABH AH315,17223 Q1 i_c_value(A),13021
17223,JED-NTH-HHR2-48A,17223_TR1-RMU17223_AMP_N,13022,JED-NTH ABH AH315,17223 Q1 i_n_value(A),13022
17223,JED-NTH-HHR2-48A,17223_Y2-RMU24898_AMP_A,13023,JED-NTH ABH AH315,17223 Y2 i_a_value(A),13023
17223,JED-NTH-HHR2-48A,17223_Y2-RMU24898_AMP_B,13024,JED-NTH ABH AH315,17223 Y2 i_b_value(A),13024
17223,JED-NTH-HHR2-48A,17223_Y2-RMU24898_AMP_C,13025,JED-NTH ABH AH315,17223 Y2 i_c_value(A),13025
17223,JED-NTH-HHR2-48A,17223_Y2-RMU24898_AMP_N,13026,JED-NTH ABH AH315,17223 Y2 i_n_value(A),13026
17223,,,,JED-NTH ABH AH315,17223 Y1 S(kVA),13057
17223,,,,JED-NTH ABH AH315,17223 Y1 P(kW),13058
17223,,,,JED-NTH ABH AH315,17223 Y1 Q(kVar),13059
17223,JED-NTH-HHR2-48A,17223_TR1-RMU17223_VOLT_A,13060,JED-NTH ABH AH315,17223 Q1 u_ab_value(kV),13060
17223,JED-NTH-HHR2-48A,17223_TR1-RMU17223_VOLT_B,13061,JED-NTH ABH AH315,17223 Q1 u_bc_value(kV),13061
17223,JED-NTH-HHR2-48A,17223_TR1-RMU17223_VOLT_C,13062,JED-NTH ABH AH315,17223 Q1 u_ca_value(kV),13062
17223,JED-NTH-HHR2-48A,17223_TR1-RMU17223_VOLT_N,13063,JED-NTH ABH AH315,17223 Q1 u_n_value(kV),13063
17223,JED-NTH-HHR2-48A,17223_TR1-RMU17223_KVA,13064,JED-NTH ABH AH315,17223 Q1 S(kVA),13064
17223,JED-NTH-HHR2-48A,17223_Y2-RMU24898_KVA,13064,,,
17223,JED-NTH-HHR2-48A,17223_TR1-RMU17223_KW,13065,JED-NTH ABH AH315,17223 Q1 P(kW),13065
17223,JED-NTH-HHR2-48A,17223_Y2-RMU24898_KW,13065,,,
17223,JED-NTH-HHR2-48A,17223_TR1-RMU17223_KVAR,13066,JED-NTH ABH AH315,17223 Q1 Q(kVar),13066
17223,JED-NTH-HHR2-48A,17223_Y2-RMU24898_KVAR,13066,,,
17223,JED-NTH-HHR2-48A,17223_TR1-RMU17223_PF,13067,JED-NTH ABH AH315,17223 Q1 Power factor,13067
17223,,,,JED-NTH ABH AH315,17223 Y2 S(kVA),13068
17223,,,,JED-NTH ABH AH315,17223 Y2 P(kW),13069
17223,,,,JED-NTH ABH AH315,17223 Y2 Q(kVar),13070
17228,JED-NTH-MDNAS-45,17228_Y1-RMU26557_CMD,1,JED-NTH ABH AH315,17228 Y1 CMD,1
17228,JED-NTH-MDNAS-45,17228_TR1-RMU17228_CMD,5,JED-NTH ABH AH315,17228 Q1 CMD,5
17228,JED-NTH-MDNAS-45,17228_Y2-RMU26570_CMD,9,JED-NTH ABH AH315,17228 Y2 CMD,9
17228,JED-NTH-MDNAS-45,17228_Y1-RMU26557_ST_LOCK,1000,JED-NTH ABH AH315,17228 Y1/Lock/Unlock indication value,1000
17228,JED-NTH-MDNAS-45,17228_Y1-RMU26557_ST_GND,1001,JED-NTH ABH AH315,17228 KY1 state,1001
17228,JED-NTH-MDNAS-45,17228_TR1-RMU17228_ST_LOCK,1002,JED-NTH ABH AH315,17228 Q1/Lock/Unlock indication value,1002
17228,JED-NTH-MDNAS-45,17228_TR1-RMU17228_ST_GND,1003,JED-NTH ABH AH315,17228 KQ1 state,1003
17228,JED-NTH-MDNAS-45,17228_Y2-RMU26570_ST_LOCK,1004,JED-NTH ABH AH315,17228 Y2/Lock/Unlock indication value,1004
17228,JED-NTH-MDNAS-45,17228_Y2-RMU26570_ST_GND,1005,JED-NTH ABH AH315,17228 KY2 state,1005
17228,JED-NTH-MDNAS-45,17228_BATT_LOW,1008,JED-NTH ABH AH315,17228 Battery low value,1008
17228,JED-NTH-MDNAS-45,17228_GAS_LOW,1009,JED-NTH ABH AH315,17228 Gas low value,1009
17228,JED-NTH-MDNAS-45,17228_AC_FAIL,1010,JED-NTH ABH AH315,17228 AC power fail value,1010
17228,JED-NTH-MDNAS-45,17228_DOOR_OPENED,1011,JED-NTH ABH AH315,17228 Door open value,1011
17228,JED-NTH-MDNAS-45,17228_DC_ST,1012,JED-NTH ABH AH315,17228 DC power fail value,1012
17228,JED-NTH-MDNAS-45,17228_MOTOR_CRT_FAIL,1013,JED-NTH ABH AH315,17228 Motor circuit fail value,1013
17228,JED-NTH-MDNAS-45,17228_RTU_FAIL,1277,JED-NTH ABH AH315,17228 RTU Self diagnostic value,1277
17228,JED-NTH-MDNAS-45,17228_EFI,1278,JED-NTH ABH AH315,17228 EFI (Fault indication) value,1278
17228,JED-NTH-MDNAS-45,17228_PROT_HEALTH,1279,JED-NTH ABH AH315,17228 Protection Health value,1279
17228,JED-NTH-MDNAS-45,17228_PROT_TRIP_EFI,1280,JED-NTH ABH AH315,17228 Protection Trip (Earth fault) value,1280
17228,JED-NTH-MDNAS-45,17228_PROT_TRIP_PH_FLT,1281,JED-NTH ABH AH315,17228 Protection Trip (Phase fault) value,1281
17228,JED-NTH-MDNAS-45,17228_Y1-RMU26557_ST,11000,JED-NTH ABH AH315,17228 Y1 state,11000
17228,JED-NTH-MDNAS-45,17228_TR1-RMU17228_ST,11001,JED-NTH ABH AH315,17228 Q1 state,11001
17228,JED-NTH-MDNAS-45,17228_Y2-RMU26570_ST,11002,JED-NTH ABH AH315,17228 Y2 state,11002
17228,JED-NTH-MDNAS-45,17228_LR,11004,JED-NTH ABH AH315,17228 Remote/Local value,11004
17228,JED-NTH-MDNAS-45,17228_Y1-RMU26557_AMP_A,13015,JED-NTH ABH AH315,17228 Y1 i_a_value(A),13015
17228,JED-NTH-MDNAS-45,17228_Y1-RMU26557_AMP_B,13016,JED-NTH ABH AH315,17228 Y1 i_b_value(A),13016
17228,JED-NTH-MDNAS-45,17228_Y1-RMU26557_AMP_C,13017,JED-NTH ABH AH315,17228 Y1 i_c_value(A),13017
17228,JED-NTH-MDNAS-45,17228_Y1-RMU26557_AMP_N,13018,JED-NTH ABH AH315,17228 Y1 i_n_value(A),13018
17228,JED-NTH-MDNAS-45,17228_TR1-RMU17228_AMP_A,13019,JED-NTH ABH AH315,17228 Q1 i_a_value(A),13019
17228,JED-NTH-MDNAS-45,17228_TR1-RMU17228_AMP_B,13020,JED-NTH ABH AH315,17228 Q1 i_b_value(A),13020
17228,JED-NTH-MDNAS-45,17228_TR1-RMU17228_AMP_C,13021,JED-NTH ABH AH315,17228 Q1 i_c_value(A),13021
17228,JED-NTH-MDNAS-45,17228_TR1-RMU17228_AMP_N,13022,JED-NTH ABH AH315,17228 Q1 i_n_value(A),13022
17228,JED-NTH-MDNAS-45,17228_Y2-RMU26570_AMP_A,13023,JED-NTH ABH AH315,17228 Y2 i_a_value(A),13023
17228,JED-NTH-MDNAS-45,17228_Y2-RMU26570_AMP_B,13024,JED-NTH ABH AH315,17228 Y2 i_b_value(A),13024
17228,JED-NTH-MDNAS-45,17228_Y2-RMU26570_AMP_C,13025,JED-NTH ABH AH315,17228 Y2 i_c_value(A),13025
17228,JED-NTH-MDNAS-45,17228_Y2-RMU26570_AMP_N,13026,JED-NTH ABH AH315,17228 Y2 i_n_value(A),13026
17228,,,,JED-NTH ABH AH315,17228 Y1 S(kVA),13057
17228,,,,JED-NTH ABH AH315,17228 Y1 P(kW),13058
17228,,,,JED-NTH ABH AH315,17228 Y1 Q(kVar),13059
17228,JED-NTH-MDNAS-45,17228_TR1-RMU17228_VOLT_A,13060,JED-NTH ABH AH315,17228 Q1 u_ab_value(kV),13060
17228,JED-NTH-MDNAS-45,17228_TR1-RMU17228_VOLT_B,13061,JED-NTH ABH AH315,17228 Q1 u_bc_value(kV),13061
17228,JED-NTH-MDNAS-45,17228_TR1-RMU17228_VOLT_C,13062,JED-NTH ABH AH315,17228 Q1 u_ca_value(kV),13062
17228,JED-NTH-MDNAS-45,17228_TR1-RMU17228_VOLT_N,13063,JED-NTH ABH AH315,17228 Q1 u_n_value(kV),13063
17228,JED-NTH-MDNAS-45,17228_TR1-RMU17228_KVA,13064,JED-NTH ABH AH315,17228 Q1 S(kVA),13064
17228,JED-NTH-MDNAS-45,17228_Y2-RMU26570_KVA,13064,,,
17228,JED-NTH-MDNAS-45,17228_TR1-RMU17228_KW,13065,JED-NTH ABH AH315,17228 Q1 P(kW),13065
17228,JED-NTH-MDNAS-45,17228_Y2-RMU26570_KW,13065,,,
17228,JED-NTH-MDNAS-45,17228_TR1-RMU17228_KVAR,13066,JED-NTH ABH AH315,17228 Q1 Q(kVar),13066
17228,JED-NTH-MDNAS-45,17228_Y2-RMU26570_KVAR,13066,,,
17228,JED-NTH-MDNAS-45,17228_TR1-RMU17228_PF,13067,JED-NTH ABH AH315,17228 Q1 Power factor,13067
17228,,,,JED-NTH ABH AH315,17228 Y2 S(kVA),13068
17228,,,,JED-NTH ABH AH315,17228 Y2 P(kW),13069
17228,,,,JED-NTH ABH AH315,17228 Y2 Q(kVar),13070
17230,JED-NTH-MDNAS-45,17230_Y1-RMU17231_CMD,1,JED-NTH ABH AH315,17230 Y1 CMD,1
17230,JED-NTH-MDNAS-45,17230_TR1-RMU17230_CMD,5,JED-NTH ABH AH315,17230 Q1 CMD,5
17230,JED-NTH-MDNAS-45,17230_Y2-RMU17229_CMD,9,JED-NTH ABH AH315,17230 Y2 CMD,9
17230,JED-NTH-MDNAS-45,17230_Y1-RMU17231_ST_LOCK,1000,JED-NTH ABH AH315,17230 Y1/Lock/Unlock indication value,1000
17230,JED-NTH-MDNAS-45,17230_Y1-RMU17231_ST_GND,1001,JED-NTH ABH AH315,17230 KY1 state,1001
17230,JED-NTH-MDNAS-45,17230_TR1-RMU17230_ST_LOCK,1002,JED-NTH ABH AH315,17230 Q1/Lock/Unlock indication value,1002
17230,JED-NTH-MDNAS-45,17230_TR1-RMU17230_ST_GND,1003,JED-NTH ABH AH315,17230 KQ1 state,1003
17230,JED-NTH-MDNAS-45,17230_Y2-RMU17229_ST_LOCK,1004,JED-NTH ABH AH315,17230 Y2/Lock/Unlock indication value,1004
17230,JED-NTH-MDNAS-45,17230_Y2-RMU17229_ST_GND,1005,JED-NTH ABH AH315,17230 KY2 state,1005
17230,JED-NTH-MDNAS-45,17230_BATT_LOW,1008,JED-NTH ABH AH315,17230 Battery low value,1008
17230,JED-NTH-MDNAS-45,17230_GAS_LOW,1009,JED-NTH ABH AH315,17230 Gas low value,1009
17230,JED-NTH-MDNAS-45,17230_AC_FAIL,1010,JED-NTH ABH AH315,17230 AC power fail value,1010
17230,JED-NTH-MDNAS-45,17230_DOOR_OPENED,1011,JED-NTH ABH AH315,17230 Door open value,1011
17230,JED-NTH-MDNAS-45,17230_DC_ST,1012,JED-NTH ABH AH315,17230 DC power fail value,1012
17230,JED-NTH-MDNAS-45,17230_MOTOR_CRT_FAIL,1013,JED-NTH ABH AH315,17230 Motor circuit fail value,1013
17230,JED-NTH-MDNAS-45,17230_RTU_FAIL,1277,JED-NTH ABH AH315,17230 RTU Self diagnostic value,1277
17230,JED-NTH-MDNAS-45,17230_EFI,1278,JED-NTH ABH AH315,17230 EFI (Fault indication) value,1278
17230,JED-NTH-MDNAS-45,17230_PROT_HEALTH,1279,JED-NTH ABH AH315,17230 Protection Health value,1279
17230,JED-NTH-MDNAS-45,17230_PROT_TRIP_EFI,1280,JED-NTH ABH AH315,17230 Protection Trip (Earth fault) value,1280
17230,JED-NTH-MDNAS-45,17230_PROT_TRIP_PH_FLT,1281,JED-NTH ABH AH315,17230 Protection Trip (Phase fault) value,1281
17230,JED-NTH-MDNAS-45,17230_Y1-RMU17231_ST,11000,JED-NTH ABH AH315,17230 Y1 state,11000
17230,JED-NTH-MDNAS-45,17230_TR1-RMU17230_ST,11001,JED-NTH ABH AH315,17230 Q1 state,11001
17230,JED-NTH-MDNAS-45,17230_Y2-RMU17229_ST,11002,JED-NTH ABH AH315,17230 Y2 state,11002
17230,JED-NTH-MDNAS-45,17230_LR,11004,JED-NTH ABH AH315,17230 Remote/Local value,11004
17230,JED-NTH-MDNAS-45,17230_Y1-RMU17231_AMP_A,13015,JED-NTH ABH AH315,17230 Y1 i_a_value(A),13015
17230,JED-NTH-MDNAS-45,17230_Y1-RMU17231_AMP_B,13016,JED-NTH ABH AH315,17230 Y1 i_b_value(A),13016
17230,JED-NTH-MDNAS-45,17230_Y1-RMU17231_AMP_C,13017,JED-NTH ABH AH315,17230 Y1 i_c_value(A),13017
17230,JED-NTH-MDNAS-45,17230_Y1-RMU17231_AMP_N,13018,JED-NTH ABH AH315,17230 Y1 i_n_value(A),13018
17230,JED-NTH-MDNAS-45,17230_TR1-RMU17230_AMP_A,13019,JED-NTH ABH AH315,17230 Q1 i_a_value(A),13019
17230,JED-NTH-MDNAS-45,17230_TR1-RMU17230_AMP_B,13020,JED-NTH ABH AH315,17230 Q1 i_b_value(A),13020
17230,JED-NTH-MDNAS-45,17230_TR1-RMU17230_AMP_C,13021,JED-NTH ABH AH315,17230 Q1 i_c_value(A),13021
17230,JED-NTH-MDNAS-45,17230_TR1-RMU17230_AMP_N,13022,JED-NTH ABH AH315,17230 Q1 i_n_value(A),13022
17230,JED-NTH-MDNAS-45,17230_Y2-RMU17229_AMP_A,13023,JED-NTH ABH AH315,17230 Y2 i_a_value(A),13023
17230,JED-NTH-MDNAS-45,17230_Y2-RMU17229_AMP_B,13024,JED-NTH ABH AH315,17230 Y2 i_b_value(A),13024
17230,JED-NTH-MDNAS-45,17230_Y2-RMU17229_AMP_C,13025,JED-NTH ABH AH315,17230 Y2 i_c_value(A),13025
17230,JED-NTH-MDNAS-45,17230_Y2-RMU17229_AMP_N,13026,JED-NTH ABH AH315,17230 Y2 i_n_value(A),13026
17230,,,,JED-NTH ABH AH315,17230 Y1 S(kVA),13057
17230,,,,JED-NTH ABH AH315,17230 Y1 P(kW),13058
17230,,,,JED-NTH ABH AH315,17230 Y1 Q(kVar),13059
17230,JED-NTH-MDNAS-45,17230_TR1-RMU17230_VOLT_A,13060,JED-NTH ABH AH315,17230 Q1 u_ab_value(kV),13060
17230,JED-NTH-MDNAS-45,17230_TR1-RMU17230_VOLT_B,13061,JED-NTH ABH AH315,17230 Q1 u_bc_value(kV),13061
17230,JED-NTH-MDNAS-45,17230_TR1-RMU17230_VOLT_C,13062,JED-NTH ABH AH315,17230 Q1 u_ca_value(kV),13062
17230,JED-NTH-MDNAS-45,17230_TR1-RMU17230_VOLT_N,13063,JED-NTH ABH AH315,17230 Q1 u_n_value(kV),13063
17230,JED-NTH-MDNAS-45,17230_TR1-RMU17230_KVA,13064,JED-NTH ABH AH315,17230 Q1 S(kVA),13064
17230,JED-NTH-MDNAS-45,17230_Y2-RMU17229_KVA,13064,,,
17230,JED-NTH-MDNAS-45,17230_TR1-RMU17230_KW,13065,JED-NTH ABH AH315,17230 Q1 P(kW),13065
17230,JED-NTH-MDNAS-45,17230_Y2-RMU17229_KW,13065,,,
17230,JED-NTH-MDNAS-45,17230_TR1-RMU17230_KVAR,13066,JED-NTH ABH AH315,17230 Q1 Q(kVar),13066
17230,JED-NTH-MDNAS-45,17230_Y2-RMU17229_KVAR,13066,,,
17230,JED-NTH-MDNAS-45,17230_TR1-RMU17230_PF,13067,JED-NTH ABH AH315,17230 Q1 Power factor,13067
17230,,,,JED-NTH ABH AH315,17230 Y2 S(kVA),13068
17230,,,,JED-NTH ABH AH315,17230 Y2 P(kW),13069
17230,,,,JED-NTH ABH AH315,17230 Y2 Q(kVar),13070
17233,JED-NTH-MDNAS-45,17233_Y1-RMU17234_CMD,1,JED-NTH ABH AH315,17233 Y1 CMD,1
17233,JED-NTH-MDNAS-45,17233_TR1-RMU17233_CMD,5,JED-NTH ABH AH315,17233 Q1 CMD,5
17233,JED-NTH-MDNAS-45,17233_Y2-RMU17232_CMD,9,JED-NTH ABH AH315,17233 Y2 CMD,9
17233,JED-NTH-MDNAS-45,17233_Y1-RMU17234_ST_LOCK,1000,JED-NTH ABH AH315,17233 Y1/Lock/Unlock indication value,1000
17233,JED-NTH-MDNAS-45,17233_Y1-RMU17234_ST_GND,1001,JED-NTH ABH AH315,17233 KY1 state,1001
17233,JED-NTH-MDNAS-45,17233_TR1-RMU17233_ST_LOCK,1002,JED-NTH ABH AH315,17233 Q1/Lock/Unlock indication value,1002
17233,JED-NTH-MDNAS-45,17233_TR1-RMU17233_ST_GND,1003,JED-NTH ABH AH315,17233 KQ1 state,1003
17233,JED-NTH-MDNAS-45,17233_Y2-RMU17232_ST_LOCK,1004,JED-NTH ABH AH315,17233 Y2/Lock/Unlock indication value,1004
17233,JED-NTH-MDNAS-45,17233_Y2-RMU17232_ST_GND,1005,JED-NTH ABH AH315,17233 KY2 state,1005
17233,JED-NTH-MDNAS-45,17233_BATT_LOW,1008,JED-NTH ABH AH315,17233 Battery low value,1008
17233,JED-NTH-MDNAS-45,17233_GAS_LOW,1009,JED-NTH ABH AH315,17233 Gas low value,1009
17233,JED-NTH-MDNAS-45,17233_AC_FAIL,1010,JED-NTH ABH AH315,17233 AC power fail value,1010
17233,JED-NTH-MDNAS-45,17233_DOOR_OPENED,1011,JED-NTH ABH AH315,17233 Door open value,1011
17233,JED-NTH-MDNAS-45,17233_DC_ST,1012,JED-NTH ABH AH315,17233 DC power fail value,1012
17233,JED-NTH-MDNAS-45,17233_MOTOR_CRT_FAIL,1013,JED-NTH ABH AH315,17233 Motor circuit fail value,1013
17233,JED-NTH-MDNAS-45,17233_RTU_FAIL,1277,JED-NTH ABH AH315,17233 RTU Self diagnostic value,1277
17233,JED-NTH-MDNAS-45,17233_EFI,1278,JED-NTH ABH AH315,17233 EFI (Fault indication) value,1278
17233,JED-NTH-MDNAS-45,17233_PROT_HEALTH,1279,JED-NTH ABH AH315,17233 Protection Health value,1279
17233,JED-NTH-MDNAS-45,17233_PROT_TRIP_EFI,1280,JED-NTH ABH AH315,17233 Protection Trip (Earth fault) value,1280
17233,JED-NTH-MDNAS-45,17233_PROT_TRIP_PH_FLT,1281,JED-NTH ABH AH315,17233 Protection Trip (Phase fault) value,1281
17233,JED-NTH-MDNAS-45,17233_Y1-RMU17234_ST,11000,JED-NTH ABH AH315,17233 Y1 state,11000
17233,JED-NTH-MDNAS-45,17233_TR1-RMU17233_ST,11001,JED-NTH ABH AH315,17233 Q1 state,11001
17233,JED-NTH-MDNAS-45,17233_Y2-RMU17232_ST,11002,JED-NTH ABH AH315,17233 Y2 state,11002
17233,JED-NTH-MDNAS-45,17233_LR,11004,JED-NTH ABH AH315,17233 Remote/Local value,11004
17233,JED-NTH-MDNAS-45,17233_Y1-RMU17234_AMP_A,13015,JED-NTH ABH AH315,17233 Y1 i_a_value(A),13015
17233,JED-NTH-MDNAS-45,17233_Y1-RMU17234_AMP_B,13016,JED-NTH ABH AH315,17233 Y1 i_b_value(A),13016
17233,JED-NTH-MDNAS-45,17233_Y1-RMU17234_AMP_C,13017,JED-NTH ABH AH315,17233 Y1 i_c_value(A),13017
17233,JED-NTH-MDNAS-45,17233_Y1-RMU17234_AMP_N,13018,JED-NTH ABH AH315,17233 Y1 i_n_value(A),13018
17233,JED-NTH-MDNAS-45,17233_TR1-RMU17233_AMP_A,13019,JED-NTH ABH AH315,17233 Q1 i_a_value(A),13019
17233,JED-NTH-MDNAS-45,17233_TR1-RMU17233_AMP_B,13020,JED-NTH ABH AH315,17233 Q1 i_b_value(A),13020
17233,JED-NTH-MDNAS-45,17233_TR1-RMU17233_AMP_C,13021,JED-NTH ABH AH315,17233 Q1 i_c_value(A),13021
17233,JED-NTH-MDNAS-45,17233_TR1-RMU17233_AMP_N,13022,JED-NTH ABH AH315,17233 Q1 i_n_value(A),13022
17233,JED-NTH-MDNAS-45,17233_Y2-RMU17232_AMP_A,13023,JED-NTH ABH AH315,17233 Y2 i_a_value(A),13023
17233,JED-NTH-MDNAS-45,17233_Y2-RMU17232_AMP_B,13024,JED-NTH ABH AH315,17233 Y2 i_b_value(A),13024
17233,JED-NTH-MDNAS-45,17233_Y2-RMU17232_AMP_C,13025,JED-NTH ABH AH315,17233 Y2 i_c_value(A),13025
17233,JED-NTH-MDNAS-45,17233_Y2-RMU17232_AMP_N,13026,JED-NTH ABH AH315,17233 Y2 i_n_value(A),13026
17233,,,,JED-NTH ABH AH315,17233 Y1 S(kVA),13057
17233,,,,JED-NTH ABH AH315,17233 Y1 P(kW),13058
17233,,,,JED-NTH ABH AH315,17233 Y1 Q(kVar),13059
17233,JED-NTH-MDNAS-45,17233_TR1-RMU17233_VOLT_A,13060,JED-NTH ABH AH315,17233 Q1 u_ab_value(kV),13060
17233,JED-NTH-MDNAS-45,17233_TR1-RMU17233_VOLT_B,13061,JED-NTH ABH AH315,17233 Q1 u_bc_value(kV),13061
17233,JED-NTH-MDNAS-45,17233_TR1-RMU17233_VOLT_C,13062,JED-NTH ABH AH315,17233 Q1 u_ca_value(kV),13062
17233,JED-NTH-MDNAS-45,17233_TR1-RMU17233_VOLT_N,13063,JED-NTH ABH AH315,17233 Q1 u_n_value(kV),13063
17233,JED-NTH-MDNAS-45,17233_TR1-RMU17233_KVA,13064,JED-NTH ABH AH315,17233 Q1 S(kVA),13064
17233,JED-NTH-MDNAS-45,17233_Y2-RMU17232_KVA,13064,,,
17233,JED-NTH-MDNAS-45,17233_TR1-RMU17233_KW,13065,JED-NTH ABH AH315,17233 Q1 P(kW),13065
17233,JED-NTH-MDNAS-45,17233_Y2-RMU17232_KW,13065,,,
17233,JED-NTH-MDNAS-45,17233_TR1-RMU17233_KVAR,13066,JED-NTH ABH AH315,17233 Q1 Q(kVar),13066
17233,JED-NTH-MDNAS-45,17233_Y2-RMU17232_KVAR,13066,,,
17233,JED-NTH-MDNAS-45,17233_TR1-RMU17233_PF,13067,JED-NTH ABH AH315,17233 Q1 Power factor,13067
17233,,,,JED-NTH ABH AH315,17233 Y2 S(kVA),13068
17233,,,,JED-NTH ABH AH315,17233 Y2 P(kW),13069
17233,,,,JED-NTH ABH AH315,17233 Y2 Q(kVar),13070
17483,JED-NTH-ABN-29,17483_Y1-19020_CMD,1,JED-NTH ABH AH306,17483 Y1 CMD,1
17483,JED-NTH-ABN-29,17483_Y2-SPARE_CMD,5,JED-NTH ABH AH306,17483 Y2 CMD,5
17483,JED-NTH-ABN-29,17483_TR1_CMD,9,JED-NTH ABH AH306,17483 Q1 CMD,9
17483,JED-NTH-ABN-29,17483_Y3-15053_CMD,13,JED-NTH ABH AH306,17483 Y3 CMD,13
17483,JED-NTH-ABN-29,17483_Y1-19020_ST_LOCK,1000,JED-NTH ABH AH306,17483 Y1/Lock/Unlock indication value,1000
17483,JED-NTH-ABN-29,17483_Y1-19020_ST_GND,1001,JED-NTH ABH AH306,17483 KY1 state,1001
17483,JED-NTH-ABN-29,17483_Y2-SPARE_ST_LOCK,1002,JED-NTH ABH AH306,17483 Y2/Lock/Unlock indication value,1002
17483,JED-NTH-ABN-29,17483_Y2-SPARE_ST_GND,1003,JED-NTH ABH AH306,17483 KY2 state,1003
17483,JED-NTH-ABN-29,17483_TR1_ST_LOCK,1004,JED-NTH ABH AH306,17483 Q1/Lock/Unlock indication value,1004
17483,JED-NTH-ABN-29,17483_TR1_ST_GND,1005,JED-NTH ABH AH306,17483 KQ1 state,1005
17483,JED-NTH-ABN-29,17483_Y3-15053_ST_LOCK,1006,JED-NTH ABH AH306,17483 Y3/Lock/Unlock indication value,1006
17483,JED-NTH-ABN-29,17483_Y3-15053_ST_GND,1007,JED-NTH ABH AH306,17483 KY3 state,1007
17483,JED-NTH-ABN-29,17483_BATT_LOW,1008,JED-NTH ABH AH306,17483 Battery low value,1008
17483,JED-NTH-ABN-29,17483_GAS_LOW,1009,JED-NTH ABH AH306,17483 Gas low value,1009
17483,JED-NTH-ABN-29,17483_AC_FAIL,1010,JED-NTH ABH AH306,17483 AC power fail value,1010
17483,JED-NTH-ABN-29,17483_DOOR_OPENED,1011,JED-NTH ABH AH306,17483 Door open value,1011
17483,JED-NTH-ABN-29,17483_DC_ST,1012,JED-NTH ABH AH306,17483 DC power fail value,1012
17483,JED-NTH-ABN-29,17483_MOTOR_CRT_FAIL,1013,JED-NTH ABH AH306,17483 Motor circuit fail value,1013
17483,JED-NTH-ABN-29,17483_RTU_FAIL,1277,JED-NTH ABH AH306,17483 RTU Self diagnostic value,1277
17483,JED-NTH-ABN-29,17483_EFI,1278,JED-NTH ABH AH306,17483 EFI (Fault indication) value,1278
17483,JED-NTH-ABN-29,17483_PROT_HEALTH,1279,JED-NTH ABH AH306,17483 Protection Health value,1279
17483,JED-NTH-ABN-29,17483_PROT_TRIP_EFI,1280,JED-NTH ABH AH306,17483 Protection Trip (Earth fault) value,1280
17483,JED-NTH-ABN-29,17483_PROT_TRIP_PH_FLT,1281,JED-NTH ABH AH306,17483 Protection Trip (Phase fault) value,1281
17483,JED-NTH-ABN-29,17483_Y1-19020_ST,11000,JED-NTH ABH AH306,17483 Y1 state,11000
17483,JED-NTH-ABN-29,17483_Y2-SPARE_ST,11001,JED-NTH ABH AH306,17483 Y2 state,11001
17483,JED-NTH-ABN-29,17483_TR1_ST,11002,JED-NTH ABH AH306,17483 Q1 state,11002
17483,JED-NTH-ABN-29,17483_Y3-15053_ST,11003,JED-NTH ABH AH306,17483 Y3 state,11003
17483,JED-NTH-ABN-29,17483_LR,11004,JED-NTH ABH AH306,17483 Remote/Local value,11004
17483,JED-NTH-ABN-29,17483_Y1-19020_AMP_A,13015,JED-NTH ABH AH306,17483 Y1 i_a_value(A),13015
17483,JED-NTH-ABN-29,17483_Y1-19020_AMP_B,13016,JED-NTH ABH AH306,17483 Y1 i_b_value(A),13016
17483,JED-NTH-ABN-29,17483_Y1-19020_AMP_C,13017,JED-NTH ABH AH306,17483 Y1 i_c_value(A),13017
17483,JED-NTH-ABN-29,17483_Y1-19020_AMP_N,13018,JED-NTH ABH AH306,17483 Y1 i_n_value(A),13018
17483,JED-NTH-ABN-29,17483_Y2-SPARE_AMP_A,13019,JED-NTH ABH AH306,17483 Y2 i_a_value(A),13019
17483,JED-NTH-ABN-29,17483_Y2-SPARE_AMP_B,13020,JED-NTH ABH AH306,17483 Y2 i_b_value(A),13020
17483,JED-NTH-ABN-29,17483_Y2-SPARE_AMP_C,13021,JED-NTH ABH AH306,17483 Y2 i_c_value(A),13021
17483,JED-NTH-ABN-29,17483_Y2-SPARE_AMP_N,13022,JED-NTH ABH AH306,17483 Y2 i_n_value(A),13022
17483,JED-NTH-ABN-29,17483_TR1_AMP_A,13023,JED-NTH ABH AH306,17483 Q1 i_a_value(A),13023
17483,JED-NTH-ABN-29,17483_TR1_AMP_B,13024,JED-NTH ABH AH306,17483 Q1 i_b_value(A),13024
17483,JED-NTH-ABN-29,17483_TR1_AMP_C,13025,JED-NTH ABH AH306,17483 Q1 i_c_value(A),13025
17483,JED-NTH-ABN-29,17483_TR1_AMP_N,13026,JED-NTH ABH AH306,17483 Q1 i_n_value(A),13026
17483,JED-NTH-ABN-29,17483_Y3-15053_AMP_A,13027,JED-NTH ABH AH306,17483 Y3 i_a_value(A),13027
17483,JED-NTH-ABN-29,17483_Y3-15053_AMP_B,13028,JED-NTH ABH AH306,17483 Y3 i_b_value(A),13028
17483,JED-NTH-ABN-29,17483_Y3-15053_AMP_C,13029,JED-NTH ABH AH306,17483 Y3 i_c_value(A),13029
17483,JED-NTH-ABN-29,17483_Y3-15053_AMP_N,13030,JED-NTH ABH AH306,17483 Y3 i_n_value(A),13030
17483,JED-NTH-ABN-29,17483_Y1-19020_KVA,13057,JED-NTH ABH AH306,17483 Y1 S(kVA),13057
17483,JED-NTH-ABN-29,17483_Y1-19020_KW,13058,JED-NTH ABH AH306,17483 Y1 P(kW),13058
17483,JED-NTH-ABN-29,17483_Y1-19020_KVAR,13059,JED-NTH ABH AH306,17483 Y1 Q(kVar),13059
17483,JED-NTH-ABN-29,17483_Y2-SPARE_KVA,13060,JED-NTH ABH AH306,17483 Y2 S(kVA),13060
17483,JED-NTH-ABN-29,17483_Y2-SPARE_KW,13061,JED-NTH ABH AH306,17483 Y2 P(kW),13061
17483,JED-NTH-ABN-29,17483_Y2-SPARE_KVAR,13062,JED-NTH ABH AH306,17483 Y2 Q(kVar),13062
17483,JED-NTH-ABN-29,17483_TR1_VOLT_A,13063,JED-NTH ABH AH306,17483 Q1 u_ab_value(kV),13063
17483,JED-NTH-ABN-29,17483_TR1_VOLT_B,13064,JED-NTH ABH AH306,17483 Q1 u_bc_value(kV),13064
17483,JED-NTH-ABN-29,17483_TR1_VOLT_C,13065,JED-NTH ABH AH306,17483 Q1 u_ca_value(kV),13065
17483,JED-NTH-ABN-29,17483_TR1_VOLT_N,13066,JED-NTH ABH AH306,17483 Q1 u_n_value(kV),13066
17483,JED-NTH-ABN-29,17483_TR1_KVA,13067,JED-NTH ABH AH306,17483 Q1 S(kVA),13067
17483,JED-NTH-ABN-29,17483_TR1_KW,13068,JED-NTH ABH AH306,17483 Q1 P(kW),13068
17483,JED-NTH-ABN-29,17483_TR1_KVAR,13069,JED-NTH ABH AH306,17483 Q1 Q(kVar),13069
17483,JED-NTH-ABN-29,17483_TR1_PF,13070,JED-NTH ABH AH306,17483 Q1 Power factor,13070
17483,JED-NTH-ABN-29,17483_Y3-15053_KVA,13071,JED-NTH ABH AH306,17483 Y3 S(kVA),13071
17483,JED-NTH-ABN-29,17483_Y3-15053_KW,13072,JED-NTH ABH AH306,17483 Y3 P(kW),13072
17483,JED-NTH-ABN-29,17483_Y3-15053_KVAR,13073,JED-NTH ABH AH306,17483 Y3 Q(kVar),13073
18585,JED-NTH-HHR2-45,18585_Y1-RMU33862_CMD,1,JED-NTH ABH AH320,18585 Y1 CMD,1
18585,JED-NTH-HHR2-45,18585_Y2-RMU36644_CMD,5,JED-NTH ABH AH320,18585 Q1 CMD,5
18585,JED-NTH-HHR2-45,18585_TR1-RMU18585_CMD,9,JED-NTH ABH AH320,18585 Y2 CMD,9
18585,JED-NTH-HHR2-45,18585_Y3-RMU24521_CMD,13,,,
18585,JED-NTH-HHR2-45,18585_Y1-RMU33862_ST_LOCK,1000,JED-NTH ABH AH320,18585 Y1/Lock/Unlock indication value,1000
18585,JED-NTH-HHR2-45,18585_Y1-RMU33862_ST_GND,1001,JED-NTH ABH AH320,18585 KY1 state,1001
18585,JED-NTH-HHR2-45,18585_Y2-RMU36644_ST_LOCK,1002,JED-NTH ABH AH320,18585 Q1/Lock/Unlock indication value,1002
18585,JED-NTH-HHR2-45,18585_Y2-RMU36644_ST_GND,1003,JED-NTH ABH AH320,18585 KQ1 state,1003
18585,JED-NTH-HHR2-45,18585_TR1-RMU18585_ST_LOCK,1004,JED-NTH ABH AH320,18585 Y2/Lock/Unlock indication value,1004
18585,JED-NTH-HHR2-45,18585_TR1-RMU18585_ST_GND,1005,JED-NTH ABH AH320,18585 KY2 state,1005
18585,JED-NTH-HHR2-45,18585_Y3-RMU24521_ST_LOCK,1006,,,
18585,JED-NTH-HHR2-45,18585_Y3-RMU24521_ST_GND,1007,,,
18585,JED-NTH-HHR2-45,18585_BATT_LOW,1008,JED-NTH ABH AH320,18585 Battery low value,1008
18585,JED-NTH-HHR2-45,18585_GAS_LOW,1009,JED-NTH ABH AH320,18585 Gas low value,1009
18585,JED-NTH-HHR2-45,18585_AC_FAIL,1010,JED-NTH ABH AH320,18585 AC power fail value,1010
18585,JED-NTH-HHR2-45,18585_DOOR_OPENED,1011,JED-NTH ABH AH320,18585 Door open value,1011
18585,JED-NTH-HHR2-45,18585_DC_ST,1012,JED-NTH ABH AH320,18585 DC power fail value,1012
18585,JED-NTH-HHR2-45,18585_MOTOR_CRT_FAIL,1013,JED-NTH ABH AH320,18585 Motor circuit fail value,1013
18585,JED-NTH-HHR2-45,18585_RTU_FAIL,1277,JED-NTH ABH AH320,18585 RTU Self diagnostic value,1277
18585,JED-NTH-HHR2-45,18585_EFI,1278,JED-NTH ABH AH320,18585 EFI (Fault indication) value,1278
18585,JED-NTH-HHR2-45,18585_PROT_HEALTH,1279,JED-NTH ABH AH320,18585 Protection Health value,1279
18585,JED-NTH-HHR2-45,18585_PROT_TRIP_EFI,1280,JED-NTH ABH AH320,18585 Protection Trip (Earth fault) value,1280
18585,JED-NTH-HHR2-45,18585_PROT_TRIP_PH_FLT,1281,JED-NTH ABH AH320,18585 Protection Trip (Phase fault) value,1281
18585,JED-NTH-HHR2-45,18585_Y1-RMU33862_ST,11000,JED-NTH ABH AH320,18585 Y1 state,11000
18585,JED-NTH-HHR2-45,18585_Y2-RMU36644_ST,11001,JED-NTH ABH AH320,18585 Q1 state,11001
18585,JED-NTH-HHR2-45,18585_TR1-RMU18585_ST,11002,JED-NTH ABH AH320,18585 Y2 state,11002
18585,JED-NTH-HHR2-45,18585_Y3-RMU24521_ST,11003,,,
18585,JED-NTH-HHR2-45,18585_LR,11004,JED-NTH ABH AH320,18585 Remote/Local value,11004
18585,JED-NTH-HHR2-45,18585_Y1-RMU33862_AMP_A,13015,JED-NTH ABH AH320,18585 Y1 i_a_value(A),13015
18585,JED-NTH-HHR2-45,18585_Y1-RMU33862_AMP_B,13016,JED-NTH ABH AH320,18585 Y1 i_b_value(A),13016
18585,JED-NTH-HHR2-45,18585_Y1-RMU33862_AMP_C,13017,JED-NTH ABH AH320,18585 Y1 i_c_value(A),13017
18585,JED-NTH-HHR2-45,18585_Y1-RMU33862_AMP_N,13018,JED-NTH ABH AH320,18585 Y1 i_n_value(A),13018
18585,JED-NTH-HHR2-45,18585_Y2-RMU36644_AMP_A,13019,JED-NTH ABH AH320,18585 Q1 i_a_value(A),13019
18585,JED-NTH-HHR2-45,18585_Y2-RMU36644_AMP_B,13020,JED-NTH ABH AH320,18585 Q1 i_b_value(A),13020
18585,JED-NTH-HHR2-45,18585_Y2-RMU36644_AMP_C,13021,JED-NTH ABH AH320,18585 Q1 i_c_value(A),13021
18585,JED-NTH-HHR2-45,18585_Y2-RMU36644_AMP_N,13022,JED-NTH ABH AH320,18585 Q1 i_n_value(A),13022
18585,JED-NTH-HHR2-45,18585_TR1-RMU18585_AMP_A,13023,JED-NTH ABH AH320,18585 Y2 i_a_value(A),13023
18585,JED-NTH-HHR2-45,18585_TR1-RMU18585_AMP_B,13024,JED-NTH ABH AH320,18585 Y2 i_b_value(A),13024
18585,JED-NTH-HHR2-45,18585_TR1-RMU18585_AMP_C,13025,JED-NTH ABH AH320,18585 Y2 i_c_value(A),13025
18585,JED-NTH-HHR2-45,18585_TR1-RMU18585_AMP_N,13026,JED-NTH ABH AH320,18585 Y2 i_n_value(A),13026
18585,JED-NTH-HHR2-45,18585_Y3-RMU24521_AMP_A,13027,,,
18585,JED-NTH-HHR2-45,18585_Y3-RMU24521_AMP_B,13028,,,
18585,JED-NTH-HHR2-45,18585_Y3-RMU24521_AMP_C,13029,,,
18585,JED-NTH-HHR2-45,18585_Y3-RMU24521_AMP_N,13030,,,
18585,JED-NTH-HHR2-45,18585_Y1-RMU33862_KVA,13057,JED-NTH ABH AH320,18585 Y1 S(kVA),13057
18585,JED-NTH-HHR2-45,18585_Y1-RMU33862_KW,13058,JED-NTH ABH AH320,18585 Y1 P(kW),13058
18585,JED-NTH-HHR2-45,18585_Y1-RMU33862_KVAR,13059,JED-NTH ABH AH320,18585 Y1 Q(kVar),13059
18585,JED-NTH-HHR2-45,18585_Y2-RMU36644_KVA,13060,JED-NTH ABH AH320,18585 Q1 u_ab_value(kV),13060
18585,JED-NTH-HHR2-45,18585_Y2-RMU36644_KW,13061,JED-NTH ABH AH320,18585 Q1 u_bc_value(kV),13061
18585,JED-NTH-HHR2-45,18585_Y2-RMU36644_KVAR,13062,JED-NTH ABH AH320,18585 Q1 u_ca_value(kV),13062
18585,JED-NTH-HHR2-45,18585_TR1-RMU18585_VOLT_A,13063,JED-NTH ABH AH320,18585 Q1 u_n_value(kV),13063
18585,JED-NTH-HHR2-45,18585_TR1-RMU18585_VOLT_B,13064,JED-NTH ABH AH320,18585 Q1 S(kVA),13064
18585,JED-NTH-HHR2-45,18585_TR1-RMU18585_VOLT_C,13065,JED-NTH ABH AH320,18585 Q1 P(kW),13065
18585,JED-NTH-HHR2-45,18585_TR1-RMU18585_VOLT_N,13066,JED-NTH ABH AH320,18585 Q1 Q(kVar),13066
18585,JED-NTH-HHR2-45,18585_TR1-RMU18585_KVA,13067,JED-NTH ABH AH320,18585 Q1 Power factor,13067
18585,JED-NTH-HHR2-45,18585_TR1-RMU18585_KW,13068,JED-NTH ABH AH320,18585 Y2 S(kVA),13068
18585,JED-NTH-HHR2-45,18585_TR1-RMU18585_KVAR,13069,JED-NTH ABH AH320,18585 Y2 P(kW),13069
18585,JED-NTH-HHR2-45,18585_TR1-RMU18585_PF,13070,JED-NTH ABH AH320,18585 Y2 Q(kVar),13070
18585,JED-NTH-HHR2-45,18585_Y3-RMU24521_KVA,13071,,,
18585,JED-NTH-HHR2-45,18585_Y3-RMU24521_KW,13072,,,
18585,JED-NTH-HHR2-45,18585_Y3-RMU24521_KVAR,13073,,,
19670,JED-NTH-ABN-29,19670_Y1-RMU38222_CMD,1,JED-NTH ABH AH306,19670 Y1 CMD,1
19670,JED-NTH-ABN-29,19670_TR1-RMU19670_CMD,5,JED-NTH ABH AH306,19670 Q1 CMD,5
19670,JED-NTH-ABN-29,19670_Y2-RMU39967_CMD,9,JED-NTH ABH AH306,19670 Y2 CMD,9
19670,JED-NTH-ABN-29,19670_Y1-RMU38222_ST_LOCK,1000,JED-NTH ABH AH306,19670 Y1/Lock/Unlock indication value,1000
19670,JED-NTH-ABN-29,19670_Y1-RMU38222_ST_GND,1001,JED-NTH ABH AH306,19670 KY1 state,1001
19670,JED-NTH-ABN-29,19670_TR1-RMU19670_ST_LOCK,1002,JED-NTH ABH AH306,19670 Q1/Lock/Unlock indication value,1002
19670,JED-NTH-ABN-29,19670_TR1-RMU19670_ST_GND,1003,JED-NTH ABH AH306,19670 KQ1 state,1003
19670,JED-NTH-ABN-29,19670_Y2-RMU39967_ST_LOCK,1004,JED-NTH ABH AH306,19670 Y2/Lock/Unlock indication value,1004
19670,JED-NTH-ABN-29,19670_Y2-RMU39967_ST_GND,1005,JED-NTH ABH AH306,19670 KY2 state,1005
19670,JED-NTH-ABN-29,19670_BATT_LOW,1008,JED-NTH ABH AH306,19670 Battery low value,1008
19670,JED-NTH-ABN-29,19670_GAS_LOW,1009,JED-NTH ABH AH306,19670 Gas low value,1009
19670,JED-NTH-ABN-29,19670_AC_FAIL,1010,JED-NTH ABH AH306,19670 AC power fail value,1010
19670,JED-NTH-ABN-29,19670_DOOR_OPENED,1011,JED-NTH ABH AH306,19670 Door open value,1011
19670,JED-NTH-ABN-29,19670_DC_ST,1012,JED-NTH ABH AH306,19670 DC power fail value,1012
19670,JED-NTH-ABN-29,19670_MOTOR_CRT_FAIL,1013,JED-NTH ABH AH306,19670 Motor circuit fail value,1013
19670,JED-NTH-ABN-29,19670_RTU_FAIL,1277,JED-NTH ABH AH306,19670 RTU Self diagnostic value,1277
19670,JED-NTH-ABN-29,19670_EFI,1278,JED-NTH ABH AH306,19670 EFI (Fault indication) value,1278
19670,JED-NTH-ABN-29,19670_PROT_HEALTH,1279,JED-NTH ABH AH306,19670 Protection Health value,1279
19670,JED-NTH-ABN-29,19670_PROT_TRIP_EFI,1280,JED-NTH ABH AH306,19670 Protection Trip (Earth fault) value,1280
19670,JED-NTH-ABN-29,19670_PROT_TRIP_PH_FLT,1281,JED-NTH ABH AH306,19670 Protection Trip (Phase fault) value,1281
19670,JED-NTH-ABN-29,19670_Y1-RMU38222_ST,11000,JED-NTH ABH AH306,19670 Y1 state,11000
19670,JED-NTH-ABN-29,19670_TR1-RMU19670_ST,11001,JED-NTH ABH AH306,19670 Q1 state,11001
19670,JED-NTH-ABN-29,19670_Y2-RMU39967_ST,11002,JED-NTH ABH AH306,19670 Y2 state,11002
19670,JED-NTH-ABN-29,19670_LR,11004,JED-NTH ABH AH306,19670 Remote/Local value,11004
19670,JED-NTH-ABN-29,19670_Y1-RMU38222_AMP_A,13015,JED-NTH ABH AH306,19670 Y1 i_a_value(A),13015
19670,JED-NTH-ABN-29,19670_Y1-RMU38222_AMP_B,13016,JED-NTH ABH AH306,19670 Y1 i_b_value(A),13016
19670,JED-NTH-ABN-29,19670_Y1-RMU38222_AMP_C,13017,JED-NTH ABH AH306,19670 Y1 i_c_value(A),13017
19670,JED-NTH-ABN-29,19670_Y1-RMU38222_AMP_N,13018,JED-NTH ABH AH306,19670 Y1 i_n_value(A),13018
19670,JED-NTH-ABN-29,19670_TR1-RMU19670_AMP_A,13019,JED-NTH ABH AH306,19670 Q1 i_a_value(A),13019
19670,JED-NTH-ABN-29,19670_TR1-RMU19670_AMP_B,13020,JED-NTH ABH AH306,19670 Q1 i_b_value(A),13020
19670,JED-NTH-ABN-29,19670_TR1-RMU19670_AMP_C,13021,JED-NTH ABH AH306,19670 Q1 i_c_value(A),13021
19670,JED-NTH-ABN-29,19670_TR1-RMU19670_AMP_N,13022,JED-NTH ABH AH306,19670 Q1 i_n_value(A),13022
19670,JED-NTH-ABN-29,19670_Y2-RMU39967_AMP_A,13023,JED-NTH ABH AH306,19670 Y2 i_a_value(A),13023
19670,JED-NTH-ABN-29,19670_Y2-RMU39967_AMP_B,13024,JED-NTH ABH AH306,19670 Y2 i_b_value(A),13024
19670,JED-NTH-ABN-29,19670_Y2-RMU39967_AMP_C,13025,JED-NTH ABH AH306,19670 Y2 i_c_value(A),13025
19670,JED-NTH-ABN-29,19670_Y2-RMU39967_AMP_N,13026,JED-NTH ABH AH306,19670 Y2 i_n_value(A),13026
19670,,,,JED-NTH ABH AH306,19670 Y1 S(kVA),13057
19670,,,,JED-NTH ABH AH306,19670 Y1 P(kW),13058
19670,,,,JED-NTH ABH AH306,19670 Y1 Q(kVar),13059
19670,JED-NTH-ABN-29,19670_TR1-RMU19670_VOLT_A,13060,JED-NTH ABH AH306,19670 Q1 u_ab_value(kV),13060
19670,JED-NTH-ABN-29,19670_TR1-RMU19670_VOLT_B,13061,JED-NTH ABH AH306,19670 Q1 u_bc_value(kV),13061
19670,JED-NTH-ABN-29,19670_TR1-RMU19670_VOLT_C,13062,JED-NTH ABH AH306,19670 Q1 u_ca_value(kV),13062
19670,JED-NTH-ABN-29,19670_TR1-RMU19670_VOLT_N,13063,JED-NTH ABH AH306,19670 Q1 u_n_value(kV),13063
19670,JED-NTH-ABN-29,19670_TR1-RMU19670_KVA,13064,JED-NTH ABH AH306,19670 Q1 S(kVA),13064
19670,JED-NTH-ABN-29,19670_Y2-RMU39967_KVA,13064,,,
19670,JED-NTH-ABN-29,19670_TR1-RMU19670_KW,13065,JED-NTH ABH AH306,19670 Q1 P(kW),13065
19670,JED-NTH-ABN-29,19670_Y2-RMU39967_KW,13065,,,
19670,JED-NTH-ABN-29,19670_TR1-RMU19670_KVAR,13066,JED-NTH ABH AH306,19670 Q1 Q(kVar),13066
19670,JED-NTH-ABN-29,19670_Y2-RMU39967_KVAR,13066,,,
19670,JED-NTH-ABN-29,19670_TR1-RMU19670_PF,13067,JED-NTH ABH AH306,19670 Q1 Power factor,13067
19670,,,,JED-NTH ABH AH306,19670 Y2 S(kVA),13068
19670,,,,JED-NTH ABH AH306,19670 Y2 P(kW),13069
19670,,,,JED-NTH ABH AH306,19670 Y2 Q(kVar),13070
21198,JED-NTH-NAH-55,21198_Y1-23541_CMD,1,JED-NTH ABH AH311,21198 Y1 CMD,1
21198,JED-NTH-NAH-55,21198_Y2-32979_CMD,5,JED-NTH ABH AH311,21198 Y2 CMD,5
21198,JED-NTH-NAH-55,21198_TR1_CMD,9,JED-NTH ABH AH311,21198 Q1 CMD,9
21198,JED-NTH-NAH-55,21198_Y3-SPARE_CMD,13,JED-NTH ABH AH311,21198 Y3 CMD,13
21198,JED-NTH-NAH-55,21198_Y1-23541_ST_LOCK,1000,JED-NTH ABH AH311,21198 Y1/Lock/Unlock indication value,1000
21198,JED-NTH-NAH-55,21198_Y1-23541_ST_GND,1001,JED-NTH ABH AH311,21198 KY1 state,1001
21198,JED-NTH-NAH-55,21198_Y2-32979_ST_LOCK,1002,JED-NTH ABH AH311,21198 Y2/Lock/Unlock indication value,1002
21198,JED-NTH-NAH-55,21198_Y2-32979_ST_GND,1003,JED-NTH ABH AH311,21198 KY2 state,1003
21198,JED-NTH-NAH-55,21198_TR1_ST_LOCK,1004,JED-NTH ABH AH311,21198 Q1/Lock/Unlock indication value,1004
21198,JED-NTH-NAH-55,21198_TR1_ST_GND,1005,JED-NTH ABH AH311,21198 KQ1 state,1005
21198,JED-NTH-NAH-55,21198_Y3-SPARE_ST_LOCK,1006,JED-NTH ABH AH311,21198 Y3/Lock/Unlock indication value,1006
21198,JED-NTH-NAH-55,21198_Y3-SPARE_ST_GND,1007,JED-NTH ABH AH311,21198 KY3 state,1007
21198,JED-NTH-NAH-55,21198_BATT_LOW,1008,JED-NTH ABH AH311,21198 Battery low value,1008
21198,JED-NTH-NAH-55,21198_GAS_LOW,1009,JED-NTH ABH AH311,21198 Gas low value,1009
21198,JED-NTH-NAH-55,21198_AC_FAIL,1010,JED-NTH ABH AH311,21198 AC power fail value,1010
21198,JED-NTH-NAH-55,21198_DOOR_OPENED,1011,JED-NTH ABH AH311,21198 Door open value,1011
21198,JED-NTH-NAH-55,21198_DC_ST,1012,JED-NTH ABH AH311,21198 DC power fail value,1012
21198,JED-NTH-NAH-55,21198_MOTOR_CRT_FAIL,1013,JED-NTH ABH AH311,21198 Motor circuit fail value,1013
21198,JED-NTH-NAH-55,21198_RTU_FAIL,1277,JED-NTH ABH AH311,21198 RTU Self diagnostic value,1277
21198,JED-NTH-NAH-55,21198_EFI,1278,JED-NTH ABH AH311,21198 EFI (Fault indication) value,1278
21198,JED-NTH-NAH-55,21198_PROT_HEALTH,1279,JED-NTH ABH AH311,21198 Protection Health value,1279
21198,JED-NTH-NAH-55,21198_PROT_TRIP_EFI,1280,JED-NTH ABH AH311,21198 Protection Trip (Earth fault) value,1280
21198,JED-NTH-NAH-55,21198_PROT_TRIP_PH_FLT,1281,JED-NTH ABH AH311,21198 Protection Trip (Phase fault) value,1281
21198,JED-NTH-NAH-55,21198_Y1-23541_ST,11000,JED-NTH ABH AH311,21198 Y1 state,11000
21198,JED-NTH-NAH-55,21198_Y2-32979_ST,11001,JED-NTH ABH AH311,21198 Y2 state,11001
21198,JED-NTH-NAH-55,21198_TR1_ST,11002,JED-NTH ABH AH311,21198 Q1 state,11002
21198,JED-NTH-NAH-55,21198_Y3-SPARE_ST,11003,JED-NTH ABH AH311,21198 Y3 state,11003
21198,JED-NTH-NAH-55,21198_LR,11004,JED-NTH ABH AH311,21198 Remote/Local value,11004
21198,JED-NTH-NAH-55,21198_Y1-23541_AMP_A,13015,JED-NTH ABH AH311,21198 Y1 i_a_value(A),13015
21198,JED-NTH-NAH-55,21198_Y1-23541_AMP_B,13016,JED-NTH ABH AH311,21198 Y1 i_b_value(A),13016
21198,JED-NTH-NAH-55,21198_Y1-23541_AMP_C,13017,JED-NTH ABH AH311,21198 Y1 i_c_value(A),13017
21198,JED-NTH-NAH-55,21198_Y1-23541_AMP_N,13018,JED-NTH ABH AH311,21198 Y1 i_n_value(A),13018
21198,JED-NTH-NAH-55,21198_Y2-32979_AMP_A,13019,JED-NTH ABH AH311,21198 Y2 i_a_value(A),13019
21198,JED-NTH-NAH-55,21198_Y2-32979_AMP_B,13020,JED-NTH ABH AH311,21198 Y2 i_b_value(A),13020
21198,JED-NTH-NAH-55,21198_Y2-32979_AMP_C,13021,JED-NTH ABH AH311,21198 Y2 i_c_value(A),13021
21198,JED-NTH-NAH-55,21198_Y2-32979_AMP_N,13022,JED-NTH ABH AH311,21198 Y2 i_n_value(A),13022
21198,JED-NTH-NAH-55,21198_TR1_AMP_A,13023,JED-NTH ABH AH311,21198 Q1 i_a_value(A),13023
21198,JED-NTH-NAH-55,21198_TR1_AMP_B,13024,JED-NTH ABH AH311,21198 Q1 i_b_value(A),13024
21198,JED-NTH-NAH-55,21198_TR1_AMP_C,13025,JED-NTH ABH AH311,21198 Q1 i_c_value(A),13025
21198,JED-NTH-NAH-55,21198_TR1_AMP_N,13026,JED-NTH ABH AH311,21198 Q1 i_n_value(A),13026
21198,JED-NTH-NAH-55,21198_Y3-SPARE_AMP_A,13027,JED-NTH ABH AH311,21198 Y3 i_a_value(A),13027
21198,JED-NTH-NAH-55,21198_Y3-SPARE_AMP_B,13028,JED-NTH ABH AH311,21198 Y3 i_b_value(A),13028
21198,JED-NTH-NAH-55,21198_Y3-SPARE_AMP_C,13029,JED-NTH ABH AH311,21198 Y3 i_c_value(A),13029
21198,JED-NTH-NAH-55,21198_Y3-SPARE_AMP_N,13030,JED-NTH ABH AH311,21198 Y3 i_n_value(A),13030
21198,JED-NTH-NAH-55,21198_Y1-23541_KVA,13057,JED-NTH ABH AH311,21198 Y1 S(kVA),13057
21198,JED-NTH-NAH-55,21198_Y1-23541_KW,13058,JED-NTH ABH AH311,21198 Y1 P(kW),13058
21198,JED-NTH-NAH-55,21198_Y1-23541_KVAR,13059,JED-NTH ABH AH311,21198 Y1 Q(kVar),13059
21198,JED-NTH-NAH-55,21198_Y2-32979_KVA,13060,JED-NTH ABH AH311,21198 Y2 S(kVA),13060
21198,JED-NTH-NAH-55,21198_Y2-32979_KW,13061,JED-NTH ABH AH311,21198 Y2 P(kW),13061
21198,JED-NTH-NAH-55,21198_Y2-32979_KVAR,13062,JED-NTH ABH AH311,21198 Y2 Q(kVar),13062
21198,JED-NTH-NAH-55,21198_TR1_VOLT_A,13063,JED-NTH ABH AH311,21198 Q1 u_ab_value(kV),13063
21198,JED-NTH-NAH-55,21198_TR1_VOLT_B,13064,JED-NTH ABH AH311,21198 Q1 u_bc_value(kV),13064
21198,JED-NTH-NAH-55,21198_TR1_VOLT_C,13065,JED-NTH ABH AH311,21198 Q1 u_ca_value(kV),13065
21198,JED-NTH-NAH-55,21198_TR1_VOLT_N,13066,JED-NTH ABH AH311,21198 Q1 u_n_value(kV),13066
21198,JED-NTH-NAH-55,21198_TR1_KVA,13067,JED-NTH ABH AH311,21198 Q1 S(kVA),13067
21198,JED-NTH-NAH-55,21198_TR1_KW,13068,JED-NTH ABH AH311,21198 Q1 P(kW),13068
21198,JED-NTH-NAH-55,21198_TR1_KVAR,13069,JED-NTH ABH AH311,21198 Q1 Q(kVar),13069
21198,JED-NTH-NAH-55,21198_TR1_PF,13070,JED-NTH ABH AH311,21198 Q1 Power factor,13070
21198,JED-NTH-NAH-55,21198_Y3-SPARE_KVA,13071,JED-NTH ABH AH311,21198 Y3 S(kVA),13071
21198,JED-NTH-NAH-55,21198_Y3-SPARE_KW,13072,JED-NTH ABH AH311,21198 Y3 P(kW),13072
21198,JED-NTH-NAH-55,21198_Y3-SPARE_KVAR,13073,JED-NTH ABH AH311,21198 Y3 Q(kVar),13073
22472,JED-NTH-JUAS-23,22472_Y1-27788_CMD,1,JED-NTH ABH AH321,22472 Y1 CMD,1
22472,JED-NTH-JUAS-23,22472_TR1_CMD,5,JED-NTH ABH AH321,22472 Q1 CMD,5
22472,JED-NTH-JUAS-23,22472_Y2-36372_CMD,9,JED-NTH ABH AH321,22472 Y2 CMD,9
22472,JED-NTH-JUAS-23,22472_Y1-27788_ST_LOCK,1000,JED-NTH ABH AH321,22472 Y1/Lock/Unlock indication value,1000
22472,JED-NTH-JUAS-23,22472_Y1-27788_ST_GND,1001,JED-NTH ABH AH321,22472 KY1 state,1001
22472,JED-NTH-JUAS-23,22472_TR1_ST_LOCK,1002,JED-NTH ABH AH321,22472 Q1/Lock/Unlock indication value,1002
22472,JED-NTH-JUAS-23,22472_TR1_ST_GND,1003,JED-NTH ABH AH321,22472 KQ1 state,1003
22472,JED-NTH-JUAS-23,22472_Y2-36372_ST_LOCK,1004,JED-NTH ABH AH321,22472 Y2/Lock/Unlock indication value,1004
22472,JED-NTH-JUAS-23,22472_Y2-36372_ST_GND,1005,JED-NTH ABH AH321,22472 KY2 state,1005
22472,JED-NTH-JUAS-23,22472_BATT_LOW,1008,JED-NTH ABH AH321,22472 Battery low value,1008
22472,JED-NTH-JUAS-23,22472_GAS_LOW,1009,JED-NTH ABH AH321,22472 Gas low value,1009
22472,JED-NTH-JUAS-23,22472_AC_FAIL,1010,JED-NTH ABH AH321,22472 AC power fail value,1010
22472,JED-NTH-JUAS-23,22472_DOOR_OPENED,1011,JED-NTH ABH AH321,22472 Door open value,1011
22472,JED-NTH-JUAS-23,22472_DC_ST,1012,JED-NTH ABH AH321,22472 DC power fail value,1012
22472,JED-NTH-JUAS-23,22472_MOTOR_CRT_FAIL,1013,JED-NTH ABH AH321,22472 Motor circuit fail value,1013
22472,JED-NTH-JUAS-23,22472_RTU_FAIL,1277,JED-NTH ABH AH321,22472 RTU Self diagnostic value,1277
22472,JED-NTH-JUAS-23,22472_EFI,1278,JED-NTH ABH AH321,22472 EFI (Fault indication) value,1278
22472,JED-NTH-JUAS-23,22472_PROT_HEALTH,1279,JED-NTH ABH AH321,22472 Protection Health value,1279
22472,JED-NTH-JUAS-23,22472_PROT_TRIP_EFI,1280,JED-NTH ABH AH321,22472 Protection Trip (Earth fault) value,1280
22472,JED-NTH-JUAS-23,22472_PROT_TRIP_PH_FLT,1281,JED-NTH ABH AH321,22472 Protection Trip (Phase fault) value,1281
22472,JED-NTH-JUAS-23,22472_Y1-27788_ST,11000,JED-NTH ABH AH321,22472 Y1 state,11000
22472,JED-NTH-JUAS-23,22472_TR1_ST,11001,JED-NTH ABH AH321,22472 Q1 state,11001
22472,JED-NTH-JUAS-23,22472_Y2-36372_ST,11002,JED-NTH ABH AH321,22472 Y2 state,11002
22472,JED-NTH-JUAS-23,22472_LR,11004,JED-NTH ABH AH321,22472 Remote/Local value,11004
22472,JED-NTH-JUAS-23,22472_Y1-27788_AMP_A,13015,JED-NTH ABH AH321,22472 Y1 i_a_value(A),13015
22472,JED-NTH-JUAS-23,22472_Y1-27788_AMP_B,13016,JED-NTH ABH AH321,22472 Y1 i_b_value(A),13016
22472,JED-NTH-JUAS-23,22472_Y1-27788_AMP_C,13017,JED-NTH ABH AH321,22472 Y1 i_c_value(A),13017
22472,JED-NTH-JUAS-23,22472_Y1-27788_AMP_N,13018,JED-NTH ABH AH321,22472 Y1 i_n_value(A),13018
22472,JED-NTH-JUAS-23,22472_TR1_AMP_A,13019,JED-NTH ABH AH321,22472 Q1 i_a_value(A),13019
22472,JED-NTH-JUAS-23,22472_TR1_AMP_B,13020,JED-NTH ABH AH321,22472 Q1 i_b_value(A),13020
22472,JED-NTH-JUAS-23,22472_TR1_AMP_C,13021,JED-NTH ABH AH321,22472 Q1 i_c_value(A),13021
22472,JED-NTH-JUAS-23,22472_TR1_AMP_N,13022,JED-NTH ABH AH321,22472 Q1 i_n_value(A),13022
22472,JED-NTH-JUAS-23,22472_Y2-36372_AMP_A,13023,JED-NTH ABH AH321,22472 Y2 i_a_value(A),13023
22472,JED-NTH-JUAS-23,22472_Y2-36372_AMP_B,13024,JED-NTH ABH AH321,22472 Y2 i_b_value(A),13024
22472,JED-NTH-JUAS-23,22472_Y2-36372_AMP_C,13025,JED-NTH ABH AH321,22472 Y2 i_c_value(A),13025
22472,JED-NTH-JUAS-23,22472_Y2-36372_AMP_N,13026,JED-NTH ABH AH321,22472 Y2 i_n_value(A),13026
22472,,,,JED-NTH ABH AH321,22472 Y1 S(kVA),13057
22472,,,,JED-NTH ABH AH321,22472 Y1 P(kW),13058
22472,,,,JED-NTH ABH AH321,22472 Y1 Q(kVar),13059
22472,JED-NTH-JUAS-23,22472_TR1_VOLT_A,13060,JED-NTH ABH AH321,22472 Q1 u_ab_value(kV),13060
22472,JED-NTH-JUAS-23,22472_TR1_VOLT_B,13061,JED-NTH ABH AH321,22472 Q1 u_bc_value(kV),13061
22472,JED-NTH-JUAS-23,22472_TR1_VOLT_C,13062,JED-NTH ABH AH321,22472 Q1 u_ca_value(kV),13062
22472,JED-NTH-JUAS-23,22472_TR1_VOLT_N,13063,JED-NTH ABH AH321,22472 Q1 u_n_value(kV),13063
22472,JED-NTH-JUAS-23,22472_TR1_KVA,13064,JED-NTH ABH AH321,22472 Q1 S(kVA),13064
22472,JED-NTH-JUAS-23,22472_Y2-36372_KVA,13064,,,
22472,JED-NTH-JUAS-23,22472_TR1_KW,13065,JED-NTH ABH AH321,22472 Q1 P(kW),13065
22472,JED-NTH-JUAS-23,22472_Y2-36372_KW,13065,,,
22472,JED-NTH-JUAS-23,22472_TR1_KVAR,13066,JED-NTH ABH AH321,22472 Q1 Q(kVar),13066
22472,JED-NTH-JUAS-23,22472_Y2-36372_KVAR,13066,,,
22472,JED-NTH-JUAS-23,22472_TR1_PF,13067,JED-NTH ABH AH321,22472 Q1 Power factor,13067
22472,,,,JED-NTH ABH AH321,22472 Y2 S(kVA),13068
22472,,,,JED-NTH ABH AH321,22472 Y2 P(kW),13069
22472,,,,JED-NTH ABH AH321,22472 Y2 Q(kVar),13070
22522,JED-NTH-DHN-40,22522_Y1-9406_CMD,1,JED-NTH ABH AH303,22522 Y1 CMD,1
22522,JED-NTH-DHN-40,22522_TR1_CMD,5,JED-NTH ABH AH303,22522 Q1 CMD,5
22522,JED-NTH-DHN-40,22522_Y2-43443_CMD,9,JED-NTH ABH AH303,22522 Y2 CMD,9
22522,JED-NTH-DHN-40,22522_Y1-9406_ST_LOCK,1000,JED-NTH ABH AH303,22522 Y1/Lock/Unlock indication value,1000
22522,JED-NTH-DHN-40,22522_Y1-9406_ST_GND,1001,JED-NTH ABH AH303,22522 KY1 state,1001
22522,JED-NTH-DHN-40,22522_TR1_ST_LOCK,1002,JED-NTH ABH AH303,22522 Q1/Lock/Unlock indication value,1002
22522,JED-NTH-DHN-40,22522_TR1_ST_GND,1003,JED-NTH ABH AH303,22522 KQ1 state,1003
22522,JED-NTH-DHN-40,22522_Y2-43443_ST_LOCK,1004,JED-NTH ABH AH303,22522 Y2/Lock/Unlock indication value,1004
22522,JED-NTH-DHN-40,22522_Y2-43443_ST_GND,1005,JED-NTH ABH AH303,22522 KY2 state,1005
22522,JED-NTH-DHN-40,22522_BATT_LOW,1008,JED-NTH ABH AH303,22522 Battery low value,1008
22522,JED-NTH-DHN-40,22522_GAS_LOW,1009,JED-NTH ABH AH303,22522 Gas low value,1009
22522,JED-NTH-DHN-40,22522_AC_FAIL,1010,JED-NTH ABH AH303,22522 AC power fail value,1010
22522,JED-NTH-DHN-40,22522_DOOR_OPENED,1011,JED-NTH ABH AH303,22522 Door open value,1011
22522,JED-NTH-DHN-40,22522_DC_ST,1012,JED-NTH ABH AH303,22522 DC power fail value,1012
22522,JED-NTH-DHN-40,22522_MOTOR_CRT_FAIL,1013,JED-NTH ABH AH303,22522 Motor circuit fail value,1013
22522,JED-NTH-DHN-40,22522_RTU_FAIL,1277,JED-NTH ABH AH303,22522 RTU Self diagnostic value,1277
22522,JED-NTH-DHN-40,22522_EFI,1278,JED-NTH ABH AH303,22522 EFI (Fault indication) value,1278
22522,JED-NTH-DHN-40,22522_PROT_HEALTH,1279,JED-NTH ABH AH303,22522 Protection Health value,1279
22522,JED-NTH-DHN-40,22522_PROT_TRIP_EFI,1280,JED-NTH ABH AH303,22522 Protection Trip (Earth fault) value,1280
22522,JED-NTH-DHN-40,22522_PROT_TRIP_PH_FLT,1281,JED-NTH ABH AH303,22522 Protection Trip (Phase fault) value,1281
22522,JED-NTH-DHN-40,22522_Y1-9406_ST,11000,JED-NTH ABH AH303,22522 Y1 state,11000
22522,JED-NTH-DHN-40,22522_TR1_ST,11001,JED-NTH ABH AH303,22522 Q1 state,11001
22522,JED-NTH-DHN-40,22522_Y2-43443_ST,11002,JED-NTH ABH AH303,22522 Y2 state,11002
22522,JED-NTH-DHN-40,22522_LR,11004,JED-NTH ABH AH303,22522 Remote/Local value,11004
22522,JED-NTH-DHN-40,22522_Y1-9406_AMP_A,13015,JED-NTH ABH AH303,22522 Y1 i_a_value(A),13015
22522,JED-NTH-DHN-40,22522_Y1-9406_AMP_B,13016,JED-NTH ABH AH303,22522 Y1 i_b_value(A),13016
22522,JED-NTH-DHN-40,22522_Y1-9406_AMP_C,13017,JED-NTH ABH AH303,22522 Y1 i_c_value(A),13017
22522,JED-NTH-DHN-40,22522_Y1-9406_AMP_N,13018,JED-NTH ABH AH303,22522 Y1 i_n_value(A),13018
22522,JED-NTH-DHN-40,22522_TR1_AMP_A,13019,JED-NTH ABH AH303,22522 Q1 i_a_value(A),13019
22522,JED-NTH-DHN-40,22522_TR1_AMP_B,13020,JED-NTH ABH AH303,22522 Q1 i_b_value(A),13020
22522,JED-NTH-DHN-40,22522_TR1_AMP_C,13021,JED-NTH ABH AH303,22522 Q1 i_c_value(A),13021
22522,JED-NTH-DHN-40,22522_TR1_AMP_N,13022,JED-NTH ABH AH303,22522 Q1 i_n_value(A),13022
22522,JED-NTH-DHN-40,22522_Y2-43443_AMP_A,13023,JED-NTH ABH AH303,22522 Y2 i_a_value(A),13023
22522,JED-NTH-DHN-40,22522_Y2-43443_AMP_B,13024,JED-NTH ABH AH303,22522 Y2 i_b_value(A),13024
22522,JED-NTH-DHN-40,22522_Y2-43443_AMP_C,13025,JED-NTH ABH AH303,22522 Y2 i_c_value(A),13025
22522,JED-NTH-DHN-40,22522_Y2-43443_AMP_N,13026,JED-NTH ABH AH303,22522 Y2 i_n_value(A),13026
22522,JED-NTH-DHN-40,22522_Y1-9406_KVA,13057,JED-NTH ABH AH303,22522 Y1 S(kVA),13057
22522,JED-NTH-DHN-40,22522_Y1-9406_KVAR,13057,,,
22522,JED-NTH-DHN-40,22522_Y1-9406_KW,13058,JED-NTH ABH AH303,22522 Y1 P(kW),13058
22522,,,,JED-NTH ABH AH303,22522 Y1 Q(kVar),13059
22522,JED-NTH-DHN-40,22522_TR1_VOLT_A,13060,JED-NTH ABH AH303,22522 Q1 u_ab_value(kV),13060
22522,JED-NTH-DHN-40,22522_TR1_VOLT_B,13061,JED-NTH ABH AH303,22522 Q1 u_bc_value(kV),13061
22522,JED-NTH-DHN-40,22522_TR1_VOLT_C,13062,JED-NTH ABH AH303,22522 Q1 u_ca_value(kV),13062
22522,JED-NTH-DHN-40,22522_TR1_VN,13063,JED-NTH ABH AH303,22522 Q1 u_n_value(kV),13063
22522,JED-NTH-DHN-40,22522_TR1_VOLT_N,13063,,,
22522,,,,JED-NTH ABH AH303,22522 Q1 S(kVA),13064
22522,JED-NTH-DHN-40,22522_TR1_KW,13065,JED-NTH ABH AH303,22522 Q1 P(kW),13065
22522,JED-NTH-DHN-40,22522_TR1_KVA,13066,JED-NTH ABH AH303,22522 Q1 Q(kVar),13066
22522,JED-NTH-DHN-40,22522_TR1_KVAR,13066,,,
22522,JED-NTH-DHN-40,22522_TR1_PF,13067,JED-NTH ABH AH303,22522 Q1 Power factor,13067
22522,JED-NTH-DHN-40,22522_Y2-43443_KVA,13068,JED-NTH ABH AH303,22522 Y2 S(kVA),13068
22522,JED-NTH-DHN-40,22522_Y2-43443_KVAR,13068,,,
22522,JED-NTH-DHN-40,22522_Y2-43443_KW,13069,JED-NTH ABH AH303,22522 Y2 P(kW),13069
22522,,,,JED-NTH ABH AH303,22522 Y2 Q(kVar),13070
22545,,,,JED-NTH ABH AH303,22545 Y1 CMD,1
22545,,,,JED-NTH ABH AH303,22545 Y2 CMD,5
22545,,,,JED-NTH ABH AH303,22545 Q1 CMD,9
22545,,,,JED-NTH ABH AH303,22545 Y3 CMD,13
22545,,,,JED-NTH ABH AH303,22545 Y1/Lock/Unlock indication value,1000
22545,,,,JED-NTH ABH AH303,22545 KY1 state,1001
22545,,,,JED-NTH ABH AH303,22545 Y2/Lock/Unlock indication value,1002
22545,,,,JED-NTH ABH AH303,22545 KY2 state,1003
22545,,,,JED-NTH ABH AH303,22545 Q1/Lock/Unlock indication value,1004
22545,,,,JED-NTH ABH AH303,22545 KQ1 state,1005
22545,,,,JED-NTH ABH AH303,22545 Y3/Lock/Unlock indication value,1006
22545,,,,JED-NTH ABH AH303,22545 KY3 state,1007
22545,,,,JED-NTH ABH AH303,22545 Battery low value,1008
22545,,,,JED-NTH ABH AH303,22545 Gas low value,1009
22545,,,,JED-NTH ABH AH303,22545 AC power fail value,1010
22545,,,,JED-NTH ABH AH303,22545 Door open value,1011
22545,,,,JED-NTH ABH AH303,22545 DC power fail value,1012
22545,,,,JED-NTH ABH AH303,22545 Motor circuit fail value,1013
22545,,,,JED-NTH ABH AH303,22545 RTU Self diagnostic value,1277
22545,,,,JED-NTH ABH AH303,22545 EFI (Fault indication) value,1278
22545,,,,JED-NTH ABH AH303,22545 Protection Health value,1279
22545,,,,JED-NTH ABH AH303,22545 Protection Trip (Earth fault) value,1280
22545,,,,JED-NTH ABH AH303,22545 Protection Trip (Phase fault) value,1281
22545,,,,JED-NTH ABH AH303,22545 Y1 state,11000
22545,,,,JED-NTH ABH AH303,22545 Y2 state,11001
22545,,,,JED-NTH ABH AH303,22545 Q1 state,11002
22545,,,,JED-NTH ABH AH303,22545 Y3 state,11003
22545,,,,JED-NTH ABH AH303,22545 Remote/Local value,11004
22545,,,,JED-NTH ABH AH303,22545 Y1 i_a_value(A),13015
22545,,,,JED-NTH ABH AH303,22545 Y1 i_b_value(A),13016
22545,,,,JED-NTH ABH AH303,22545 Y1 i_c_value(A),13017
22545,,,,JED-NTH ABH AH303,22545 Y1 i_n_value(A),13018
22545,,,,JED-NTH ABH AH303,22545 Y2 i_a_value(A),13019
22545,,,,JED-NTH ABH AH303,22545 Y2 i_b_value(A),13020
22545,,,,JED-NTH ABH AH303,22545 Y2 i_c_value(A),13021
22545,,,,JED-NTH ABH AH303,22545 Y2 i_n_value(A),13022
22545,,,,JED-NTH ABH AH303,22545 Q1 i_a_value(A),13023
22545,,,,JED-NTH ABH AH303,22545 Q1 i_b_value(A),13024
22545,,,,JED-NTH ABH AH303,22545 Q1 i_c_value(A),13025
22545,,,,JED-NTH ABH AH303,22545 Q1 i_n_value(A),13026
22545,,,,JED-NTH ABH AH303,22545 Y3 i_a_value(A),13027
22545,,,,JED-NTH ABH AH303,22545 Y3 i_b_value(A),13028
22545,,,,JED-NTH ABH AH303,22545 Y3 i_c_value(A),13029
22545,,,,JED-NTH ABH AH303,22545 Y3 i_n_value(A),13030
22545,,,,JED-NTH ABH AH303,22545 Y1 S(kVA),13057
22545,,,,JED-NTH ABH AH303,22545 Y1 P(kW),13058
22545,,,,JED-NTH ABH AH303,22545 Y1 Q(kVar),13059
22545,,,,JED-NTH ABH AH303,22545 Y2 S(kVA),13060
22545,,,,JED-NTH ABH AH303,22545 Y2 P(kW),13061
22545,,,,JED-NTH ABH AH303,22545 Y2 Q(kVar),13062
22545,,,,JED-NTH ABH AH303,22545 Q1 u_ab_value(kV),13063
22545,,,,JED-NTH ABH AH303,22545 Q1 u_bc_value(kV),13064
22545,,,,JED-NTH ABH AH303,22545 Q1 u_ca_value(kV),13065
22545,,,,JED-NTH ABH AH303,22545 Q1 u_n_value(kV),13066
22545,,,,JED-NTH ABH AH303,22545 Q1 S(kVA),13067
22545,,,,JED-NTH ABH AH303,22545 Q1 P(kW),13068
22545,,,,JED-NTH ABH AH303,22545 Q1 Q(kVar),13069
22545,,,,JED-NTH ABH AH303,22545 Q1 Power factor,13070
22545,,,,JED-NTH ABH AH303,22545 Y3 S(kVA),13071
22545,,,,JED-NTH ABH AH303,22545 Y3 P(kW),13072
22545,,,,JED-NTH ABH AH303,22545 Y3 Q(kVar),13073
22840,JED-NTH-ABN-29,22840_Y1-RMU21024_CMD,1,JED-NTH ABH AH306,22840 Y1 CMD,1
22840,JED-NTH-ABN-29,22840_TR1-RMU22587_CMD,5,JED-NTH ABH AH306,22840 Q1 CMD,5
22840,JED-NTH-ABN-29,22840_Y2-RMU22380_CMD,9,JED-NTH ABH AH306,22840 Y2 CMD,9
22840,JED-NTH-ABN-29,22840_Y1-RMU21024_ST_LOCK,1000,JED-NTH ABH AH306,22840 Y1/Lock/Unlock indication value,1000
22840,JED-NTH-ABN-29,22840_Y1-RMU21024_ST_GND,1001,JED-NTH ABH AH306,22840 KY1 state,1001
22840,JED-NTH-ABN-29,22840_TR1-RMU22587_ST_LOCK,1002,JED-NTH ABH AH306,22840 Q1/Lock/Unlock indication value,1002
22840,JED-NTH-ABN-29,22840_TR1-RMU22587_ST_GND,1003,JED-NTH ABH AH306,22840 KQ1 state,1003
22840,JED-NTH-ABN-29,22840_Y2-RMU22380_ST_LOCK,1004,JED-NTH ABH AH306,22840 Y2/Lock/Unlock indication value,1004
22840,JED-NTH-ABN-29,22840_Y2-RMU22380_ST_GND,1005,JED-NTH ABH AH306,22840 KY2 state,1005
22840,JED-NTH-ABN-29,22840_BATT_LOW,1008,JED-NTH ABH AH306,22840 Battery low value,1008
22840,JED-NTH-ABN-29,22840_GAS_LOW,1009,JED-NTH ABH AH306,22840 Gas low value,1009
22840,JED-NTH-ABN-29,22840_AC_FAIL,1010,JED-NTH ABH AH306,22840 AC power fail value,1010
22840,JED-NTH-ABN-29,22840_DOOR_OPENED,1011,JED-NTH ABH AH306,22840 Door open value,1011
22840,JED-NTH-ABN-29,22840_DC_ST,1012,JED-NTH ABH AH306,22840 DC power fail value,1012
22840,JED-NTH-ABN-29,22840_MOTOR_CRT_FAIL,1013,JED-NTH ABH AH306,22840 Motor circuit fail value,1013
22840,JED-NTH-ABN-29,22840_RTU_FAIL,1277,JED-NTH ABH AH306,22840 RTU Self diagnostic value,1277
22840,JED-NTH-ABN-29,22840_EFI,1278,JED-NTH ABH AH306,22840 EFI (Fault indication) value,1278
22840,JED-NTH-ABN-29,22840_PROT_HEALTH,1279,JED-NTH ABH AH306,22840 Protection Health value,1279
22840,JED-NTH-ABN-29,22840_PROT_TRIP_EFI,1280,JED-NTH ABH AH306,22840 Protection Trip (Earth fault) value,1280
22840,JED-NTH-ABN-29,22840_PROT_TRIP_PH_FLT,1281,JED-NTH ABH AH306,22840 Protection Trip (Phase fault) value,1281
22840,JED-NTH-ABN-29,22840_Y1-RMU21024_ST,11000,JED-NTH ABH AH306,22840 Y1 state,11000
22840,JED-NTH-ABN-29,22840_TR1-RMU22587_ST,11001,JED-NTH ABH AH306,22840 Q1 state,11001
22840,JED-NTH-ABN-29,22840_Y2-RMU22380_ST,11002,JED-NTH ABH AH306,22840 Y2 state,11002
22840,JED-NTH-ABN-29,22840_LR,11004,JED-NTH ABH AH306,22840 Remote/Local value,11004
22840,JED-NTH-ABN-29,22840_Y1-RMU21024_AMP_A,13015,JED-NTH ABH AH306,22840 Y1 i_a_value(A),13015
22840,JED-NTH-ABN-29,22840_Y1-RMU21024_AMP_B,13016,JED-NTH ABH AH306,22840 Y1 i_b_value(A),13016
22840,JED-NTH-ABN-29,22840_Y1-RMU21024_AMP_C,13017,JED-NTH ABH AH306,22840 Y1 i_c_value(A),13017
22840,JED-NTH-ABN-29,22840_Y1-RMU21024_AMP_N,13018,JED-NTH ABH AH306,22840 Y1 i_n_value(A),13018
22840,JED-NTH-ABN-29,22840_TR1-RMU22587_AMP_A,13019,JED-NTH ABH AH306,22840 Q1 i_a_value(A),13019
22840,JED-NTH-ABN-29,22840_TR1-RMU22587_AMP_B,13020,JED-NTH ABH AH306,22840 Q1 i_b_value(A),13020
22840,JED-NTH-ABN-29,22840_TR1-RMU22587_AMP_C,13021,JED-NTH ABH AH306,22840 Q1 i_c_value(A),13021
22840,JED-NTH-ABN-29,22840_TR1-RMU22587_AMP_N,13022,JED-NTH ABH AH306,22840 Q1 i_n_value(A),13022
22840,JED-NTH-ABN-29,22840_Y2-RMU22380_AMP_A,13023,JED-NTH ABH AH306,22840 Y2 i_a_value(A),13023
22840,JED-NTH-ABN-29,22840_Y2-RMU22380_AMP_B,13024,JED-NTH ABH AH306,22840 Y2 i_b_value(A),13024
22840,JED-NTH-ABN-29,22840_Y2-RMU22380_AMP_C,13025,JED-NTH ABH AH306,22840 Y2 i_c_value(A),13025
22840,JED-NTH-ABN-29,22840_Y2-RMU22380_AMP_N,13026,JED-NTH ABH AH306,22840 Y2 i_n_value(A),13026
22840,,,,JED-NTH ABH AH306,22840 Y1 S(kVA),13057
22840,,,,JED-NTH ABH AH306,22840 Y1 P(kW),13058
22840,,,,JED-NTH ABH AH306,22840 Y1 Q(kVar),13059
22840,JED-NTH-ABN-29,22840_TR1-RMU22587_VOLT_A,13060,JED-NTH ABH AH306,22840 Q1 u_ab_value(kV),13060
22840,JED-NTH-ABN-29,22840_TR1-RMU22587_VOLT_B,13061,JED-NTH ABH AH306,22840 Q1 u_bc_value(kV),13061
22840,JED-NTH-ABN-29,22840_TR1-RMU22587_VOLT_C,13062,JED-NTH ABH AH306,22840 Q1 u_ca_value(kV),13062
22840,JED-NTH-ABN-29,22840_TR1-RMU22587_VOLT_N,13063,JED-NTH ABH AH306,22840 Q1 u_n_value(kV),13063
22840,JED-NTH-ABN-29,22840_TR1-RMU22587_KVA,13064,JED-NTH ABH AH306,22840 Q1 S(kVA),13064
22840,JED-NTH-ABN-29,22840_Y2-RMU22380_KVA,13064,,,
22840,JED-NTH-ABN-29,22840_TR1-RMU22587_KW,13065,JED-NTH ABH AH306,22840 Q1 P(kW),13065
22840,JED-NTH-ABN-29,22840_Y2-RMU22380_KW,13065,,,
22840,JED-NTH-ABN-29,22840_TR1-RMU22587_KVAR,13066,JED-NTH ABH AH306,22840 Q1 Q(kVar),13066
22840,JED-NTH-ABN-29,22840_Y2-RMU22380_KVAR,13066,,,
22840,JED-NTH-ABN-29,22840_TR1-RMU22587_PF,13067,JED-NTH ABH AH306,22840 Q1 Power factor,13067
22840,,,,JED-NTH ABH AH306,22840 Y2 S(kVA),13068
22840,,,,JED-NTH ABH AH306,22840 Y2 P(kW),13069
22840,,,,JED-NTH ABH AH306,22840 Y2 Q(kVar),13070
24481,JED-NTH-FRDS-48,24481_Y1-RMU35194_CMD,1,JED-NTH ABH AH307,24481 Y1 CMD,1
24481,JED-NTH-FRDS-48,24481_TR1-RMU24481_CMD,5,JED-NTH ABH AH307,24481 Q1 CMD,5
24481,JED-NTH-FRDS-48,24481_TR2-RMU24481_CMD,9,JED-NTH ABH AH307,24481 Y2 CMD,9
24481,JED-NTH-FRDS-48,24481_Y2-RMU39500_CMD,13,,,
24481,JED-NTH-FRDS-48,24481_Y1-RMU35194_ST_LOCK,1000,JED-NTH ABH AH307,24481 Y1/Lock/Unlock indication value,1000
24481,JED-NTH-FRDS-48,24481_Y1-RMU35194_ST_GND,1001,JED-NTH ABH AH307,24481 KY1 state,1001
24481,JED-NTH-FRDS-48,24481_TR1-RMU24481_ST_LOCK,1002,JED-NTH ABH AH307,24481 Q1/Lock/Unlock indication value,1002
24481,JED-NTH-FRDS-48,24481_TR1-RMU24481_ST_GND,1003,JED-NTH ABH AH307,24481 KQ1 state,1003
24481,JED-NTH-FRDS-48,24481_TR2-RMU24481_ST_LOCK,1004,JED-NTH ABH AH307,24481 Y2/Lock/Unlock indication value,1004
24481,JED-NTH-FRDS-48,24481_TR2-RMU24481_ST_GND,1005,JED-NTH ABH AH307,24481 KY2 state,1005
24481,JED-NTH-FRDS-48,24481_Y2-RMU39500_ST_LOCK,1006,,,
24481,JED-NTH-FRDS-48,24481_Y2-RMU39500_ST_GND,1007,,,
24481,JED-NTH-FRDS-48,24481_BATT_LOW,1008,JED-NTH ABH AH307,24481 Battery low value,1008
24481,JED-NTH-FRDS-48,24481_GAS_LOW,1009,JED-NTH ABH AH307,24481 Gas low value,1009
24481,JED-NTH-FRDS-48,24481_AC_FAIL,1010,JED-NTH ABH AH307,24481 AC power fail value,1010
24481,JED-NTH-FRDS-48,24481_DOOR_OPENED,1011,JED-NTH ABH AH307,24481 Door open value,1011
24481,JED-NTH-FRDS-48,24481_DC_ST,1012,JED-NTH ABH AH307,24481 DC power fail value,1012
24481,JED-NTH-FRDS-48,24481_MOTOR_CRT_FAIL,1013,JED-NTH ABH AH307,24481 Motor circuit fail value,1013
24481,JED-NTH-FRDS-48,24481_RTU_FAIL,1277,JED-NTH ABH AH307,24481 RTU Self diagnostic value,1277
24481,JED-NTH-FRDS-48,24481_EFI,1278,JED-NTH ABH AH307,24481 EFI (Fault indication) value,1278
24481,JED-NTH-FRDS-48,24481_TR1-RMU24481_PROT_HEALTH,1279,JED-NTH ABH AH307,24481 Protection Health value,1279
24481,JED-NTH-FRDS-48,24481_TR1-RMU24481_PROT_TRIP_EFI,1280,JED-NTH ABH AH307,24481 Protection Trip (Earth fault) value,1280
24481,JED-NTH-FRDS-48,24481_TR1-RMU24481_PROT_TRIP_PH_FLT,1281,JED-NTH ABH AH307,24481 Protection Trip (Phase fault) value,1281
24481,JED-NTH-FRDS-48,24481_TR2-RMU24481_PROT_HEALTH,1282,,,
24481,JED-NTH-FRDS-48,24481_TR2-RMU24481_PROT_TRIP_EFI,1283,,,
24481,JED-NTH-FRDS-48,24481_TR2-RMU24481_PROT_TRIP_PH_FLT,1284,,,
24481,JED-NTH-FRDS-48,24481_Y1-RMU35194_ST,11000,JED-NTH ABH AH307,24481 Y1 state,11000
24481,JED-NTH-FRDS-48,24481_TR1-RMU24481_ST,11001,JED-NTH ABH AH307,24481 Q1 state,11001
24481,JED-NTH-FRDS-48,24481_TR2-RMU24481_ST,11002,JED-NTH ABH AH307,24481 Y2 state,11002
24481,JED-NTH-FRDS-48,24481_Y2-RMU39500_ST,11003,,,
24481,JED-NTH-FRDS-48,24481_LR,11004,JED-NTH ABH AH307,24481 Remote/Local value,11004
24481,JED-NTH-FRDS-48,24481_Y1-RMU35194_AMP_A,13015,JED-NTH ABH AH307,24481 Y1 i_a_value(A),13015
24481,JED-NTH-FRDS-48,24481_Y1-RMU35194_AMP_B,13016,JED-NTH ABH AH307,24481 Y1 i_b_value(A),13016
24481,JED-NTH-FRDS-48,24481_Y1-RMU35194_AMP_C,13017,JED-NTH ABH AH307,24481 Y1 i_c_value(A),13017
24481,JED-NTH-FRDS-48,24481_Y1-RMU35194_AMP_N,13018,JED-NTH ABH AH307,24481 Y1 i_n_value(A),13018
24481,JED-NTH-FRDS-48,24481_TR1-RMU24481_AMP_A,13019,JED-NTH ABH AH307,24481 Q1 i_a_value(A),13019
24481,JED-NTH-FRDS-48,24481_TR1-RMU24481_AMP_B,13020,JED-NTH ABH AH307,24481 Q1 i_b_value(A),13020
24481,JED-NTH-FRDS-48,24481_TR1-RMU24481_AMP_C,13021,JED-NTH ABH AH307,24481 Q1 i_c_value(A),13021
24481,JED-NTH-FRDS-48,24481_TR1-RMU24481_AMP_N,13022,JED-NTH ABH AH307,24481 Q1 i_n_value(A),13022
24481,JED-NTH-FRDS-48,24481_TR2-RMU24481_AMP_A,13023,JED-NTH ABH AH307,24481 Y2 i_a_value(A),13023
24481,JED-NTH-FRDS-48,24481_TR2-RMU24481_AMP_B,13024,JED-NTH ABH AH307,24481 Y2 i_b_value(A),13024
24481,JED-NTH-FRDS-48,24481_TR2-RMU24481_AMP_C,13025,JED-NTH ABH AH307,24481 Y2 i_c_value(A),13025
24481,JED-NTH-FRDS-48,24481_TR2-RMU24481_AMP_N,13026,JED-NTH ABH AH307,24481 Y2 i_n_value(A),13026
24481,JED-NTH-FRDS-48,24481_Y2-RMU39500_AMP_A,13027,,,
24481,JED-NTH-FRDS-48,24481_Y2-RMU39500_AMP_B,13028,,,
24481,JED-NTH-FRDS-48,24481_Y2-RMU39500_AMP_C,13029,,,
24481,JED-NTH-FRDS-48,24481_Y2-RMU39500_AMP_N,13030,,,
24481,JED-NTH-FRDS-48,24481_Y1-RMU35194_KVA,13057,JED-NTH ABH AH307,24481 Y1 S(kVA),13057
24481,JED-NTH-FRDS-48,24481_Y1-RMU35194_KW,13058,JED-NTH ABH AH307,24481 Y1 P(kW),13058
24481,JED-NTH-FRDS-48,24481_Y1-RMU35194_KVAR,13059,JED-NTH ABH AH307,24481 Y1 Q(kVar),13059
24481,JED-NTH-FRDS-48,24481_TR1-RMU24481_KVA,13060,JED-NTH ABH AH307,24481 Q1 u_ab_value(kV),13060
24481,JED-NTH-FRDS-48,24481_TR1-RMU24481_KW,13061,JED-NTH ABH AH307,24481 Q1 u_bc_value(kV),13061
24481,JED-NTH-FRDS-48,24481_TR1-RMU24481_KVAR,13062,JED-NTH ABH AH307,24481 Q1 u_ca_value(kV),13062
24481,JED-NTH-FRDS-48,24481_TR2-RMU24481_VOLT_A,13063,JED-NTH ABH AH307,24481 Q1 u_n_value(kV),13063
24481,JED-NTH-FRDS-48,24481_TR2-RMU24481_VOLT_B,13064,JED-NTH ABH AH307,24481 Q1 S(kVA),13064
24481,JED-NTH-FRDS-48,24481_TR2-RMU24481_VOLT_C,13065,JED-NTH ABH AH307,24481 Q1 P(kW),13065
24481,JED-NTH-FRDS-48,24481_TR2-RMU24481_VOLT_N,13066,JED-NTH ABH AH307,24481 Q1 Q(kVar),13066
24481,JED-NTH-FRDS-48,24481_TR2-RMU24481_KVA,13067,JED-NTH ABH AH307,24481 Q1 Power factor,13067
24481,JED-NTH-FRDS-48,24481_TR2-RMU24481_KW,13068,JED-NTH ABH AH307,24481 Y2 S(kVA),13068
24481,JED-NTH-FRDS-48,24481_TR2-RMU24481_KVAR,13069,JED-NTH ABH AH307,24481 Y2 P(kW),13069
24481,JED-NTH-FRDS-48,24481_TR2-RMU24481_PF,13070,JED-NTH ABH AH307,24481 Y2 Q(kVar),13070
24481,JED-NTH-FRDS-48,24481_Y2-RMU39500_KVA,13071,,,
24481,JED-NTH-FRDS-48,24481_Y2-RMU39500_KW,13072,,,
24481,JED-NTH-FRDS-48,24481_Y2-RMU39500_KVAR,13073,,,
24674,JED-NTH-MDNAS-45,24674_Y1-RMU24897_CMD,1,JED-NTH ABH AH315,24674 Y1 CMD,1
24674,JED-NTH-MDNAS-45,24674_TR1_CMD,5,JED-NTH ABH AH315,24674 Q1 CMD,5
24674,JED-NTH-MDNAS-45,24674_Y2-RMU17225_CMD,9,JED-NTH ABH AH315,24674 Y2 CMD,9
24674,JED-NTH-MDNAS-45,24674_Y1-RMU24897_ST_LOCK,1000,JED-NTH ABH AH315,24674 Y1/Lock/Unlock indication value,1000
24674,JED-NTH-MDNAS-45,24674_Y1-RMU24897_ST_GND,1001,JED-NTH ABH AH315,24674 KY1 state,1001
24674,JED-NTH-MDNAS-45,24674_TR1_ST_LOCK,1002,JED-NTH ABH AH315,24674 Q1/Lock/Unlock indication value,1002
24674,JED-NTH-MDNAS-45,24674_TR1_ST_GND,1003,JED-NTH ABH AH315,24674 KQ1 state,1003
24674,JED-NTH-MDNAS-45,24674_Y2-RMU17225_ST_LOCK,1004,JED-NTH ABH AH315,24674 Y2/Lock/Unlock indication value,1004
24674,JED-NTH-MDNAS-45,24674_Y2-RMU17225_ST_GND,1005,JED-NTH ABH AH315,24674 KY2 state,1005
24674,JED-NTH-MDNAS-45,24674_BATT_LOW,1008,JED-NTH ABH AH315,24674 Battery low value,1008
24674,JED-NTH-MDNAS-45,24674_GAS_LOW,1009,JED-NTH ABH AH315,24674 Gas low value,1009
24674,JED-NTH-MDNAS-45,24674_AC_FAIL,1010,JED-NTH ABH AH315,24674 AC power fail value,1010
24674,JED-NTH-MDNAS-45,24674_DOOR_OPENED,1011,JED-NTH ABH AH315,24674 Door open value,1011
24674,JED-NTH-MDNAS-45,24674_DC_ST,1012,JED-NTH ABH AH315,24674 DC power fail value,1012
24674,JED-NTH-MDNAS-45,24674_MOTOR_CRT_FAIL,1013,JED-NTH ABH AH315,24674 Motor circuit fail value,1013
24674,JED-NTH-MDNAS-45,24674_RTU_FAIL,1277,JED-NTH ABH AH315,24674 RTU Self diagnostic value,1277
24674,JED-NTH-MDNAS-45,24674_EFI,1278,JED-NTH ABH AH315,24674 EFI (Fault indication) value,1278
24674,JED-NTH-MDNAS-45,24674_PROT_HEALTH,1279,JED-NTH ABH AH315,24674 Protection Health value,1279
24674,JED-NTH-MDNAS-45,24674_PROT_TRIP_EFI,1280,JED-NTH ABH AH315,24674 Protection Trip (Earth fault) value,1280
24674,JED-NTH-MDNAS-45,24674_PROT_TRIP_PH_FLT,1281,JED-NTH ABH AH315,24674 Protection Trip (Phase fault) value,1281
24674,JED-NTH-MDNAS-45,24674_Y1-RMU24897_ST,11000,JED-NTH ABH AH315,24674 Y1 state,11000
24674,JED-NTH-MDNAS-45,24674_TR1_ST,11001,JED-NTH ABH AH315,24674 Q1 state,11001
24674,JED-NTH-MDNAS-45,24674_Y2-RMU17225_ST,11002,JED-NTH ABH AH315,24674 Y2 state,11002
24674,JED-NTH-MDNAS-45,24674_LR,11004,JED-NTH ABH AH315,24674 Remote/Local value,11004
24674,JED-NTH-MDNAS-45,24674_Y1-RMU24897_AMP_A,13015,JED-NTH ABH AH315,24674 Y1 i_a_value(A),13015
24674,JED-NTH-MDNAS-45,24674_Y1-RMU24897_AMP_B,13016,JED-NTH ABH AH315,24674 Y1 i_b_value(A),13016
24674,JED-NTH-MDNAS-45,24674_Y1-RMU24897_AMP_C,13017,JED-NTH ABH AH315,24674 Y1 i_c_value(A),13017
24674,JED-NTH-MDNAS-45,24674_Y1-RMU24897_AMP_N,13018,JED-NTH ABH AH315,24674 Y1 i_n_value(A),13018
24674,JED-NTH-MDNAS-45,24674_TR1_AMP_A,13019,JED-NTH ABH AH315,24674 Q1 i_a_value(A),13019
24674,JED-NTH-MDNAS-45,24674_TR1_AMP_B,13020,JED-NTH ABH AH315,24674 Q1 i_b_value(A),13020
24674,JED-NTH-MDNAS-45,24674_TR1_AMP_C,13021,JED-NTH ABH AH315,24674 Q1 i_c_value(A),13021
24674,JED-NTH-MDNAS-45,24674_TR1_AMP_N,13022,JED-NTH ABH AH315,24674 Q1 i_n_value(A),13022
24674,JED-NTH-MDNAS-45,24674_Y2-RMU17225_AMP_A,13023,JED-NTH ABH AH315,24674 Y2 i_a_value(A),13023
24674,JED-NTH-MDNAS-45,24674_Y2-RMU17225_AMP_B,13024,JED-NTH ABH AH315,24674 Y2 i_b_value(A),13024
24674,JED-NTH-MDNAS-45,24674_Y2-RMU17225_AMP_C,13025,JED-NTH ABH AH315,24674 Y2 i_c_value(A),13025
24674,JED-NTH-MDNAS-45,24674_Y2-RMU17225_AMP_N,13026,JED-NTH ABH AH315,24674 Y2 i_n_value(A),13026
24674,JED-NTH-MDNAS-45,24674_Y1-RMU24897_KVA,13057,JED-NTH ABH AH315,24674 Y1 S(kVA),13057
24674,JED-NTH-MDNAS-45,24674_Y1-RMU24897_KVAR,13057,,,
24674,JED-NTH-MDNAS-45,24674_Y1-RMU24897_KW,13058,JED-NTH ABH AH315,24674 Y1 P(kW),13058
24674,,,,JED-NTH ABH AH315,24674 Y1 Q(kVar),13059
24674,JED-NTH-MDNAS-45,24674_TR1_VOLT_A,13060,JED-NTH ABH AH315,24674 Q1 u_ab_value(kV),13060
24674,JED-NTH-MDNAS-45,24674_TR1_VOLT_B,13061,JED-NTH ABH AH315,24674 Q1 u_bc_value(kV),13061
24674,JED-NTH-MDNAS-45,24674_TR1_VOLT_C,13062,JED-NTH ABH AH315,24674 Q1 u_ca_value(kV),13062
24674,JED-NTH-MDNAS-45,24674_TR1_VN,13063,JED-NTH ABH AH315,24674 Q1 u_n_value(kV),13063
24674,JED-NTH-MDNAS-45,24674_TR1_VOLT_N,13063,,,
24674,,,,JED-NTH ABH AH315,24674 Q1 S(kVA),13064
24674,JED-NTH-MDNAS-45,24674_TR1_KW,13065,JED-NTH ABH AH315,24674 Q1 P(kW),13065
24674,JED-NTH-MDNAS-45,24674_TR1_KVA,13066,JED-NTH ABH AH315,24674 Q1 Q(kVar),13066
24674,JED-NTH-MDNAS-45,24674_TR1_KVAR,13066,,,
24674,JED-NTH-MDNAS-45,24674_TR1_PF,13067,JED-NTH ABH AH315,24674 Q1 Power factor,13067
24674,JED-NTH-MDNAS-45,24674_Y2-RMU17225_KVA,13068,JED-NTH ABH AH315,24674 Y2 S(kVA),13068
24674,JED-NTH-MDNAS-45,24674_Y2-RMU17225_KVAR,13068,,,
24674,JED-NTH-MDNAS-45,24674_Y2-RMU17225_KW,13069,JED-NTH ABH AH315,24674 Y2 P(kW),13069
24674,,,,JED-NTH ABH AH315,24674 Y2 Q(kVar),13070
24675,JED-NTH-MDNAS-45,24675_Y1-RMU17224_CMD,1,JED-NTH ABH AH315,24675 Y1 CMD,1
24675,JED-NTH-MDNAS-45,24675_TR1-RMU24675_CMD,5,JED-NTH ABH AH315,24675 Q1 CMD,5
24675,JED-NTH-MDNAS-45,24675_Y2-RMU25879_CMD,9,JED-NTH ABH AH315,24675 Y2 CMD,9
24675,JED-NTH-MDNAS-45,24675_Y1-RMU17224_ST_LOCK,1000,JED-NTH ABH AH315,24675 Y1/Lock/Unlock indication value,1000
24675,JED-NTH-MDNAS-45,24675_Y1-RMU17224_ST_GND,1001,JED-NTH ABH AH315,24675 KY1 state,1001
24675,JED-NTH-MDNAS-45,24675_TR1-RMU24675_ST_LOCK,1002,JED-NTH ABH AH315,24675 Q1/Lock/Unlock indication value,1002
24675,JED-NTH-MDNAS-45,24675_TR1-RMU24675_ST_GND,1003,JED-NTH ABH AH315,24675 KQ1 state,1003
24675,JED-NTH-MDNAS-45,24675_Y2-RMU25879_ST_LOCK,1004,JED-NTH ABH AH315,24675 Y2/Lock/Unlock indication value,1004
24675,JED-NTH-MDNAS-45,24675_Y2-RMU25879_ST_GND,1005,JED-NTH ABH AH315,24675 KY2 state,1005
24675,JED-NTH-MDNAS-45,24675_BATT_LOW,1008,JED-NTH ABH AH315,24675 Battery low value,1008
24675,JED-NTH-MDNAS-45,24675_GAS_LOW,1009,JED-NTH ABH AH315,24675 Gas low value,1009
24675,JED-NTH-MDNAS-45,24675_AC_FAIL,1010,JED-NTH ABH AH315,24675 AC power fail value,1010
24675,JED-NTH-MDNAS-45,24675_DOOR_OPENED,1011,JED-NTH ABH AH315,24675 Door open value,1011
24675,JED-NTH-MDNAS-45,24675_DC_ST,1012,JED-NTH ABH AH315,24675 DC power fail value,1012
24675,JED-NTH-MDNAS-45,24675_MOTOR_CRT_FAIL,1013,JED-NTH ABH AH315,24675 Motor circuit fail value,1013
24675,JED-NTH-MDNAS-45,24675_RTU_FAIL,1277,JED-NTH ABH AH315,24675 RTU Self diagnostic value,1277
24675,JED-NTH-MDNAS-45,24675_EFI,1278,JED-NTH ABH AH315,24675 EFI (Fault indication) value,1278
24675,JED-NTH-MDNAS-45,24675_PROT_HEALTH,1279,JED-NTH ABH AH315,24675 Protection Health value,1279
24675,JED-NTH-MDNAS-45,24675_PROT_TRIP_EFI,1280,JED-NTH ABH AH315,24675 Protection Trip (Earth fault) value,1280
24675,JED-NTH-MDNAS-45,24675_PROT_TRIP_PH_FLT,1281,JED-NTH ABH AH315,24675 Protection Trip (Phase fault) value,1281
24675,JED-NTH-MDNAS-45,24675_Y1-RMU17224_ST,11000,JED-NTH ABH AH315,24675 Y1 state,11000
24675,JED-NTH-MDNAS-45,24675_TR1-RMU24675_ST,11001,JED-NTH ABH AH315,24675 Q1 state,11001
24675,JED-NTH-MDNAS-45,24675_Y2-RMU25879_ST,11002,JED-NTH ABH AH315,24675 Y2 state,11002
24675,JED-NTH-MDNAS-45,24675_LR,11004,JED-NTH ABH AH315,24675 Remote/Local value,11004
24675,JED-NTH-MDNAS-45,24675_Y1-RMU17224_AMP_A,13015,JED-NTH ABH AH315,24675 Y1 i_a_value(A),13015
24675,JED-NTH-MDNAS-45,24675_Y1-RMU17224_AMP_B,13016,JED-NTH ABH AH315,24675 Y1 i_b_value(A),13016
24675,JED-NTH-MDNAS-45,24675_Y1-RMU17224_AMP_C,13017,JED-NTH ABH AH315,24675 Y1 i_c_value(A),13017
24675,JED-NTH-MDNAS-45,24675_Y1-RMU17224_AMP_N,13018,JED-NTH ABH AH315,24675 Y1 i_n_value(A),13018
24675,JED-NTH-MDNAS-45,24675_TR1-RMU24675_AMP_A,13019,JED-NTH ABH AH315,24675 Q1 i_a_value(A),13019
24675,JED-NTH-MDNAS-45,24675_TR1-RMU24675_AMP_B,13020,JED-NTH ABH AH315,24675 Q1 i_b_value(A),13020
24675,JED-NTH-MDNAS-45,24675_TR1-RMU24675_AMP_C,13021,JED-NTH ABH AH315,24675 Q1 i_c_value(A),13021
24675,JED-NTH-MDNAS-45,24675_TR1-RMU24675_AMP_N,13022,JED-NTH ABH AH315,24675 Q1 i_n_value(A),13022
24675,JED-NTH-MDNAS-45,24675_Y2-RMU25879_AMP_A,13023,JED-NTH ABH AH315,24675 Y2 i_a_value(A),13023
24675,JED-NTH-MDNAS-45,24675_Y2-RMU25879_AMP_B,13024,JED-NTH ABH AH315,24675 Y2 i_b_value(A),13024
24675,JED-NTH-MDNAS-45,24675_Y2-RMU25879_AMP_C,13025,JED-NTH ABH AH315,24675 Y2 i_c_value(A),13025
24675,JED-NTH-MDNAS-45,24675_Y2-RMU25879_AMP_N,13026,JED-NTH ABH AH315,24675 Y2 i_n_value(A),13026
24675,,,,JED-NTH ABH AH315,24675 Y1 S(kVA),13057
24675,,,,JED-NTH ABH AH315,24675 Y1 P(kW),13058
24675,,,,JED-NTH ABH AH315,24675 Y1 Q(kVar),13059
24675,JED-NTH-MDNAS-45,24675_TR1-RMU24675_VOLT_A,13060,JED-NTH ABH AH315,24675 Q1 u_ab_value(kV),13060
24675,JED-NTH-MDNAS-45,24675_TR1-RMU24675_VOLT_B,13061,JED-NTH ABH AH315,24675 Q1 u_bc_value(kV),13061
24675,JED-NTH-MDNAS-45,24675_TR1-RMU24675_VOLT_C,13062,JED-NTH ABH AH315,24675 Q1 u_ca_value(kV),13062
24675,JED-NTH-MDNAS-45,24675_TR1-RMU24675_VOLT_N,13063,JED-NTH ABH AH315,24675 Q1 u_n_value(kV),13063
24675,JED-NTH-MDNAS-45,24675_TR1-RMU24675_KVA,13064,JED-NTH ABH AH315,24675 Q1 S(kVA),13064
24675,JED-NTH-MDNAS-45,24675_Y2-RMU25879_KVA,13064,,,
24675,JED-NTH-MDNAS-45,24675_TR1-RMU24675_KW,13065,JED-NTH ABH AH315,24675 Q1 P(kW),13065
24675,JED-NTH-MDNAS-45,24675_Y2-RMU25879_KW,13065,,,
24675,JED-NTH-MDNAS-45,24675_TR1-RMU24675_KVAR,13066,JED-NTH ABH AH315,24675 Q1 Q(kVar),13066
24675,JED-NTH-MDNAS-45,24675_Y2-RMU25879_KVAR,13066,,,
24675,JED-NTH-MDNAS-45,24675_TR1-RMU24675_PF,13067,JED-NTH ABH AH315,24675 Q1 Power factor,13067
24675,,,,JED-NTH ABH AH315,24675 Y2 S(kVA),13068
24675,,,,JED-NTH ABH AH315,24675 Y2 P(kW),13069
24675,,,,JED-NTH ABH AH315,24675 Y2 Q(kVar),13070
24704,JED-NTH-FRDS-45,24704_Y1-RMU25257_CMD,1,JED-NTH ABH AH315,24704 Y1 CMD,1
24704,JED-NTH-FRDS-45,24704_TR1_CMD,5,JED-NTH ABH AH315,24704 Q1 CMD,5
24704,JED-NTH-FRDS-45,24704_Y2-FRDS-45_CMD,9,JED-NTH ABH AH315,24704 Y2 CMD,9
24704,JED-NTH-FRDS-45,24704_Y1-RMU25257_ST_LOCK,1000,JED-NTH ABH AH315,24704 Y1/Lock/Unlock indication value,1000
24704,JED-NTH-FRDS-45,24704_Y1-RMU25257_ST_GND,1001,JED-NTH ABH AH315,24704 KY1 state,1001
24704,JED-NTH-FRDS-45,24704_TR1_ST_LOCK,1002,JED-NTH ABH AH315,24704 Q1/Lock/Unlock indication value,1002
24704,JED-NTH-FRDS-45,24704_TR1_ST_GND,1003,JED-NTH ABH AH315,24704 KQ1 state,1003
24704,JED-NTH-FRDS-45,24704_Y2-FRDS-45_ST_LOCK,1004,JED-NTH ABH AH315,24704 Y2/Lock/Unlock indication value,1004
24704,JED-NTH-FRDS-45,24704_Y2-FRDS-45_ST_GND,1005,JED-NTH ABH AH315,24704 KY2 state,1005
24704,JED-NTH-FRDS-45,24704_BATT_LOW,1008,JED-NTH ABH AH315,24704 Battery low value,1008
24704,JED-NTH-FRDS-45,24704_GAS_LOW,1009,JED-NTH ABH AH315,24704 Gas low value,1009
24704,JED-NTH-FRDS-45,24704_AC_FAIL,1010,JED-NTH ABH AH315,24704 AC power fail value,1010
24704,JED-NTH-FRDS-45,24704_DOOR_OPENED,1011,JED-NTH ABH AH315,24704 Door open value,1011
24704,JED-NTH-FRDS-45,24704_DC_ST,1012,JED-NTH ABH AH315,24704 DC power fail value,1012
24704,JED-NTH-FRDS-45,24704_MOTOR_CRT_FAIL,1013,JED-NTH ABH AH315,24704 Motor circuit fail value,1013
24704,JED-NTH-FRDS-45,24704_RTU_FAIL,1277,JED-NTH ABH AH315,24704 RTU Self diagnostic value,1277
24704,JED-NTH-FRDS-45,24704_EFI,1278,JED-NTH ABH AH315,24704 EFI (Fault indication) value,1278
24704,JED-NTH-FRDS-45,24704_PROT_HEALTH,1279,JED-NTH ABH AH315,24704 Protection Health value,1279
24704,JED-NTH-FRDS-45,24704_PROT_TRIP_EFI,1280,JED-NTH ABH AH315,24704 Protection Trip (Earth fault) value,1280
24704,JED-NTH-FRDS-45,24704_PROT_TRIP_PH_FLT,1281,JED-NTH ABH AH315,24704 Protection Trip (Phase fault) value,1281
24704,JED-NTH-FRDS-45,24704_Y1-RMU25257_ST,11000,JED-NTH ABH AH315,24704 Y1 state,11000
24704,JED-NTH-FRDS-45,24704_TR1_ST,11001,JED-NTH ABH AH315,24704 Q1 state,11001
24704,JED-NTH-FRDS-45,24704_Y2-FRDS-45_ST,11002,JED-NTH ABH AH315,24704 Y2 state,11002
24704,JED-NTH-FRDS-45,24704_LR,11004,JED-NTH ABH AH315,24704 Remote/Local value,11004
24704,JED-NTH-FRDS-45,24704_Y1-RMU25257_AMP_A,13015,JED-NTH ABH AH315,24704 Y1 i_a_value(A),13015
24704,JED-NTH-FRDS-45,24704_Y1-RMU25257_AMP_B,13016,JED-NTH ABH AH315,24704 Y1 i_b_value(A),13016
24704,JED-NTH-FRDS-45,24704_Y1-RMU25257_AMP_C,13017,JED-NTH ABH AH315,24704 Y1 i_c_value(A),13017
24704,JED-NTH-FRDS-45,24704_Y1-RMU25257_AMP_N,13018,JED-NTH ABH AH315,24704 Y1 i_n_value(A),13018
24704,JED-NTH-FRDS-45,24704_TR1_AMP_A,13019,JED-NTH ABH AH315,24704 Q1 i_a_value(A),13019
24704,JED-NTH-FRDS-45,24704_TR1_AMP_B,13020,JED-NTH ABH AH315,24704 Q1 i_b_value(A),13020
24704,JED-NTH-FRDS-45,24704_TR1_AMP_C,13021,JED-NTH ABH AH315,24704 Q1 i_c_value(A),13021
24704,JED-NTH-FRDS-45,24704_TR1_AMP_N,13022,JED-NTH ABH AH315,24704 Q1 i_n_value(A),13022
24704,JED-NTH-FRDS-45,24704_Y2-FRDS-45_AMP_A,13023,JED-NTH ABH AH315,24704 Y2 i_a_value(A),13023
24704,JED-NTH-FRDS-45,24704_Y2-FRDS-45_AMP_B,13024,JED-NTH ABH AH315,24704 Y2 i_b_value(A),13024
24704,JED-NTH-FRDS-45,24704_Y2-FRDS-45_AMP_C,13025,JED-NTH ABH AH315,24704 Y2 i_c_value(A),13025
24704,JED-NTH-FRDS-45,24704_Y2-FRDS-45_AMP_N,13026,JED-NTH ABH AH315,24704 Y2 i_n_value(A),13026
24704,JED-NTH-FRDS-45,24704_Y1-RMU25257_KVA,13057,JED-NTH ABH AH315,24704 Y1 S(kVA),13057
24704,JED-NTH-FRDS-45,24704_Y1-RMU25257_KVAR,13057,,,
24704,JED-NTH-FRDS-45,24704_Y1-RMU25257_KW,13058,JED-NTH ABH AH315,24704 Y1 P(kW),13058
24704,,,,JED-NTH ABH AH315,24704 Y1 Q(kVar),13059
24704,JED-NTH-FRDS-45,24704_TR1_VOLT_A,13060,JED-NTH ABH AH315,24704 Q1 u_ab_value(kV),13060
24704,JED-NTH-FRDS-45,24704_TR1_VOLT_B,13061,JED-NTH ABH AH315,24704 Q1 u_bc_value(kV),13061
24704,JED-NTH-FRDS-45,24704_TR1_VOLT_C,13062,JED-NTH ABH AH315,24704 Q1 u_ca_value(kV),13062
24704,JED-NTH-FRDS-45,24704_TR1_VN,13063,JED-NTH ABH AH315,24704 Q1 u_n_value(kV),13063
24704,JED-NTH-FRDS-45,24704_TR1_VOLT_N,13063,,,
24704,,,,JED-NTH ABH AH315,24704 Q1 S(kVA),13064
24704,JED-NTH-FRDS-45,24704_TR1_KW,13065,JED-NTH ABH AH315,24704 Q1 P(kW),13065
24704,JED-NTH-FRDS-45,24704_TR1_KVA,13066,JED-NTH ABH AH315,24704 Q1 Q(kVar),13066
24704,JED-NTH-FRDS-45,24704_TR1_KVAR,13066,,,
24704,JED-NTH-FRDS-45,24704_TR1_PF,13067,JED-NTH ABH AH315,24704 Q1 Power factor,13067
24704,JED-NTH-FRDS-45,24704_Y2-FRDS-45_KVA,13068,JED-NTH ABH AH315,24704 Y2 S(kVA),13068
24704,JED-NTH-FRDS-45,24704_Y2-FRDS-45_KVAR,13068,,,
24704,JED-NTH-FRDS-45,24704_Y2-FRDS-45_KW,13069,JED-NTH ABH AH315,24704 Y2 P(kW),13069
24704,,,,JED-NTH ABH AH315,24704 Y2 Q(kVar),13070
24897,JED-NTH-MDNAS-45,24897_Y1-35161_CMD,1,JED-NTH ABH AH315,24897 Y1 CMD,1
24897,JED-NTH-MDNAS-45,24897_Y2-31139_CMD,5,JED-NTH ABH AH315,24897 Y2 CMD,5
24897,JED-NTH-MDNAS-45,24897_TR1_CMD,9,JED-NTH ABH AH315,24897 Q1 CMD,9
24897,JED-NTH-MDNAS-45,24897_Y3-24674_CMD,13,JED-NTH ABH AH315,24897 Y3 CMD,13
24897,JED-NTH-MDNAS-45,24897_Y1-35161_ST_LOCK,1000,JED-NTH ABH AH315,24897 Y1/Lock/Unlock indication value,1000
24897,JED-NTH-MDNAS-45,24897_Y1-35161_ST_GND,1001,JED-NTH ABH AH315,24897 KY1 state,1001
24897,JED-NTH-MDNAS-45,24897_Y2-31139_ST_LOCK,1002,JED-NTH ABH AH315,24897 Y2/Lock/Unlock indication value,1002
24897,JED-NTH-MDNAS-45,24897_Y2-31139_ST_GND,1003,JED-NTH ABH AH315,24897 KY2 state,1003
24897,JED-NTH-MDNAS-45,24897_TR1_ST_LOCK,1004,JED-NTH ABH AH315,24897 Q1/Lock/Unlock indication value,1004
24897,JED-NTH-MDNAS-45,24897_TR1_ST_GND,1005,JED-NTH ABH AH315,24897 KQ1 state,1005
24897,JED-NTH-MDNAS-45,24897_Y3-24674_ST_LOCK,1006,JED-NTH ABH AH315,24897 Y3/Lock/Unlock indication value,1006
24897,JED-NTH-MDNAS-45,24897_Y3-24674_ST_GND,1007,JED-NTH ABH AH315,24897 KY3 state,1007
24897,JED-NTH-MDNAS-45,24897_BATT_LOW,1008,JED-NTH ABH AH315,24897 Battery low value,1008
24897,JED-NTH-MDNAS-45,24897_GAS_LOW,1009,JED-NTH ABH AH315,24897 Gas low value,1009
24897,JED-NTH-MDNAS-45,24897_AC_FAIL,1010,JED-NTH ABH AH315,24897 AC power fail value,1010
24897,JED-NTH-MDNAS-45,24897_DOOR_OPENED,1011,JED-NTH ABH AH315,24897 Door open value,1011
24897,JED-NTH-MDNAS-45,24897_DC_ST,1012,JED-NTH ABH AH315,24897 DC power fail value,1012
24897,JED-NTH-MDNAS-45,24897_MOTOR_CRT_FAIL,1013,JED-NTH ABH AH315,24897 Motor circuit fail value,1013
24897,JED-NTH-MDNAS-45,24897_RTU_FAIL,1277,JED-NTH ABH AH315,24897 RTU Self diagnostic value,1277
24897,JED-NTH-MDNAS-45,24897_EFI,1278,JED-NTH ABH AH315,24897 EFI (Fault indication) value,1278
24897,JED-NTH-MDNAS-45,24897_PROT_HEALTH,1279,JED-NTH ABH AH315,24897 Protection Health value,1279
24897,JED-NTH-MDNAS-45,24897_PROT_TRIP_EFI,1280,JED-NTH ABH AH315,24897 Protection Trip (Earth fault) value,1280
24897,JED-NTH-MDNAS-45,24897_PROT_TRIP_PH_FLT,1281,JED-NTH ABH AH315,24897 Protection Trip (Phase fault) value,1281
24897,JED-NTH-MDNAS-45,24897_Y1-35161_ST,11000,JED-NTH ABH AH315,24897 Y1 state,11000
24897,JED-NTH-MDNAS-45,24897_Y2-31139_ST,11001,JED-NTH ABH AH315,24897 Y2 state,11001
24897,JED-NTH-MDNAS-45,24897_TR1_ST,11002,JED-NTH ABH AH315,24897 Q1 state,11002
24897,JED-NTH-MDNAS-45,24897_Y3-24674_ST,11003,JED-NTH ABH AH315,24897 Y3 state,11003
24897,JED-NTH-MDNAS-45,24897_LR,11004,JED-NTH ABH AH315,24897 Remote/Local value,11004
24897,JED-NTH-MDNAS-45,24897_Y1-35161_AMP_A,13015,JED-NTH ABH AH315,24897 Y1 i_a_value(A),13015
24897,JED-NTH-MDNAS-45,24897_Y1-35161_AMP_B,13016,JED-NTH ABH AH315,24897 Y1 i_b_value(A),13016
24897,JED-NTH-MDNAS-45,24897_Y1-35161_AMP_C,13017,JED-NTH ABH AH315,24897 Y1 i_c_value(A),13017
24897,JED-NTH-MDNAS-45,24897_Y1-35161_AMP_N,13018,JED-NTH ABH AH315,24897 Y1 i_n_value(A),13018
24897,JED-NTH-MDNAS-45,24897_Y2-31139_AMP_A,13019,JED-NTH ABH AH315,24897 Y2 i_a_value(A),13019
24897,JED-NTH-MDNAS-45,24897_Y2-31139_AMP_B,13020,JED-NTH ABH AH315,24897 Y2 i_b_value(A),13020
24897,JED-NTH-MDNAS-45,24897_Y2-31139_AMP_C,13021,JED-NTH ABH AH315,24897 Y2 i_c_value(A),13021
24897,JED-NTH-MDNAS-45,24897_Y2-31139_AMP_N,13022,JED-NTH ABH AH315,24897 Y2 i_n_value(A),13022
24897,JED-NTH-MDNAS-45,24897_TR1_AMP_A,13023,JED-NTH ABH AH315,24897 Q1 i_a_value(A),13023
24897,JED-NTH-MDNAS-45,24897_TR1_AMP_B,13024,JED-NTH ABH AH315,24897 Q1 i_b_value(A),13024
24897,JED-NTH-MDNAS-45,24897_TR1_AMP_C,13025,JED-NTH ABH AH315,24897 Q1 i_c_value(A),13025
24897,JED-NTH-MDNAS-45,24897_TR1_AMP_N,13026,JED-NTH ABH AH315,24897 Q1 i_n_value(A),13026
24897,JED-NTH-MDNAS-45,24897_Y3-24674_AMP_A,13027,JED-NTH ABH AH315,24897 Y3 i_a_value(A),13027
24897,JED-NTH-MDNAS-45,24897_Y3-24674_AMP_B,13028,JED-NTH ABH AH315,24897 Y3 i_b_value(A),13028
24897,JED-NTH-MDNAS-45,24897_Y3-24674_AMP_C,13029,JED-NTH ABH AH315,24897 Y3 i_c_value(A),13029
24897,JED-NTH-MDNAS-45,24897_Y3-24674_AMP_N,13030,JED-NTH ABH AH315,24897 Y3 i_n_value(A),13030
24897,JED-NTH-MDNAS-45,24897_Y1-35161_KVA,13057,JED-NTH ABH AH315,24897 Y1 S(kVA),13057
24897,JED-NTH-MDNAS-45,24897_Y1-35161_KW,13058,JED-NTH ABH AH315,24897 Y1 P(kW),13058
24897,JED-NTH-MDNAS-45,24897_Y1-35161_KVAR,13059,JED-NTH ABH AH315,24897 Y1 Q(kVar),13059
24897,JED-NTH-MDNAS-45,24897_Y2-31139_KVA,13060,JED-NTH ABH AH315,24897 Y2 S(kVA),13060
24897,JED-NTH-MDNAS-45,24897_Y2-31139_KW,13061,JED-NTH ABH AH315,24897 Y2 P(kW),13061
24897,JED-NTH-MDNAS-45,24897_Y2-31139_KVAR,13062,JED-NTH ABH AH315,24897 Y2 Q(kVar),13062
24897,JED-NTH-MDNAS-45,24897_TR1_VOLT_A,13063,JED-NTH ABH AH315,24897 Q1 u_ab_value(kV),13063
24897,JED-NTH-MDNAS-45,24897_TR1_VOLT_B,13064,JED-NTH ABH AH315,24897 Q1 u_bc_value(kV),13064
24897,JED-NTH-MDNAS-45,24897_TR1_VOLT_C,13065,JED-NTH ABH AH315,24897 Q1 u_ca_value(kV),13065
24897,JED-NTH-MDNAS-45,24897_TR1_VOLT_N,13066,JED-NTH ABH AH315,24897 Q1 u_n_value(kV),13066
24897,JED-NTH-MDNAS-45,24897_TR1_KVA,13067,JED-NTH ABH AH315,24897 Q1 S(kVA),13067
24897,JED-NTH-MDNAS-45,24897_TR1_KW,13068,JED-NTH ABH AH315,24897 Q1 P(kW),13068
24897,JED-NTH-MDNAS-45,24897_TR1_KVAR,13069,JED-NTH ABH AH315,24897 Q1 Q(kVar),13069
24897,JED-NTH-MDNAS-45,24897_TR1_PF,13070,JED-NTH ABH AH315,24897 Q1 Power factor,13070
24897,JED-NTH-MDNAS-45,24897_Y3-24674_KVA,13071,JED-NTH ABH AH315,24897 Y3 S(kVA),13071
24897,JED-NTH-MDNAS-45,24897_Y3-24674_KW,13072,JED-NTH ABH AH315,24897 Y3 P(kW),13072
24897,JED-NTH-MDNAS-45,24897_Y3-24674_KVAR,13073,JED-NTH ABH AH315,24897 Y3 Q(kVar),13073
25178,JED-NTH-FRDS-44,25178_Y1-RMU14ABH_CMD,1,JED-NTH ABH AH314,25178 Y1 CMD,1
25178,JED-NTH-FRDS-44,25178_Y2-RMU29471_CMD,5,JED-NTH ABH AH314,25178 Y2 CMD,5
25178,JED-NTH-FRDS-44,25178_TR1_CMD,9,JED-NTH ABH AH314,25178 Q1 CMD,9
25178,JED-NTH-FRDS-44,25178_Y3-43022_CMD,13,JED-NTH ABH AH314,25178 Y3 CMD,13
25178,JED-NTH-FRDS-44,25178_Y1-RMU14ABH_ST_LOCK,1000,JED-NTH ABH AH314,25178 Y1/Lock/Unlock indication value,1000
25178,JED-NTH-FRDS-44,25178_Y1-RMU14ABH_ST_GND,1001,JED-NTH ABH AH314,25178 KY1 state,1001
25178,JED-NTH-FRDS-44,25178_TR1_ST_LOCK,1002,JED-NTH ABH AH314,25178 Y2/Lock/Unlock indication value,1002
25178,JED-NTH-FRDS-44,25178_Y2-RMU29471_ST_GND,1003,JED-NTH ABH AH314,25178 KY2 state,1003
25178,JED-NTH-FRDS-44,25178_Y2-RMU29471_ST_LOCK,1004,JED-NTH ABH AH314,25178 Q1/Lock/Unlock indication value,1004
25178,JED-NTH-FRDS-44,25178_TR1_ST_GND,1005,JED-NTH ABH AH314,25178 KQ1 state,1005
25178,JED-NTH-FRDS-44,25178_Y3-43022_ST_LOCK,1006,JED-NTH ABH AH314,25178 Y3/Lock/Unlock indication value,1006
25178,JED-NTH-FRDS-44,25178_Y3-43022_ST_GND,1007,JED-NTH ABH AH314,25178 KY3 state,1007
25178,JED-NTH-FRDS-44,25178_BATT_LOW,1008,JED-NTH ABH AH314,25178 Battery low value,1008
25178,JED-NTH-FRDS-44,25178_GAS_LOW,1009,JED-NTH ABH AH314,25178 Gas low value,1009
25178,JED-NTH-FRDS-44,25178_AC_FAIL,1010,JED-NTH ABH AH314,25178 AC power fail value,1010
25178,JED-NTH-FRDS-44,25178_DOOR_OPENED,1011,JED-NTH ABH AH314,25178 Door open value,1011
25178,JED-NTH-FRDS-44,25178_DC_ST,1012,JED-NTH ABH AH314,25178 DC power fail value,1012
25178,JED-NTH-FRDS-44,25178_MOTOR_CRT_FAIL,1013,JED-NTH ABH AH314,25178 Motor circuit fail value,1013
25178,JED-NTH-FRDS-44,25178_RTU_FAIL,1277,JED-NTH ABH AH314,25178 RTU Self diagnostic value,1277
25178,JED-NTH-FRDS-44,25178_EFI,1278,JED-NTH ABH AH314,25178 EFI (Fault indication) value,1278
25178,JED-NTH-FRDS-44,25178_PROT_HEALTH,1279,JED-NTH ABH AH314,25178 Protection Health value,1279
25178,JED-NTH-FRDS-44,25178_PROT_TRIP_EFI,1280,JED-NTH ABH AH314,25178 Protection Trip (Earth fault) value,1280
25178,JED-NTH-FRDS-44,25178_PROT_TRIP_PH_FLT,1281,JED-NTH ABH AH314,25178 Protection Trip (Phase fault) value,1281
25178,JED-NTH-FRDS-44,25178_Y1-RMU14ABH_ST,11000,JED-NTH ABH AH314,25178 Y1 state,11000
25178,JED-NTH-FRDS-44,25178_Y2-RMU29471_ST,11001,JED-NTH ABH AH314,25178 Y2 state,11001
25178,JED-NTH-FRDS-44,25178_TR1_ST,11002,JED-NTH ABH AH314,25178 Q1 state,11002
25178,JED-NTH-FRDS-44,25178_Y3-43022_ST,11003,JED-NTH ABH AH314,25178 Y3 state,11003
25178,JED-NTH-FRDS-44,25178_LR,11004,JED-NTH ABH AH314,25178 Remote/Local value,11004
25178,JED-NTH-FRDS-44,25178_Y1-RMU14ABH_AMP_A,13015,JED-NTH ABH AH314,25178 Y1 i_a_value(A),13015
25178,JED-NTH-FRDS-44,25178_Y1-RMU14ABH_AMP_B,13016,JED-NTH ABH AH314,25178 Y1 i_b_value(A),13016
25178,JED-NTH-FRDS-44,25178_Y1-RMU14ABH_AMP_C,13017,JED-NTH ABH AH314,25178 Y1 i_c_value(A),13017
25178,JED-NTH-FRDS-44,25178_Y1-RMU14ABH_AMP_N,13018,JED-NTH ABH AH314,25178 Y1 i_n_value(A),13018
25178,JED-NTH-FRDS-44,25178_TR1_AMP_A,13019,JED-NTH ABH AH314,25178 Y2 i_a_value(A),13019
25178,,,,JED-NTH ABH AH314,25178 Y2 i_b_value(A),13020
25178,JED-NTH-FRDS-44,25178_TR1_AMP_C,13021,JED-NTH ABH AH314,25178 Y2 i_c_value(A),13021
25178,JED-NTH-FRDS-44,25178_TR1_AMP_N,13022,JED-NTH ABH AH314,25178 Y2 i_n_value(A),13022
25178,JED-NTH-FRDS-44,25178_Y2-RMU29471_AMP_A,13023,JED-NTH ABH AH314,25178 Q1 i_a_value(A),13023
25178,JED-NTH-FRDS-44,25178_TR1_AMP_B,13024,JED-NTH ABH AH314,25178 Q1 i_b_value(A),13024
25178,JED-NTH-FRDS-44,25178_Y2-RMU29471_AMP_B,13024,,,
25178,JED-NTH-FRDS-44,25178_Y2-RMU29471_AMP_C,13025,JED-NTH ABH AH314,25178 Q1 i_c_value(A),13025
25178,JED-NTH-FRDS-44,25178_Y2-RMU29471_AMP_N,13026,JED-NTH ABH AH314,25178 Q1 i_n_value(A),13026
25178,JED-NTH-FRDS-44,25178_Y3-43022_AMP_A,13027,JED-NTH ABH AH314,25178 Y3 i_a_value(A),13027
25178,JED-NTH-FRDS-44,25178_Y3-43022_AMP_B,13028,JED-NTH ABH AH314,25178 Y3 i_b_value(A),13028
25178,JED-NTH-FRDS-44,25178_Y3-43022_AMP_C,13029,JED-NTH ABH AH314,25178 Y3 i_c_value(A),13029
25178,JED-NTH-FRDS-44,25178_Y3-43022_AMP_N,13030,JED-NTH ABH AH314,25178 Y3 i_n_value(A),13030
25178,JED-NTH-FRDS-44,25178_Y1-RMU14ABH_KVA,13057,JED-NTH ABH AH314,25178 Y1 S(kVA),13057
25178,JED-NTH-FRDS-44,25178_Y1-RMU14ABH_KVAR,13057,,,
25178,JED-NTH-FRDS-44,25178_Y1-RMU14ABH_KW,13058,JED-NTH ABH AH314,25178 Y1 P(kW),13058
25178,,,,JED-NTH ABH AH314,25178 Y1 Q(kVar),13059
25178,,,,JED-NTH ABH AH314,25178 Y2 S(kVA),13060
25178,,,,JED-NTH ABH AH314,25178 Y2 P(kW),13061
25178,,,,JED-NTH ABH AH314,25178 Y2 Q(kVar),13062
25178,JED-NTH-FRDS-44,25178_TR1_VOLT_A,13063,JED-NTH ABH AH314,25178 Q1 u_ab_value(kV),13063
25178,JED-NTH-FRDS-44,25178_TR1_VOLT_B,13064,JED-NTH ABH AH314,25178 Q1 u_bc_value(kV),13064
25178,JED-NTH-FRDS-44,25178_TR1_KW,13065,JED-NTH ABH AH314,25178 Q1 u_ca_value(kV),13065
25178,JED-NTH-FRDS-44,25178_TR1_VOLT_C,13065,,,
25178,JED-NTH-FRDS-44,25178_TR1_KVA,13066,JED-NTH ABH AH314,25178 Q1 u_n_value(kV),13066
25178,JED-NTH-FRDS-44,25178_TR1_KVAR,13066,,,
25178,JED-NTH-FRDS-44,25178_TR1_VOLT_N,13066,,,
25178,,,,JED-NTH ABH AH314,25178 Q1 S(kVA),13067
25178,JED-NTH-FRDS-44,25178_Y2-RMU29471_KVA,13068,JED-NTH ABH AH314,25178 Q1 P(kW),13068
25178,JED-NTH-FRDS-44,25178_Y2-RMU29471_KVAR,13068,,,
25178,JED-NTH-FRDS-44,25178_Y2-RMU29471_KW,13069,JED-NTH ABH AH314,25178 Q1 Q(kVar),13069
25178,JED-NTH-FRDS-44,25178_TR1_PF,13070,JED-NTH ABH AH314,25178 Q1 Power factor,13070
25178,JED-NTH-FRDS-44,25178_Y3-43022_KVA,13071,JED-NTH ABH AH314,25178 Y3 S(kVA),13071
25178,JED-NTH-FRDS-44,25178_Y3-43022_KVAR,13071,,,
25178,JED-NTH-FRDS-44,25178_Y3-43022_KW,13072,JED-NTH ABH AH314,25178 Y3 P(kW),13072
25178,,,,JED-NTH ABH AH314,25178 Y3 Q(kVar),13073
25683,JED-NTH-NAH-55,25683_Y1-RMU32979_CMD,1,JED-NTH ABH AH311,25683 Y1 CMD,1
25683,JED-NTH-NAH-55,25683_TR1-RMU25683_CMD,5,JED-NTH ABH AH311,25683 Q1 CMD,5
25683,JED-NTH-NAH-55,25683_Y2-RMU13314_CMD,9,JED-NTH ABH AH311,25683 Y2 CMD,9
25683,JED-NTH-NAH-55,25683_Y1-RMU32979_ST_LOCK,1000,JED-NTH ABH AH311,25683 Y1/Lock/Unlock indication value,1000
25683,JED-NTH-NAH-55,25683_Y1-RMU32979_ST_GND,1001,JED-NTH ABH AH311,25683 KY1 state,1001
25683,JED-NTH-NAH-55,25683_TR1-RMU25683_ST_LOCK,1002,JED-NTH ABH AH311,25683 Q1/Lock/Unlock indication value,1002
25683,JED-NTH-NAH-55,25683_TR1-RMU25683_ST_GND,1003,JED-NTH ABH AH311,25683 KQ1 state,1003
25683,JED-NTH-NAH-55,25683_Y2-RMU13314_ST_LOCK,1004,JED-NTH ABH AH311,25683 Y2/Lock/Unlock indication value,1004
25683,JED-NTH-NAH-55,25683_Y2-RMU13314_ST_GND,1005,JED-NTH ABH AH311,25683 KY2 state,1005
25683,JED-NTH-NAH-55,25683_BATT_LOW,1008,JED-NTH ABH AH311,25683 Battery low value,1008
25683,JED-NTH-NAH-55,25683_GAS_LOW,1009,JED-NTH ABH AH311,25683 Gas low value,1009
25683,JED-NTH-NAH-55,25683_AC_FAIL,1010,JED-NTH ABH AH311,25683 AC power fail value,1010
25683,JED-NTH-NAH-55,25683_DOOR_OPENED,1011,JED-NTH ABH AH311,25683 Door open value,1011
25683,JED-NTH-NAH-55,25683_DC_ST,1012,JED-NTH ABH AH311,25683 DC power fail value,1012
25683,JED-NTH-NAH-55,25683_MOTOR_CRT_FAIL,1013,JED-NTH ABH AH311,25683 Motor circuit fail value,1013
25683,JED-NTH-NAH-55,25683_RTU_FAIL,1277,JED-NTH ABH AH311,25683 RTU Self diagnostic value,1277
25683,JED-NTH-NAH-55,25683_EFI,1278,JED-NTH ABH AH311,25683 EFI (Fault indication) value,1278
25683,JED-NTH-NAH-55,25683_PROT_HEALTH,1279,JED-NTH ABH AH311,25683 Protection Health value,1279
25683,JED-NTH-NAH-55,25683_PROT_TRIP_EFI,1280,JED-NTH ABH AH311,25683 Protection Trip (Earth fault) value,1280
25683,JED-NTH-NAH-55,25683_PROT_TRIP_PH_FLT,1281,JED-NTH ABH AH311,25683 Protection Trip (Phase fault) value,1281
25683,JED-NTH-NAH-55,25683_Y1-RMU32979_ST,11000,JED-NTH ABH AH311,25683 Y1 state,11000
25683,JED-NTH-NAH-55,25683_TR1-RMU25683_ST,11001,JED-NTH ABH AH311,25683 Q1 state,11001
25683,JED-NTH-NAH-55,25683_Y2-RMU13314_ST,11002,JED-NTH ABH AH311,25683 Y2 state,11002
25683,JED-NTH-NAH-55,25683_LR,11004,JED-NTH ABH AH311,25683 Remote/Local value,11004
25683,JED-NTH-NAH-55,25683_Y1-RMU32979_AMP_A,13015,JED-NTH ABH AH311,25683 Y1 i_a_value(A),13015
25683,JED-NTH-NAH-55,25683_Y1-RMU32979_AMP_B,13016,JED-NTH ABH AH311,25683 Y1 i_b_value(A),13016
25683,JED-NTH-NAH-55,25683_Y1-RMU32979_AMP_C,13017,JED-NTH ABH AH311,25683 Y1 i_c_value(A),13017
25683,JED-NTH-NAH-55,25683_Y1-RMU32979_AMP_N,13018,JED-NTH ABH AH311,25683 Y1 i_n_value(A),13018
25683,JED-NTH-NAH-55,25683_TR1-RMU25683_AMP_A,13019,JED-NTH ABH AH311,25683 Q1 i_a_value(A),13019
25683,JED-NTH-NAH-55,25683_TR1-RMU25683_AMP_B,13020,JED-NTH ABH AH311,25683 Q1 i_b_value(A),13020
25683,JED-NTH-NAH-55,25683_TR1-RMU25683_AMP_C,13021,JED-NTH ABH AH311,25683 Q1 i_c_value(A),13021
25683,JED-NTH-NAH-55,25683_TR1-RMU25683_AMP_N,13022,JED-NTH ABH AH311,25683 Q1 i_n_value(A),13022
25683,JED-NTH-NAH-55,25683_Y2-RMU13314_AMP_A,13023,JED-NTH ABH AH311,25683 Y2 i_a_value(A),13023
25683,JED-NTH-NAH-55,25683_Y2-RMU13314_AMP_B,13024,JED-NTH ABH AH311,25683 Y2 i_b_value(A),13024
25683,JED-NTH-NAH-55,25683_Y2-RMU13314_AMP_C,13025,JED-NTH ABH AH311,25683 Y2 i_c_value(A),13025
25683,JED-NTH-NAH-55,25683_Y2-RMU13314_AMP_N,13026,JED-NTH ABH AH311,25683 Y2 i_n_value(A),13026
25683,,,,JED-NTH ABH AH311,25683 Y1 S(kVA),13057
25683,,,,JED-NTH ABH AH311,25683 Y1 P(kW),13058
25683,,,,JED-NTH ABH AH311,25683 Y1 Q(kVar),13059
25683,JED-NTH-NAH-55,25683_TR1-RMU25683_VOLT_A,13060,JED-NTH ABH AH311,25683 Q1 u_ab_value(kV),13060
25683,JED-NTH-NAH-55,25683_TR1-RMU25683_VOLT_B,13061,JED-NTH ABH AH311,25683 Q1 u_bc_value(kV),13061
25683,JED-NTH-NAH-55,25683_TR1-RMU25683_VOLT_C,13062,JED-NTH ABH AH311,25683 Q1 u_ca_value(kV),13062
25683,JED-NTH-NAH-55,25683_TR1-RMU25683_VOLT_N,13063,JED-NTH ABH AH311,25683 Q1 u_n_value(kV),13063
25683,JED-NTH-NAH-55,25683_TR1-RMU25683_KVA,13064,JED-NTH ABH AH311,25683 Q1 S(kVA),13064
25683,JED-NTH-NAH-55,25683_TR1-RMU25683_KW,13065,JED-NTH ABH AH311,25683 Q1 P(kW),13065
25683,JED-NTH-NAH-55,25683_TR1-RMU25683_KVAR,13066,JED-NTH ABH AH311,25683 Q1 Q(kVar),13066
25683,JED-NTH-NAH-55,25683_TR1-RMU25683_PF,13067,JED-NTH ABH AH311,25683 Q1 Power factor,13067
25683,JED-NTH-NAH-55,25683_Y2-RMU13314_KVA,13068,JED-NTH ABH AH311,25683 Y2 S(kVA),13068
25683,JED-NTH-NAH-55,25683_Y2-RMU13314_KW,13069,JED-NTH ABH AH311,25683 Y2 P(kW),13069
25683,JED-NTH-NAH-55,25683_Y2-RMU13314_KVAR,13070,JED-NTH ABH AH311,25683 Y2 Q(kVar),13070
26337,JED-NTH-FRDS-10,26337_Y1-RMU37193_CMD,1,JED-NTH ABH AH321,26337 Y1 CMD,1
26337,JED-NTH-FRDS-10,26337_Y2-RMU37316_CMD,5,JED-NTH ABH AH321,26337 Y2 CMD,5
26337,JED-NTH-FRDS-10,26337_TR1-RMU26337_CMD,9,JED-NTH ABH AH321,26337 Q1 CMD,9
26337,JED-NTH-FRDS-10,26337_Y3-RMUFRDS-10_CMD,13,JED-NTH ABH AH321,26337 Y3 CMD,13
26337,JED-NTH-FRDS-10,26337_Y1-RMU37193_ST_LOCK,1000,JED-NTH ABH AH321,26337 Y1/Lock/Unlock indication value,1000
26337,JED-NTH-FRDS-10,26337_Y1-RMU37193_ST_GND,1001,JED-NTH ABH AH321,26337 KY1 state,1001
26337,JED-NTH-FRDS-10,26337_Y2-RMU37316_ST_LOCK,1002,JED-NTH ABH AH321,26337 Y2/Lock/Unlock indication value,1002
26337,JED-NTH-FRDS-10,26337_Y2-RMU37316_ST_GND,1003,JED-NTH ABH AH321,26337 KY2 state,1003
26337,JED-NTH-FRDS-10,26337_TR1-RMU26337_ST_LOCK,1004,JED-NTH ABH AH321,26337 Q1/Lock/Unlock indication value,1004
26337,JED-NTH-FRDS-10,26337_TR1-RMU26337_ST_GND,1005,JED-NTH ABH AH321,26337 KQ1 state,1005
26337,JED-NTH-FRDS-10,26337_Y3-RMUFRDS-10_ST_LOCK,1006,JED-NTH ABH AH321,26337 Y3/Lock/Unlock indication value,1006
26337,JED-NTH-FRDS-10,26337_Y3-RMUFRDS-10_ST_GND,1007,JED-NTH ABH AH321,26337 KY3 state,1007
26337,JED-NTH-FRDS-10,26337_BATT_LOW,1008,JED-NTH ABH AH321,26337 Battery low value,1008
26337,JED-NTH-FRDS-10,26337_GAS_LOW,1009,JED-NTH ABH AH321,26337 Gas low value,1009
26337,,,,JED-NTH ABH AH321,26337 AC power fail value,1010
26337,JED-NTH-FRDS-10,26337_DOOR_OPENED,1011,JED-NTH ABH AH321,26337 Door open value,1011
26337,JED-NTH-FRDS-10,26337_DC_ST,1012,JED-NTH ABH AH321,26337 DC power fail value,1012
26337,JED-NTH-FRDS-10,26337_MOTOR_CRT_FAIL,1013,JED-NTH ABH AH321,26337 Motor circuit fail value,1013
26337,JED-NTH-FRDS-10,26337_RTU_FAIL,1277,JED-NTH ABH AH321,26337 RTU Self diagnostic value,1277
26337,JED-NTH-FRDS-10,26337_EFI,1278,JED-NTH ABH AH321,26337 EFI (Fault indication) value,1278
26337,JED-NTH-FRDS-10,26337_PROT_HEALTH,1279,JED-NTH ABH AH321,26337 Protection Health value,1279
26337,JED-NTH-FRDS-10,26337_PROT_TRIP_EFI,1280,JED-NTH ABH AH321,26337 Protection Trip (Earth fault) value,1280
26337,JED-NTH-FRDS-10,26337_PROT_TRIP_PH_FLT,1281,JED-NTH ABH AH321,26337 Protection Trip (Phase fault) value,1281
26337,JED-NTH-FRDS-10,26337_Y1-RMU37193_ST,11000,JED-NTH ABH AH321,26337 Y1 state,11000
26337,JED-NTH-FRDS-10,26337_Y2-RMU37316_ST,11001,JED-NTH ABH AH321,26337 Y2 state,11001
26337,JED-NTH-FRDS-10,26337_TR1-RMU26337_ST,11002,JED-NTH ABH AH321,26337 Q1 state,11002
26337,JED-NTH-FRDS-10,26337_Y3-RMUFRDS-10_ST,11003,JED-NTH ABH AH321,26337 Y3 state,11003
26337,JED-NTH-FRDS-10,26337_LR,11004,JED-NTH ABH AH321,26337 Remote/Local value,11004
26337,JED-NTH-FRDS-10,26337_Y1-RMU37193_AMP_A,13015,JED-NTH ABH AH321,26337 Y1 i_a_value(A),13015
26337,JED-NTH-FRDS-10,26337_Y1-RMU37193_AMP_B,13016,JED-NTH ABH AH321,26337 Y1 i_b_value(A),13016
26337,JED-NTH-FRDS-10,26337_Y1-RMU37193_AMP_C,13017,JED-NTH ABH AH321,26337 Y1 i_c_value(A),13017
26337,JED-NTH-FRDS-10,26337_Y1-RMU37193_AMP_N,13018,JED-NTH ABH AH321,26337 Y1 i_n_value(A),13018
26337,JED-NTH-FRDS-10,26337_Y2-RMU37316_AMP_A,13019,JED-NTH ABH AH321,26337 Y2 i_a_value(A),13019
26337,JED-NTH-FRDS-10,26337_Y2-RMU37316_AMP_B,13020,JED-NTH ABH AH321,26337 Y2 i_b_value(A),13020
26337,JED-NTH-FRDS-10,26337_Y2-RMU37316_AMP_C,13021,JED-NTH ABH AH321,26337 Y2 i_c_value(A),13021
26337,JED-NTH-FRDS-10,26337_Y2-RMU37316_AMP_N,13022,JED-NTH ABH AH321,26337 Y2 i_n_value(A),13022
26337,JED-NTH-FRDS-10,26337_TR1-RMU26337_AMP_A,13023,JED-NTH ABH AH321,26337 Q1 i_a_value(A),13023
26337,JED-NTH-FRDS-10,26337_TR1-RMU26337_AMP_B,13024,JED-NTH ABH AH321,26337 Q1 i_b_value(A),13024
26337,JED-NTH-FRDS-10,26337_TR1-RMU26337_AMP_C,13025,JED-NTH ABH AH321,26337 Q1 i_c_value(A),13025
26337,JED-NTH-FRDS-10,26337_TR1-RMU26337_AMP_N,13026,JED-NTH ABH AH321,26337 Q1 i_n_value(A),13026
26337,JED-NTH-FRDS-10,26337_Y3-RMUFRDS-10_AMP_A,13027,JED-NTH ABH AH321,26337 Y3 i_a_value(A),13027
26337,JED-NTH-FRDS-10,26337_Y3-RMUFRDS-10_AMP_B,13028,JED-NTH ABH AH321,26337 Y3 i_b_value(A),13028
26337,JED-NTH-FRDS-10,26337_Y3-RMUFRDS-10_AMP_C,13029,JED-NTH ABH AH321,26337 Y3 i_c_value(A),13029
26337,JED-NTH-FRDS-10,26337_Y3-RMUFRDS-10_AMP_N,13030,JED-NTH ABH AH321,26337 Y3 i_n_value(A),13030
26337,JED-NTH-FRDS-10,26337_Y1-RMU37193_KVA,13057,JED-NTH ABH AH321,26337 Y1 S(kVA),13057
26337,JED-NTH-FRDS-10,26337_Y1-RMU37193_KW,13058,JED-NTH ABH AH321,26337 Y1 P(kW),13058
26337,JED-NTH-FRDS-10,26337_Y1-RMU37193_KVAR,13059,JED-NTH ABH AH321,26337 Y1 Q(kVar),13059
26337,JED-NTH-FRDS-10,26337_Y2-RMU37316_KVA,13060,JED-NTH ABH AH321,26337 Y2 S(kVA),13060
26337,JED-NTH-FRDS-10,26337_Y2-RMU37316_KW,13061,JED-NTH ABH AH321,26337 Y2 P(kW),13061
26337,JED-NTH-FRDS-10,26337_Y2-RMU37316_KVAR,13062,JED-NTH ABH AH321,26337 Y2 Q(kVar),13062
26337,JED-NTH-FRDS-10,26337_TR1-RMU26337_VOLT_A,13063,JED-NTH ABH AH321,26337 Q1 u_ab_value(kV),13063
26337,JED-NTH-FRDS-10,26337_TR1-RMU26337_VOLT_B,13064,JED-NTH ABH AH321,26337 Q1 u_bc_value(kV),13064
26337,JED-NTH-FRDS-10,26337_TR1-RMU26337_VOLT_C,13065,JED-NTH ABH AH321,26337 Q1 u_ca_value(kV),13065
26337,JED-NTH-FRDS-10,26337_TR1-RMU26337_VOLT_N,13066,JED-NTH ABH AH321,26337 Q1 u_n_value(kV),13066
26337,JED-NTH-FRDS-10,26337_TR1-RMU26337_KVA,13067,JED-NTH ABH AH321,26337 Q1 S(kVA),13067
26337,JED-NTH-FRDS-10,26337_TR1-RMU26337_KW,13068,JED-NTH ABH AH321,26337 Q1 P(kW),13068
26337,JED-NTH-FRDS-10,26337_TR1-RMU26337_KVAR,13069,JED-NTH ABH AH321,26337 Q1 Q(kVar),13069
26337,JED-NTH-FRDS-10,26337_TR1-RMU26337_PF,13070,JED-NTH ABH AH321,26337 Q1 Power factor,13070
26337,JED-NTH-FRDS-10,26337_Y3-RMUFRDS-10_KVA,13071,JED-NTH ABH AH321,26337 Y3 S(kVA),13071
26337,JED-NTH-FRDS-10,26337_Y3-RMUFRDS-10_KW,13072,JED-NTH ABH AH321,26337 Y3 P(kW),13072
26337,JED-NTH-FRDS-10,26337_Y3-RMUFRDS-10_KVAR,13073,JED-NTH ABH AH321,26337 Y3 Q(kVar),13073
26352,JED-NTH-JUAS-23,26352_Y1-34088_CMD,1,JED-NTH ABH AH321,26352 Y1 CMD,1
26352,JED-NTH-JUAS-23,26352_TR1-TR1_CMD,5,JED-NTH ABH AH321,26352 Q1 CMD,5
26352,JED-NTH-JUAS-23,26352_TR2-TR2_CMD,9,JED-NTH ABH AH321,26352 Y2 CMD,9
26352,JED-NTH-JUAS-23,26352_Y2-27788_CMD,13,,,
26352,JED-NTH-JUAS-23,26352_Y1-34088_ST_LOCK,1000,JED-NTH ABH AH321,26352 Y1/Lock/Unlock indication value,1000
26352,JED-NTH-JUAS-23,26352_Y1-34088_ST_GND,1001,JED-NTH ABH AH321,26352 KY1 state,1001
26352,JED-NTH-JUAS-23,26352_TR1-TR1_ST_LOCK,1002,JED-NTH ABH AH321,26352 Q1/Lock/Unlock indication value,1002
26352,JED-NTH-JUAS-23,26352_TR1-TR1_ST_GND,1003,JED-NTH ABH AH321,26352 KQ1 state,1003
26352,JED-NTH-JUAS-23,26352_TR2-TR2_ST_LOCK,1004,JED-NTH ABH AH321,26352 Y2/Lock/Unlock indication value,1004
26352,JED-NTH-JUAS-23,26352_TR2-TR2_ST_GND,1005,JED-NTH ABH AH321,26352 KY2 state,1005
26352,JED-NTH-JUAS-23,26352_Y2-27788_ST_LOCK,1006,,,
26352,JED-NTH-JUAS-23,26352_Y2-27788_ST_GND,1007,,,
26352,JED-NTH-JUAS-23,26352_BATT_LOW,1008,JED-NTH ABH AH321,26352 Battery low value,1008
26352,JED-NTH-JUAS-23,26352_GAS_LOW,1009,JED-NTH ABH AH321,26352 Gas low value,1009
26352,JED-NTH-JUAS-23,26352_AC_FAIL,1010,JED-NTH ABH AH321,26352 AC power fail value,1010
26352,JED-NTH-JUAS-23,26352_DOOR_OPENED,1011,JED-NTH ABH AH321,26352 Door open value,1011
26352,JED-NTH-JUAS-23,26352_DC_ST,1012,JED-NTH ABH AH321,26352 DC power fail value,1012
26352,JED-NTH-JUAS-23,26352_MOTOR_CRT_FAIL,1013,JED-NTH ABH AH321,26352 Motor circuit fail value,1013
26352,JED-NTH-JUAS-23,26352_RTU_FAIL,1277,JED-NTH ABH AH321,26352 RTU Self diagnostic value,1277
26352,JED-NTH-JUAS-23,26352_EFI,1278,JED-NTH ABH AH321,26352 EFI (Fault indication) value,1278
26352,JED-NTH-JUAS-23,26352_TR1-TR1_PROT_HEALTH,1279,JED-NTH ABH AH321,26352 Protection Health value,1279
26352,JED-NTH-JUAS-23,26352_TR1-TR1_PROT_TRIP_EFI,1280,JED-NTH ABH AH321,26352 Protection Trip (Earth fault) value,1280
26352,JED-NTH-JUAS-23,26352_TR1-TR1_PROT_TRIP_PH_FLT,1281,JED-NTH ABH AH321,26352 Protection Trip (Phase fault) value,1281
26352,JED-NTH-JUAS-23,26352_TR2-TR2_PROT_HEALTH,1282,,,
26352,JED-NTH-JUAS-23,26352_TR2-TR2_PROT_TRIP_EFI,1283,,,
26352,JED-NTH-JUAS-23,26352_TR2-TR2_PROT_TRIP_PH_FLT,1284,,,
26352,JED-NTH-JUAS-23,26352_Y1-34088_ST,11000,JED-NTH ABH AH321,26352 Y1 state,11000
26352,JED-NTH-JUAS-23,26352_TR1-TR1_ST,11001,JED-NTH ABH AH321,26352 Q1 state,11001
26352,JED-NTH-JUAS-23,26352_TR2-TR2_ST,11002,JED-NTH ABH AH321,26352 Y2 state,11002
26352,JED-NTH-JUAS-23,26352_Y2-27788_ST,11003,,,
26352,JED-NTH-JUAS-23,26352_LR,11004,JED-NTH ABH AH321,26352 Remote/Local value,11004
26352,JED-NTH-JUAS-23,26352_Y1-34088_AMP_A,13015,JED-NTH ABH AH321,26352 Y1 i_a_value(A),13015
26352,JED-NTH-JUAS-23,26352_Y1-34088_AMP_B,13016,JED-NTH ABH AH321,26352 Y1 i_b_value(A),13016
26352,JED-NTH-JUAS-23,26352_Y1-34088_AMP_C,13017,JED-NTH ABH AH321,26352 Y1 i_c_value(A),13017
26352,JED-NTH-JUAS-23,26352_Y1-34088_AMP_N,13018,JED-NTH ABH AH321,26352 Y1 i_n_value(A),13018
26352,JED-NTH-JUAS-23,26352_TR1-TR1_AMP_A,13019,JED-NTH ABH AH321,26352 Q1 i_a_value(A),13019
26352,JED-NTH-JUAS-23,26352_TR1-TR1_AMP_B,13020,JED-NTH ABH AH321,26352 Q1 i_b_value(A),13020
26352,JED-NTH-JUAS-23,26352_TR1-TR1_AMP_C,13021,JED-NTH ABH AH321,26352 Q1 i_c_value(A),13021
26352,JED-NTH-JUAS-23,26352_TR1-TR1_AMP_N,13022,JED-NTH ABH AH321,26352 Q1 i_n_value(A),13022
26352,JED-NTH-JUAS-23,26352_TR2-TR2_AMP_A,13023,JED-NTH ABH AH321,26352 Y2 i_a_value(A),13023
26352,JED-NTH-JUAS-23,26352_TR2-TR2_AMP_B,13024,JED-NTH ABH AH321,26352 Y2 i_b_value(A),13024
26352,JED-NTH-JUAS-23,26352_TR2-TR2_AMP_C,13025,JED-NTH ABH AH321,26352 Y2 i_c_value(A),13025
26352,JED-NTH-JUAS-23,26352_TR2-TR2_AMP_N,13026,JED-NTH ABH AH321,26352 Y2 i_n_value(A),13026
26352,JED-NTH-JUAS-23,26352_Y2-27788_AMP_A,13027,,,
26352,JED-NTH-JUAS-23,26352_Y2-27788_AMP_B,13028,,,
26352,JED-NTH-JUAS-23,26352_Y2-27788_AMP_C,13029,,,
26352,JED-NTH-JUAS-23,26352_Y2-27788_AMP_N,13030,,,
26352,JED-NTH-JUAS-23,26352_Y1-34088_KVA,13057,JED-NTH ABH AH321,26352 Y1 S(kVA),13057
26352,JED-NTH-JUAS-23,26352_Y1-34088_KW,13058,JED-NTH ABH AH321,26352 Y1 P(kW),13058
26352,JED-NTH-JUAS-23,26352_Y1-34088_KVAR,13059,JED-NTH ABH AH321,26352 Y1 Q(kVar),13059
26352,JED-NTH-JUAS-23,26352_TR1-TR1_KVA,13060,JED-NTH ABH AH321,26352 Q1 u_ab_value(kV),13060
26352,JED-NTH-JUAS-23,26352_TR1-TR1_KW,13061,JED-NTH ABH AH321,26352 Q1 u_bc_value(kV),13061
26352,JED-NTH-JUAS-23,26352_TR1-TR1_KVAR,13062,JED-NTH ABH AH321,26352 Q1 u_ca_value(kV),13062
26352,JED-NTH-JUAS-23,26352_TR2-TR2_VOLT_A,13063,JED-NTH ABH AH321,26352 Q1 u_n_value(kV),13063
26352,JED-NTH-JUAS-23,26352_TR2-TR2_VOLT_B,13064,JED-NTH ABH AH321,26352 Q1 S(kVA),13064
26352,JED-NTH-JUAS-23,26352_TR2-TR2_VOLT_C,13065,JED-NTH ABH AH321,26352 Q1 P(kW),13065
26352,JED-NTH-JUAS-23,26352_TR2-TR2_VOLT_N,13066,JED-NTH ABH AH321,26352 Q1 Q(kVar),13066
26352,JED-NTH-JUAS-23,26352_TR2-TR2_KVA,13067,JED-NTH ABH AH321,26352 Q1 Power factor,13067
26352,JED-NTH-JUAS-23,26352_TR2-TR2_KW,13068,JED-NTH ABH AH321,26352 Y2 S(kVA),13068
26352,JED-NTH-JUAS-23,26352_TR2-TR2_KVAR,13069,JED-NTH ABH AH321,26352 Y2 P(kW),13069
26352,JED-NTH-JUAS-23,26352_TR2-TR2_PF,13070,JED-NTH ABH AH321,26352 Y2 Q(kVar),13070
26352,JED-NTH-JUAS-23,26352_Y2-27788_KVA,13071,,,
26352,JED-NTH-JUAS-23,26352_Y2-27788_KW,13072,,,
26352,JED-NTH-JUAS-23,26352_Y2-27788_KVAR,13073,,,
26371,JED-NTH-FRDS-48,26371_Y1-RMU38247_CMD,1,JED-NTH ABH AH313,26371 Y1 CMD,1
26371,JED-NTH-FRDS-48,26371_Y2-RMU13ABH_CMD,5,JED-NTH ABH AH313,26371 Y2 CMD,5
26371,JED-NTH-FRDS-48,26371_TR1-RMU26371_CMD,9,JED-NTH ABH AH313,26371 Q1 CMD,9
26371,JED-NTH-FRDS-48,26371_Y3-RMU40423_CMD,13,JED-NTH ABH AH313,26371 Y3 CMD,13
26371,JED-NTH-FRDS-48,26371_Y1-RMU38247_ST_LOCK,1000,JED-NTH ABH AH313,26371 Y1/Lock/Unlock indication value,1000
26371,JED-NTH-FRDS-48,26371_Y1-RMU38247_ST_GND,1001,JED-NTH ABH AH313,26371 KY1 state,1001
26371,JED-NTH-FRDS-48,26371_Y2-RMU13ABH_ST_LOCK,1002,JED-NTH ABH AH313,26371 Y2/Lock/Unlock indication value,1002
26371,JED-NTH-FRDS-48,26371_Y2-RMU13ABH_ST_GND,1003,JED-NTH ABH AH313,26371 KY2 state,1003
26371,JED-NTH-FRDS-48,26371_TR1-RMU26371_ST_LOCK,1004,JED-NTH ABH AH313,26371 Q1/Lock/Unlock indication value,1004
26371,JED-NTH-FRDS-48,26371_TR1-RMU26371_ST_GND,1005,JED-NTH ABH AH313,26371 KQ1 state,1005
26371,JED-NTH-FRDS-48,26371_Y3-RMU40423_ST_LOCK,1006,JED-NTH ABH AH313,26371 Y3/Lock/Unlock indication value,1006
26371,JED-NTH-FRDS-48,26371_Y3-RMU40423_ST_GND,1007,JED-NTH ABH AH313,26371 KY3 state,1007
26371,JED-NTH-FRDS-48,26371_BATT_LOW,1008,JED-NTH ABH AH313,26371 Battery low value,1008
26371,JED-NTH-FRDS-48,26371_GAS_LOW,1009,JED-NTH ABH AH313,26371 Gas low value,1009
26371,JED-NTH-FRDS-48,26371_AC_FAIL,1010,JED-NTH ABH AH313,26371 AC power fail value,1010
26371,JED-NTH-FRDS-48,26371_DOOR_OPENED,1011,JED-NTH ABH AH313,26371 Door open value,1011
26371,JED-NTH-FRDS-48,26371_DC_ST,1012,JED-NTH ABH AH313,26371 DC power fail value,1012
26371,JED-NTH-FRDS-48,26371_MOTOR_CRT_FAIL,1013,JED-NTH ABH AH313,26371 Motor circuit fail value,1013
26371,JED-NTH-FRDS-48,26371_RTU_FAIL,1277,JED-NTH ABH AH313,26371 RTU Self diagnostic value,1277
26371,JED-NTH-FRDS-48,26371_EFI,1278,JED-NTH ABH AH313,26371 EFI (Fault indication) value,1278
26371,JED-NTH-FRDS-48,26371_PROT_HEALTH,1279,JED-NTH ABH AH313,26371 Protection Health value,1279
26371,JED-NTH-FRDS-48,26371_PROT_TRIP_EFI,1280,JED-NTH ABH AH313,26371 Protection Trip (Earth fault) value,1280
26371,JED-NTH-FRDS-48,26371_PROT_TRIP_PH_FLT,1281,JED-NTH ABH AH313,26371 Protection Trip (Phase fault) value,1281
26371,JED-NTH-FRDS-48,26371_Y1-RMU38247_ST,11000,JED-NTH ABH AH313,26371 Y1 state,11000
26371,JED-NTH-FRDS-48,26371_Y2-RMU13ABH_ST,11001,JED-NTH ABH AH313,26371 Y2 state,11001
26371,JED-NTH-FRDS-48,26371_TR1-RMU26371_ST,11002,JED-NTH ABH AH313,26371 Q1 state,11002
26371,JED-NTH-FRDS-48,26371_Y3-RMU40423_ST,11003,JED-NTH ABH AH313,26371 Y3 state,11003
26371,JED-NTH-FRDS-48,26371_LR,11004,JED-NTH ABH AH313,26371 Remote/Local value,11004
26371,JED-NTH-FRDS-48,26371_Y1-RMU38247_AMP_A,13015,JED-NTH ABH AH313,26371 Y1 i_a_value(A),13015
26371,JED-NTH-FRDS-48,26371_Y1-RMU38247_AMP_B,13016,JED-NTH ABH AH313,26371 Y1 i_b_value(A),13016
26371,JED-NTH-FRDS-48,26371_Y1-RMU38247_AMP_C,13017,JED-NTH ABH AH313,26371 Y1 i_c_value(A),13017
26371,JED-NTH-FRDS-48,26371_Y1-RMU38247_AMP_N,13018,JED-NTH ABH AH313,26371 Y1 i_n_value(A),13018
26371,JED-NTH-FRDS-48,26371_Y2-RMU13ABH_AMP_A,13019,JED-NTH ABH AH313,26371 Y2 i_a_value(A),13019
26371,JED-NTH-FRDS-48,26371_Y2-RMU13ABH_AMP_B,13020,JED-NTH ABH AH313,26371 Y2 i_b_value(A),13020
26371,JED-NTH-FRDS-48,26371_Y2-RMU13ABH_AMP_C,13021,JED-NTH ABH AH313,26371 Y2 i_c_value(A),13021
26371,JED-NTH-FRDS-48,26371_Y2-RMU13ABH_AMP_N,13022,JED-NTH ABH AH313,26371 Y2 i_n_value(A),13022
26371,JED-NTH-FRDS-48,26371_TR1-RMU26371_AMP_A,13023,JED-NTH ABH AH313,26371 Q1 i_a_value(A),13023
26371,JED-NTH-FRDS-48,26371_TR1-RMU26371_AMP_B,13024,JED-NTH ABH AH313,26371 Q1 i_b_value(A),13024
26371,JED-NTH-FRDS-48,26371_TR1-RMU26371_AMP_C,13025,JED-NTH ABH AH313,26371 Q1 i_c_value(A),13025
26371,JED-NTH-FRDS-48,26371_TR1-RMU26371_AMP_N,13026,JED-NTH ABH AH313,26371 Q1 i_n_value(A),13026
26371,JED-NTH-FRDS-48,26371_Y3-RMU40423_AMP_A,13027,JED-NTH ABH AH313,26371 Y3 i_a_value(A),13027
26371,JED-NTH-FRDS-48,26371_Y3-RMU40423_AMP_B,13028,JED-NTH ABH AH313,26371 Y3 i_b_value(A),13028
26371,JED-NTH-FRDS-48,26371_Y3-RMU40423_AMP_C,13029,JED-NTH ABH AH313,26371 Y3 i_c_value(A),13029
26371,JED-NTH-FRDS-48,26371_Y3-RMU40423_AMP_N,13030,JED-NTH ABH AH313,26371 Y3 i_n_value(A),13030
26371,JED-NTH-FRDS-48,26371_Y1-RMU38247_KVA,13057,JED-NTH ABH AH313,26371 Y1 S(kVA),13057
26371,JED-NTH-FRDS-48,26371_Y1-RMU38247_KW,13058,JED-NTH ABH AH313,26371 Y1 P(kW),13058
26371,JED-NTH-FRDS-48,26371_Y1-RMU38247_KVAR,13059,JED-NTH ABH AH313,26371 Y1 Q(kVar),13059
26371,JED-NTH-FRDS-48,26371_Y2-RMU13ABH_KVA,13060,JED-NTH ABH AH313,26371 Y2 S(kVA),13060
26371,JED-NTH-FRDS-48,26371_Y2-RMU13ABH_KW,13061,JED-NTH ABH AH313,26371 Y2 P(kW),13061
26371,JED-NTH-FRDS-48,26371_Y2-RMU13ABH_KVAR,13062,JED-NTH ABH AH313,26371 Y2 Q(kVar),13062
26371,JED-NTH-FRDS-48,26371_TR1-RMU26371_VOLT_A,13063,JED-NTH ABH AH313,26371 Q1 u_ab_value(kV),13063
26371,JED-NTH-FRDS-48,26371_TR1-RMU26371_VOLT_B,13064,JED-NTH ABH AH313,26371 Q1 u_bc_value(kV),13064
26371,JED-NTH-FRDS-48,26371_TR1-RMU26371_VOLT_C,13065,JED-NTH ABH AH313,26371 Q1 u_ca_value(kV),13065
26371,JED-NTH-FRDS-48,26371_TR1-RMU26371_VOLT_N,13066,JED-NTH ABH AH313,26371 Q1 u_n_value(kV),13066
26371,JED-NTH-FRDS-48,26371_TR1-RMU26371_KVA,13067,JED-NTH ABH AH313,26371 Q1 S(kVA),13067
26371,JED-NTH-FRDS-48,26371_TR1-RMU26371_KW,13068,JED-NTH ABH AH313,26371 Q1 P(kW),13068
26371,JED-NTH-FRDS-48,26371_TR1-RMU26371_KVAR,13069,JED-NTH ABH AH313,26371 Q1 Q(kVar),13069
26371,JED-NTH-FRDS-48,26371_TR1-RMU26371_PF,13070,JED-NTH ABH AH313,26371 Q1 Power factor,13070
26371,JED-NTH-FRDS-48,26371_Y3-RMU40423_KVA,13071,JED-NTH ABH AH313,26371 Y3 S(kVA),13071
26371,JED-NTH-FRDS-48,26371_Y3-RMU40423_KW,13072,JED-NTH ABH AH313,26371 Y3 P(kW),13072
26371,JED-NTH-FRDS-48,26371_Y3-RMU40423_KVAR,13073,JED-NTH ABH AH313,26371 Y3 Q(kVar),13073
26600,JED-NTH-ABN-29,26600_Y1-RMU30513_CMD,1,JED-NTH ABH AH306,26600 Y1 CMD,1
26600,JED-NTH-ABN-29,26600_TR1-RMU26600_CMD,5,JED-NTH ABH AH306,26600 Q1 CMD,5
26600,JED-NTH-ABN-29,26600_Y2-RMU38111_CMD,9,JED-NTH ABH AH306,26600 Y2 CMD,9
26600,JED-NTH-ABN-29,26600_Y1-RMU30513_ST_LOCK,1000,JED-NTH ABH AH306,26600 Y1/Lock/Unlock indication value,1000
26600,JED-NTH-ABN-29,26600_Y1-RMU30513_ST_GND,1001,JED-NTH ABH AH306,26600 KY1 state,1001
26600,JED-NTH-ABN-29,26600_TR1-RMU26600_ST_LOCK,1002,JED-NTH ABH AH306,26600 Q1/Lock/Unlock indication value,1002
26600,JED-NTH-ABN-29,26600_TR1-RMU26600_ST_GND,1003,JED-NTH ABH AH306,26600 KQ1 state,1003
26600,JED-NTH-ABN-29,26600_Y2-RMU38111_ST_LOCK,1004,JED-NTH ABH AH306,26600 Y2/Lock/Unlock indication value,1004
26600,JED-NTH-ABN-29,26600_Y2-RMU38111_ST_GND,1005,JED-NTH ABH AH306,26600 KY2 state,1005
26600,JED-NTH-ABN-29,26600_BATT_LOW,1008,JED-NTH ABH AH306,26600 Battery low value,1008
26600,JED-NTH-ABN-29,26600_GAS_LOW,1009,JED-NTH ABH AH306,26600 Gas low value,1009
26600,JED-NTH-ABN-29,26600_AC_FAIL,1010,JED-NTH ABH AH306,26600 AC power fail value,1010
26600,JED-NTH-ABN-29,26600_DOOR_OPENED,1011,JED-NTH ABH AH306,26600 Door open value,1011
26600,JED-NTH-ABN-29,26600_DC_ST,1012,JED-NTH ABH AH306,26600 DC power fail value,1012
26600,JED-NTH-ABN-29,26600_MOTOR_CRT_FAIL,1013,JED-NTH ABH AH306,26600 Motor circuit fail value,1013
26600,JED-NTH-ABN-29,26600_RTU_FAIL,1277,JED-NTH ABH AH306,26600 RTU Self diagnostic value,1277
26600,JED-NTH-ABN-29,26600_EFI,1278,JED-NTH ABH AH306,26600 EFI (Fault indication) value,1278
26600,JED-NTH-ABN-29,26600_PROT_HEALTH,1279,JED-NTH ABH AH306,26600 Protection Health value,1279
26600,JED-NTH-ABN-29,26600_PROT_TRIP_EFI,1280,JED-NTH ABH AH306,26600 Protection Trip (Earth fault) value,1280
26600,JED-NTH-ABN-29,26600_PROT_TRIP_PH_FLT,1281,JED-NTH ABH AH306,26600 Protection Trip (Phase fault) value,1281
26600,JED-NTH-ABN-29,26600_Y1-RMU30513_ST,11000,JED-NTH ABH AH306,26600 Y1 state,11000
26600,JED-NTH-ABN-29,26600_TR1-RMU26600_ST,11001,JED-NTH ABH AH306,26600 Q1 state,11001
26600,JED-NTH-ABN-29,26600_Y2-RMU38111_ST,11002,JED-NTH ABH AH306,26600 Y2 state,11002
26600,JED-NTH-ABN-29,26600_LR,11004,JED-NTH ABH AH306,26600 Remote/Local value,11004
26600,JED-NTH-ABN-29,26600_Y1-RMU30513_AMP_A,13015,JED-NTH ABH AH306,26600 Y1 i_a_value(A),13015
26600,JED-NTH-ABN-29,26600_Y1-RMU30513_AMP_B,13016,JED-NTH ABH AH306,26600 Y1 i_b_value(A),13016
26600,JED-NTH-ABN-29,26600_Y1-RMU30513_AMP_C,13017,JED-NTH ABH AH306,26600 Y1 i_c_value(A),13017
26600,JED-NTH-ABN-29,26600_Y1-RMU30513_AMP_N,13018,JED-NTH ABH AH306,26600 Y1 i_n_value(A),13018
26600,JED-NTH-ABN-29,26600_TR1-RMU26600_AMP_A,13019,JED-NTH ABH AH306,26600 Q1 i_a_value(A),13019
26600,JED-NTH-ABN-29,26600_TR1-RMU26600_AMP_B,13020,JED-NTH ABH AH306,26600 Q1 i_b_value(A),13020
26600,JED-NTH-ABN-29,26600_TR1-RMU26600_AMP_C,13021,JED-NTH ABH AH306,26600 Q1 i_c_value(A),13021
26600,JED-NTH-ABN-29,26600_TR1-RMU26600_AMP_N,13022,JED-NTH ABH AH306,26600 Q1 i_n_value(A),13022
26600,JED-NTH-ABN-29,26600_Y2-RMU38111_AMP_A,13023,JED-NTH ABH AH306,26600 Y2 i_a_value(A),13023
26600,JED-NTH-ABN-29,26600_Y2-RMU38111_AMP_B,13024,JED-NTH ABH AH306,26600 Y2 i_b_value(A),13024
26600,JED-NTH-ABN-29,26600_Y2-RMU38111_AMP_C,13025,JED-NTH ABH AH306,26600 Y2 i_c_value(A),13025
26600,JED-NTH-ABN-29,26600_Y2-RMU38111_AMP_N,13026,JED-NTH ABH AH306,26600 Y2 i_n_value(A),13026
26600,,,,JED-NTH ABH AH306,26600 Y1 S(kVA),13057
26600,,,,JED-NTH ABH AH306,26600 Y1 P(kW),13058
26600,,,,JED-NTH ABH AH306,26600 Y1 Q(kVar),13059
26600,JED-NTH-ABN-29,26600_TR1-RMU26600_VOLT_A,13060,JED-NTH ABH AH306,26600 Q1 u_ab_value(kV),13060
26600,JED-NTH-ABN-29,26600_TR1-RMU26600_VOLT_B,13061,JED-NTH ABH AH306,26600 Q1 u_bc_value(kV),13061
26600,JED-NTH-ABN-29,26600_TR1-RMU26600_VOLT_C,13062,JED-NTH ABH AH306,26600 Q1 u_ca_value(kV),13062
26600,JED-NTH-ABN-29,26600_TR1-RMU26600_VOLT_N,13063,JED-NTH ABH AH306,26600 Q1 u_n_value(kV),13063
26600,JED-NTH-ABN-29,26600_TR1-RMU26600_KVA,13064,JED-NTH ABH AH306,26600 Q1 S(kVA),13064
26600,JED-NTH-ABN-29,26600_Y2-RMU38111_KVA,13064,,,
26600,JED-NTH-ABN-29,26600_TR1-RMU26600_KW,13065,JED-NTH ABH AH306,26600 Q1 P(kW),13065
26600,JED-NTH-ABN-29,26600_Y2-RMU38111_KW,13065,,,
26600,JED-NTH-ABN-29,26600_TR1-RMU26600_KVAR,13066,JED-NTH ABH AH306,26600 Q1 Q(kVar),13066
26600,JED-NTH-ABN-29,26600_Y2-RMU38111_KVAR,13066,,,
26600,JED-NTH-ABN-29,26600_TR1-RMU26600_PF,13067,JED-NTH ABH AH306,26600 Q1 Power factor,13067
26600,,,,JED-NTH ABH AH306,26600 Y2 S(kVA),13068
26600,,,,JED-NTH ABH AH306,26600 Y2 P(kW),13069
26600,,,,JED-NTH ABH AH306,26600 Y2 Q(kVar),13070
26727,JED-NTH-FRSH-39,26727_Y1-21453_CMD,1,JED-NTH ABH AH307,26727 Y1 CMD,1
26727,JED-NTH-FRSH-39,26727_Y2-28920_CMD,5,JED-NTH ABH AH307,26727 Y2 CMD,5
26727,JED-NTH-FRSH-39,26727_TR1_CMD,9,JED-NTH ABH AH307,26727 Q1 CMD,9
26727,JED-NTH-FRSH-39,26727_Y3-SPARE_CMD,13,JED-NTH ABH AH307,26727 Y3 CMD,13
26727,JED-NTH-FRSH-39,26727_Y1-21453_ST_LOCK,1000,JED-NTH ABH AH307,26727 Y1/Lock/Unlock indication value,1000
26727,JED-NTH-FRSH-39,26727_Y1-21453_ST_GND,1001,JED-NTH ABH AH307,26727 KY1 state,1001
26727,JED-NTH-FRSH-39,26727_Y2-28920_ST_LOCK,1002,JED-NTH ABH AH307,26727 Y2/Lock/Unlock indication value,1002
26727,JED-NTH-FRSH-39,26727_Y2-28920_ST_GND,1003,JED-NTH ABH AH307,26727 KY2 state,1003
26727,JED-NTH-FRSH-39,26727_TR1_ST_LOCK,1004,JED-NTH ABH AH307,26727 Q1/Lock/Unlock indication value,1004
26727,JED-NTH-FRSH-39,26727_TR1_ST_GND,1005,JED-NTH ABH AH307,26727 KQ1 state,1005
26727,JED-NTH-FRSH-39,26727_Y3-SPARE_ST_LOCK,1006,JED-NTH ABH AH307,26727 Y3/Lock/Unlock indication value,1006
26727,JED-NTH-FRSH-39,26727_Y3-SPARE_ST_GND,1007,JED-NTH ABH AH307,26727 KY3 state,1007
26727,JED-NTH-FRSH-39,26727_BATT_LOW,1008,JED-NTH ABH AH307,26727 Battery low value,1008
26727,JED-NTH-FRSH-39,26727_GAS_LOW,1009,JED-NTH ABH AH307,26727 Gas low value,1009
26727,JED-NTH-FRSH-39,26727_AC_FAIL,1010,JED-NTH ABH AH307,26727 AC power fail value,1010
26727,JED-NTH-FRSH-39,26727_DOOR_OPENED,1011,JED-NTH ABH AH307,26727 Door open value,1011
26727,JED-NTH-FRSH-39,26727_DC_ST,1012,JED-NTH ABH AH307,26727 DC power fail value,1012
26727,JED-NTH-FRSH-39,26727_MOTOR_CRT_FAIL,1013,JED-NTH ABH AH307,26727 Motor circuit fail value,1013
26727,JED-NTH-FRSH-39,26727_RTU_FAIL,1277,JED-NTH ABH AH307,26727 RTU Self diagnostic value,1277
26727,JED-NTH-FRSH-39,26727_EFI,1278,JED-NTH ABH AH307,26727 EFI (Fault indication) value,1278
26727,JED-NTH-FRSH-39,26727_PROT_HEALTH,1279,JED-NTH ABH AH307,26727 Protection Health value,1279
26727,JED-NTH-FRSH-39,26727_PROT_TRIP_EFI,1280,JED-NTH ABH AH307,26727 Protection Trip (Earth fault) value,1280
26727,JED-NTH-FRSH-39,26727_PROT_TRIP_PH_FLT,1281,JED-NTH ABH AH307,26727 Protection Trip (Phase fault) value,1281
26727,JED-NTH-FRSH-39,26727_Y1-21453_ST,11000,JED-NTH ABH AH307,26727 Y1 state,11000
26727,JED-NTH-FRSH-39,26727_Y2-28920_ST,11001,JED-NTH ABH AH307,26727 Y2 state,11001
26727,JED-NTH-FRSH-39,26727_TR1_ST,11002,JED-NTH ABH AH307,26727 Q1 state,11002
26727,JED-NTH-FRSH-39,26727_Y3-SPARE_ST,11003,JED-NTH ABH AH307,26727 Y3 state,11003
26727,JED-NTH-FRSH-39,26727_LR,11004,JED-NTH ABH AH307,26727 Remote/Local value,11004
26727,JED-NTH-FRSH-39,26727_Y1-21453_AMP_A,13015,JED-NTH ABH AH307,26727 Y1 i_a_value(A),13015
26727,JED-NTH-FRSH-39,26727_Y1-21453_AMP_B,13016,JED-NTH ABH AH307,26727 Y1 i_b_value(A),13016
26727,JED-NTH-FRSH-39,26727_Y1-21453_AMP_C,13017,JED-NTH ABH AH307,26727 Y1 i_c_value(A),13017
26727,JED-NTH-FRSH-39,26727_Y1-21453_AMP_N,13018,JED-NTH ABH AH307,26727 Y1 i_n_value(A),13018
26727,JED-NTH-FRSH-39,26727_Y2-28920_AMP_A,13019,JED-NTH ABH AH307,26727 Y2 i_a_value(A),13019
26727,JED-NTH-FRSH-39,26727_Y2-28920_AMP_B,13020,JED-NTH ABH AH307,26727 Y2 i_b_value(A),13020
26727,JED-NTH-FRSH-39,26727_Y2-28920_AMP_C,13021,JED-NTH ABH AH307,26727 Y2 i_c_value(A),13021
26727,JED-NTH-FRSH-39,26727_Y2-28920_AMP_N,13022,JED-NTH ABH AH307,26727 Y2 i_n_value(A),13022
26727,JED-NTH-FRSH-39,26727_TR1_AMP_A,13023,JED-NTH ABH AH307,26727 Q1 i_a_value(A),13023
26727,JED-NTH-FRSH-39,26727_TR1_AMP_B,13024,JED-NTH ABH AH307,26727 Q1 i_b_value(A),13024
26727,JED-NTH-FRSH-39,26727_TR1_AMP_C,13025,JED-NTH ABH AH307,26727 Q1 i_c_value(A),13025
26727,JED-NTH-FRSH-39,26727_TR1_AMP_N,13026,JED-NTH ABH AH307,26727 Q1 i_n_value(A),13026
26727,JED-NTH-FRSH-39,26727_Y3-SPARE_AMP_A,13027,JED-NTH ABH AH307,26727 Y3 i_a_value(A),13027
26727,JED-NTH-FRSH-39,26727_Y3-SPARE_AMP_B,13028,JED-NTH ABH AH307,26727 Y3 i_b_value(A),13028
26727,JED-NTH-FRSH-39,26727_Y3-SPARE_AMP_C,13029,JED-NTH ABH AH307,26727 Y3 i_c_value(A),13029
26727,JED-NTH-FRSH-39,26727_Y3-SPARE_AMP_N,13030,JED-NTH ABH AH307,26727 Y3 i_n_value(A),13030
26727,JED-NTH-FRSH-39,26727_Y1-21453_KVA,13057,JED-NTH ABH AH307,26727 Y1 S(kVA),13057
26727,JED-NTH-FRSH-39,26727_Y1-21453_KW,13058,JED-NTH ABH AH307,26727 Y1 P(kW),13058
26727,JED-NTH-FRSH-39,26727_Y1-21453_KVAR,13059,JED-NTH ABH AH307,26727 Y1 Q(kVar),13059
26727,JED-NTH-FRSH-39,26727_Y2-28920_KVA,13060,JED-NTH ABH AH307,26727 Y2 S(kVA),13060
26727,JED-NTH-FRSH-39,26727_Y2-28920_KW,13061,JED-NTH ABH AH307,26727 Y2 P(kW),13061
26727,JED-NTH-FRSH-39,26727_Y2-28920_KVAR,13062,JED-NTH ABH AH307,26727 Y2 Q(kVar),13062
26727,JED-NTH-FRSH-39,26727_TR1_VOLT_A,13063,JED-NTH ABH AH307,26727 Q1 u_ab_value(kV),13063
26727,JED-NTH-FRSH-39,26727_TR1_VOLT_B,13064,JED-NTH ABH AH307,26727 Q1 u_bc_value(kV),13064
26727,JED-NTH-FRSH-39,26727_TR1_VOLT_C,13065,JED-NTH ABH AH307,26727 Q1 u_ca_value(kV),13065
26727,JED-NTH-FRSH-39,26727_TR1_VOLT_N,13066,JED-NTH ABH AH307,26727 Q1 u_n_value(kV),13066
26727,JED-NTH-FRSH-39,26727_TR1_KVA,13067,JED-NTH ABH AH307,26727 Q1 S(kVA),13067
26727,JED-NTH-FRSH-39,26727_TR1_KW,13068,JED-NTH ABH AH307,26727 Q1 P(kW),13068
26727,JED-NTH-FRSH-39,26727_TR1_KVAR,13069,JED-NTH ABH AH307,26727 Q1 Q(kVar),13069
26727,JED-NTH-FRSH-39,26727_TR1_PF,13070,JED-NTH ABH AH307,26727 Q1 Power factor,13070
26727,JED-NTH-FRSH-39,26727_Y3-SPARE_KVA,13071,JED-NTH ABH AH307,26727 Y3 S(kVA),13071
26727,JED-NTH-FRSH-39,26727_Y3-SPARE_KW,13072,JED-NTH ABH AH307,26727 Y3 P(kW),13072
26727,JED-NTH-FRSH-39,26727_Y3-SPARE_KVAR,13073,JED-NTH ABH AH307,26727 Y3 Q(kVar),13073
26772,JED-NTH-ABN-29,26772_Y1-RMU25925_CMD,1,JED-NTH ABH AH306,26772 Y1 CMD,1
26772,JED-NTH-ABN-29,26772_TR1-RMU26772_CMD,5,JED-NTH ABH AH306,26772 Q1 CMD,5
26772,JED-NTH-ABN-29,26772_Y2-RMU39786_CMD,9,JED-NTH ABH AH306,26772 Y2 CMD,9
26772,JED-NTH-ABN-29,26772_Y1-RMU25925_ST_LOCK,1000,JED-NTH ABH AH306,26772 Y1/Lock/Unlock indication value,1000
26772,JED-NTH-ABN-29,26772_Y1-RMU25925_ST_GND,1001,JED-NTH ABH AH306,26772 KY1 state,1001
26772,JED-NTH-ABN-29,26772_TR1-RMU26772_ST_LOCK,1002,JED-NTH ABH AH306,26772 Q1/Lock/Unlock indication value,1002
26772,JED-NTH-ABN-29,26772_TR1-RMU26772_ST_GND,1003,JED-NTH ABH AH306,26772 KQ1 state,1003
26772,JED-NTH-ABN-29,26772_Y2-RMU39786_ST_LOCK,1004,JED-NTH ABH AH306,26772 Y2/Lock/Unlock indication value,1004
26772,JED-NTH-ABN-29,26772_Y2-RMU39786_ST_GND,1005,JED-NTH ABH AH306,26772 KY2 state,1005
26772,JED-NTH-ABN-29,26772_BATT_LOW,1008,JED-NTH ABH AH306,26772 Battery low value,1008
26772,JED-NTH-ABN-29,26772_GAS_LOW,1009,JED-NTH ABH AH306,26772 Gas low value,1009
26772,JED-NTH-ABN-29,26772_AC_FAIL,1010,JED-NTH ABH AH306,26772 AC power fail value,1010
26772,JED-NTH-ABN-29,26772_DOOR_OPENED,1011,JED-NTH ABH AH306,26772 Door open value,1011
26772,JED-NTH-ABN-29,26772_DC_ST,1012,JED-NTH ABH AH306,26772 DC power fail value,1012
26772,JED-NTH-ABN-29,26772_MOTOR_CRT_FAIL,1013,JED-NTH ABH AH306,26772 Motor circuit fail value,1013
26772,JED-NTH-ABN-29,26772_RTU_FAIL,1277,JED-NTH ABH AH306,26772 RTU Self diagnostic value,1277
26772,JED-NTH-ABN-29,26772_EFI,1278,JED-NTH ABH AH306,26772 EFI (Fault indication) value,1278
26772,JED-NTH-ABN-29,26772_PROT_HEALTH,1279,JED-NTH ABH AH306,26772 Protection Health value,1279
26772,JED-NTH-ABN-29,26772_PROT_TRIP_EFI,1280,JED-NTH ABH AH306,26772 Protection Trip (Earth fault) value,1280
26772,JED-NTH-ABN-29,26772_PROT_TRIP_PH_FLT,1281,JED-NTH ABH AH306,26772 Protection Trip (Phase fault) value,1281
26772,JED-NTH-ABN-29,26772_Y1-RMU25925_ST,11000,JED-NTH ABH AH306,26772 Y1 state,11000
26772,JED-NTH-ABN-29,26772_TR1-RMU26772_ST,11001,JED-NTH ABH AH306,26772 Q1 state,11001
26772,JED-NTH-ABN-29,26772_Y2-RMU39786_ST,11002,JED-NTH ABH AH306,26772 Y2 state,11002
26772,JED-NTH-ABN-29,26772_LR,11004,JED-NTH ABH AH306,26772 Remote/Local value,11004
26772,JED-NTH-ABN-29,26772_Y1-RMU25925_AMP_A,13015,JED-NTH ABH AH306,26772 Y1 i_a_value(A),13015
26772,JED-NTH-ABN-29,26772_Y1-RMU25925_AMP_B,13016,JED-NTH ABH AH306,26772 Y1 i_b_value(A),13016
26772,JED-NTH-ABN-29,26772_Y1-RMU25925_AMP_C,13017,JED-NTH ABH AH306,26772 Y1 i_c_value(A),13017
26772,JED-NTH-ABN-29,26772_Y1-RMU25925_AMP_N,13018,JED-NTH ABH AH306,26772 Y1 i_n_value(A),13018
26772,JED-NTH-ABN-29,26772_TR1-RMU26772_AMP_A,13019,JED-NTH ABH AH306,26772 Q1 i_a_value(A),13019
26772,JED-NTH-ABN-29,26772_TR1-RMU26772_AMP_B,13020,JED-NTH ABH AH306,26772 Q1 i_b_value(A),13020
26772,JED-NTH-ABN-29,26772_TR1-RMU26772_AMP_C,13021,JED-NTH ABH AH306,26772 Q1 i_c_value(A),13021
26772,JED-NTH-ABN-29,26772_TR1-RMU26772_AMP_N,13022,JED-NTH ABH AH306,26772 Q1 i_n_value(A),13022
26772,JED-NTH-ABN-29,26772_Y2-RMU39786_AMP_A,13023,JED-NTH ABH AH306,26772 Y2 i_a_value(A),13023
26772,JED-NTH-ABN-29,26772_Y2-RMU39786_AMP_B,13024,JED-NTH ABH AH306,26772 Y2 i_b_value(A),13024
26772,JED-NTH-ABN-29,26772_Y2-RMU39786_AMP_C,13025,JED-NTH ABH AH306,26772 Y2 i_c_value(A),13025
26772,JED-NTH-ABN-29,26772_Y2-RMU39786_AMP_N,13026,JED-NTH ABH AH306,26772 Y2 i_n_value(A),13026
26772,,,,JED-NTH ABH AH306,26772 Y1 S(kVA),13057
26772,,,,JED-NTH ABH AH306,26772 Y1 P(kW),13058
26772,,,,JED-NTH ABH AH306,26772 Y1 Q(kVar),13059
26772,JED-NTH-ABN-29,26772_TR1-RMU26772_VOLT_A,13060,JED-NTH ABH AH306,26772 Q1 u_ab_value(kV),13060
26772,JED-NTH-ABN-29,26772_TR1-RMU26772_VOLT_B,13061,JED-NTH ABH AH306,26772 Q1 u_bc_value(kV),13061
26772,JED-NTH-ABN-29,26772_TR1-RMU26772_VOLT_C,13062,JED-NTH ABH AH306,26772 Q1 u_ca_value(kV),13062
26772,JED-NTH-ABN-29,26772_TR1-RMU26772_VOLT_N,13063,JED-NTH ABH AH306,26772 Q1 u_n_value(kV),13063
26772,JED-NTH-ABN-29,26772_TR1-RMU26772_KVA,13064,JED-NTH ABH AH306,26772 Q1 S(kVA),13064
26772,JED-NTH-ABN-29,26772_Y2-RMU39786_KVA,13064,,,
26772,JED-NTH-ABN-29,26772_TR1-RMU26772_KW,13065,JED-NTH ABH AH306,26772 Q1 P(kW),13065
26772,JED-NTH-ABN-29,26772_Y2-RMU39786_KW,13065,,,
26772,JED-NTH-ABN-29,26772_TR1-RMU26772_KVAR,13066,JED-NTH ABH AH306,26772 Q1 Q(kVar),13066
26772,JED-NTH-ABN-29,26772_Y2-RMU39786_KVAR,13066,,,
26772,JED-NTH-ABN-29,26772_TR1-RMU26772_PF,13067,JED-NTH ABH AH306,26772 Q1 Power factor,13067
26772,,,,JED-NTH ABH AH306,26772 Y2 S(kVA),13068
26772,,,,JED-NTH ABH AH306,26772 Y2 P(kW),13069
26772,,,,JED-NTH ABH AH306,26772 Y2 Q(kVar),13070
26802,JED-NTH-FRDS-48,26802_Y1-RMU36105_CMD,1,JED-NTH ABH AH307,26802 Y1 CMD,1
26802,JED-NTH-FRDS-48,26802_TR1-RMU26802_CMD,5,JED-NTH ABH AH307,26802 Q1 CMD,5
26802,JED-NTH-FRDS-48,26802_TR2-RMU26802_CMD,9,JED-NTH ABH AH307,26802 Y2 CMD,9
26802,JED-NTH-FRDS-48,26802_Y2-RMU3304_CMD,13,,,
26802,JED-NTH-FRDS-48,26802_Y1-RMU36105_ST_LOCK,1000,JED-NTH ABH AH307,26802 Y1/Lock/Unlock indication value,1000
26802,JED-NTH-FRDS-48,26802_Y1-RMU36105_ST_GND,1001,JED-NTH ABH AH307,26802 KY1 state,1001
26802,JED-NTH-FRDS-48,26802_TR1-RMU26802_ST_LOCK,1002,JED-NTH ABH AH307,26802 Q1/Lock/Unlock indication value,1002
26802,JED-NTH-FRDS-48,26802_TR1-RMU26802_ST_GND,1003,JED-NTH ABH AH307,26802 KQ1 state,1003
26802,JED-NTH-FRDS-48,26802_TR2-RMU26802_ST_LOCK,1004,JED-NTH ABH AH307,26802 Y2/Lock/Unlock indication value,1004
26802,JED-NTH-FRDS-48,26802_TR2-RMU26802_ST_GND,1005,JED-NTH ABH AH307,26802 KY2 state,1005
26802,JED-NTH-FRDS-48,26802_Y2-RMU3304_ST_LOCK,1006,,,
26802,JED-NTH-FRDS-48,26802_Y2-RMU3304_ST_GND,1007,,,
26802,JED-NTH-FRDS-48,26802_BATT_LOW,1008,JED-NTH ABH AH307,26802 Battery low value,1008
26802,JED-NTH-FRDS-48,26802_GAS_LOW,1009,JED-NTH ABH AH307,26802 Gas low value,1009
26802,JED-NTH-FRDS-48,26802_AC_FAIL,1010,JED-NTH ABH AH307,26802 AC power fail value,1010
26802,JED-NTH-FRDS-48,26802_DOOR_OPENED,1011,JED-NTH ABH AH307,26802 Door open value,1011
26802,JED-NTH-FRDS-48,26802_DC_ST,1012,JED-NTH ABH AH307,26802 DC power fail value,1012
26802,JED-NTH-FRDS-48,26802_MOTOR_CRT_FAIL,1013,JED-NTH ABH AH307,26802 Motor circuit fail value,1013
26802,JED-NTH-FRDS-48,26802_RTU_FAIL,1277,JED-NTH ABH AH307,26802 RTU Self diagnostic value,1277
26802,JED-NTH-FRDS-48,26802_EFI,1278,JED-NTH ABH AH307,26802 EFI (Fault indication) value,1278
26802,JED-NTH-FRDS-48,26802_TR1-RMU26802_PROT_HEALTH,1279,JED-NTH ABH AH307,26802 Protection Health value,1279
26802,JED-NTH-FRDS-48,26802_TR1-RMU26802_PROT_TRIP_EFI,1280,JED-NTH ABH AH307,26802 Protection Trip (Earth fault) value,1280
26802,JED-NTH-FRDS-48,26802_TR1-RMU26802_PROT_TRIP_PH_FLT,1281,JED-NTH ABH AH307,26802 Protection Trip (Phase fault) value,1281
26802,JED-NTH-FRDS-48,26802_TR2-RMU26802_PROT_HEALTH,1282,,,
26802,JED-NTH-FRDS-48,26802_TR2-RMU26802_PROT_TRIP_EFI,1283,,,
26802,JED-NTH-FRDS-48,26802_TR2-RMU26802_PROT_TRIP_PH_FLT,1284,,,
26802,JED-NTH-FRDS-48,26802_Y1-RMU36105_ST,11000,JED-NTH ABH AH307,26802 Y1 state,11000
26802,JED-NTH-FRDS-48,26802_TR1-RMU26802_ST,11001,JED-NTH ABH AH307,26802 Q1 state,11001
26802,JED-NTH-FRDS-48,26802_TR2-RMU26802_ST,11002,JED-NTH ABH AH307,26802 Y2 state,11002
26802,JED-NTH-FRDS-48,26802_Y2-RMU3304_ST,11003,,,
26802,JED-NTH-FRDS-48,26802_LR,11004,JED-NTH ABH AH307,26802 Remote/Local value,11004
26802,JED-NTH-FRDS-48,26802_Y1-RMU36105_AMP_A,13015,JED-NTH ABH AH307,26802 Y1 i_a_value(A),13015
26802,JED-NTH-FRDS-48,26802_Y1-RMU36105_AMP_B,13016,JED-NTH ABH AH307,26802 Y1 i_b_value(A),13016
26802,JED-NTH-FRDS-48,26802_Y1-RMU36105_AMP_C,13017,JED-NTH ABH AH307,26802 Y1 i_c_value(A),13017
26802,JED-NTH-FRDS-48,26802_Y1-RMU36105_AMP_N,13018,JED-NTH ABH AH307,26802 Y1 i_n_value(A),13018
26802,JED-NTH-FRDS-48,26802_TR1-RMU26802_AMP_A,13019,JED-NTH ABH AH307,26802 Q1 i_a_value(A),13019
26802,JED-NTH-FRDS-48,26802_TR1-RMU26802_AMP_B,13020,JED-NTH ABH AH307,26802 Q1 i_b_value(A),13020
26802,JED-NTH-FRDS-48,26802_TR1-RMU26802_AMP_C,13021,JED-NTH ABH AH307,26802 Q1 i_c_value(A),13021
26802,JED-NTH-FRDS-48,26802_TR1-RMU26802_AMP_N,13022,JED-NTH ABH AH307,26802 Q1 i_n_value(A),13022
26802,JED-NTH-FRDS-48,26802_TR2-RMU26802_AMP_A,13023,JED-NTH ABH AH307,26802 Y2 i_a_value(A),13023
26802,JED-NTH-FRDS-48,26802_TR2-RMU26802_AMP_B,13024,JED-NTH ABH AH307,26802 Y2 i_b_value(A),13024
26802,JED-NTH-FRDS-48,26802_TR2-RMU26802_AMP_C,13025,JED-NTH ABH AH307,26802 Y2 i_c_value(A),13025
26802,JED-NTH-FRDS-48,26802_TR2-RMU26802_AMP_N,13026,JED-NTH ABH AH307,26802 Y2 i_n_value(A),13026
26802,JED-NTH-FRDS-48,26802_Y2-RMU3304_AMP_A,13027,,,
26802,JED-NTH-FRDS-48,26802_Y2-RMU3304_AMP_B,13028,,,
26802,JED-NTH-FRDS-48,26802_Y2-RMU3304_AMP_C,13029,,,
26802,JED-NTH-FRDS-48,26802_Y2-RMU3304_AMP_N,13030,,,
26802,JED-NTH-FRDS-48,26802_Y1-RMU36105_KVA,13057,JED-NTH ABH AH307,26802 Y1 S(kVA),13057
26802,JED-NTH-FRDS-48,26802_Y1-RMU36105_KW,13058,JED-NTH ABH AH307,26802 Y1 P(kW),13058
26802,JED-NTH-FRDS-48,26802_Y1-RMU36105_KVAR,13059,JED-NTH ABH AH307,26802 Y1 Q(kVar),13059
26802,JED-NTH-FRDS-48,26802_TR1-RMU26802_KVA,13060,JED-NTH ABH AH307,26802 Q1 u_ab_value(kV),13060
26802,JED-NTH-FRDS-48,26802_TR1-RMU26802_KW,13061,JED-NTH ABH AH307,26802 Q1 u_bc_value(kV),13061
26802,JED-NTH-FRDS-48,26802_TR1-RMU26802_KVAR,13062,JED-NTH ABH AH307,26802 Q1 u_ca_value(kV),13062
26802,JED-NTH-FRDS-48,26802_TR2-RMU26802_VOLT_A,13063,JED-NTH ABH AH307,26802 Q1 u_n_value(kV),13063
26802,JED-NTH-FRDS-48,26802_TR2-RMU26802_VOLT_B,13064,JED-NTH ABH AH307,26802 Q1 S(kVA),13064
26802,JED-NTH-FRDS-48,26802_TR2-RMU26802_VOLT_C,13065,JED-NTH ABH AH307,26802 Q1 P(kW),13065
26802,JED-NTH-FRDS-48,26802_TR2-RMU26802_VOLT_N,13066,JED-NTH ABH AH307,26802 Q1 Q(kVar),13066
26802,JED-NTH-FRDS-48,26802_TR2-RMU26802_KVA,13067,JED-NTH ABH AH307,26802 Q1 Power factor,13067
26802,JED-NTH-FRDS-48,26802_TR2-RMU26802_KW,13068,JED-NTH ABH AH307,26802 Y2 S(kVA),13068
26802,JED-NTH-FRDS-48,26802_TR2-RMU26802_KVAR,13069,JED-NTH ABH AH307,26802 Y2 P(kW),13069
26802,JED-NTH-FRDS-48,26802_TR2-RMU26802_PF,13070,JED-NTH ABH AH307,26802 Y2 Q(kVar),13070
26802,JED-NTH-FRDS-48,26802_Y2-RMU3304_KVA,13071,,,
26802,JED-NTH-FRDS-48,26802_Y2-RMU3304_KW,13072,,,
26802,JED-NTH-FRDS-48,26802_Y2-RMU3304_KVAR,13073,,,
26877,JED-NTH-FRDS-48,26877_Y1-26590_CMD,1,JED-NTH ABH AH307,26877 Y1 CMD,1
26877,JED-NTH-FRDS-48,26877_TR1_CMD,5,JED-NTH ABH AH307,26877 Q1 CMD,5
26877,JED-NTH-FRDS-48,26877_Y2-4334_CMD,9,JED-NTH ABH AH307,26877 Y2 CMD,9
26877,JED-NTH-FRDS-48,26877_Y1-26590_ST_LOCK,1000,JED-NTH ABH AH307,26877 Y1/Lock/Unlock indication value,1000
26877,JED-NTH-FRDS-48,26877_Y1-26590_ST_GND,1001,JED-NTH ABH AH307,26877 KY1 state,1001
26877,JED-NTH-FRDS-48,26877_TR1_ST_LOCK,1002,JED-NTH ABH AH307,26877 Q1/Lock/Unlock indication value,1002
26877,JED-NTH-FRDS-48,26877_TR1_ST_GND,1003,JED-NTH ABH AH307,26877 KQ1 state,1003
26877,JED-NTH-FRDS-48,26877_Y2-4334_ST_LOCK,1004,JED-NTH ABH AH307,26877 Y2/Lock/Unlock indication value,1004
26877,JED-NTH-FRDS-48,26877_Y2-4334_ST_GND,1005,JED-NTH ABH AH307,26877 KY2 state,1005
26877,JED-NTH-FRDS-48,26877_BATT_LOW,1008,JED-NTH ABH AH307,26877 Battery low value,1008
26877,JED-NTH-FRDS-48,26877_GAS_LOW,1009,JED-NTH ABH AH307,26877 Gas low value,1009
26877,JED-NTH-FRDS-48,26877_AC_FAIL,1010,JED-NTH ABH AH307,26877 AC power fail value,1010
26877,JED-NTH-FRDS-48,26877_DOOR_OPENED,1011,JED-NTH ABH AH307,26877 Door open value,1011
26877,JED-NTH-FRDS-48,26877_DC_ST,1012,JED-NTH ABH AH307,26877 DC power fail value,1012
26877,JED-NTH-FRDS-48,26877_MOTOR_CRT_FAIL,1013,JED-NTH ABH AH307,26877 Motor circuit fail value,1013
26877,JED-NTH-FRDS-48,26877_RTU_FAIL,1277,JED-NTH ABH AH307,26877 RTU Self diagnostic value,1277
26877,JED-NTH-FRDS-48,26877_EFI,1278,JED-NTH ABH AH307,26877 EFI (Fault indication) value,1278
26877,JED-NTH-FRDS-48,26877_PROT_HEALTH,1279,JED-NTH ABH AH307,26877 Protection Health value,1279
26877,JED-NTH-FRDS-48,26877_PROT_TRIP_EFI,1280,JED-NTH ABH AH307,26877 Protection Trip (Earth fault) value,1280
26877,JED-NTH-FRDS-48,26877_PROT_TRIP_PH_FLT,1281,JED-NTH ABH AH307,26877 Protection Trip (Phase fault) value,1281
26877,JED-NTH-FRDS-48,26877_Y1-26590_ST,11000,JED-NTH ABH AH307,26877 Y1 state,11000
26877,JED-NTH-FRDS-48,26877_TR1_ST,11001,JED-NTH ABH AH307,26877 Q1 state,11001
26877,JED-NTH-FRDS-48,26877_Y2-4334_ST,11002,JED-NTH ABH AH307,26877 Y2 state,11002
26877,JED-NTH-FRDS-48,26877_LR,11004,JED-NTH ABH AH307,26877 Remote/Local value,11004
26877,JED-NTH-FRDS-48,26877_Y1-26590_AMP_A,13015,JED-NTH ABH AH307,26877 Y1 i_a_value(A),13015
26877,JED-NTH-FRDS-48,26877_Y1-26590_AMP_B,13016,JED-NTH ABH AH307,26877 Y1 i_b_value(A),13016
26877,JED-NTH-FRDS-48,26877_Y1-26590_AMP_C,13017,JED-NTH ABH AH307,26877 Y1 i_c_value(A),13017
26877,JED-NTH-FRDS-48,26877_Y1-26590_AMP_N,13018,JED-NTH ABH AH307,26877 Y1 i_n_value(A),13018
26877,JED-NTH-FRDS-48,26877_TR1_AMP_A,13019,JED-NTH ABH AH307,26877 Q1 i_a_value(A),13019
26877,JED-NTH-FRDS-48,26877_TR1_AMP_B,13020,JED-NTH ABH AH307,26877 Q1 i_b_value(A),13020
26877,JED-NTH-FRDS-48,26877_TR1_AMP_C,13021,JED-NTH ABH AH307,26877 Q1 i_c_value(A),13021
26877,JED-NTH-FRDS-48,26877_TR1_AMP_N,13022,JED-NTH ABH AH307,26877 Q1 i_n_value(A),13022
26877,JED-NTH-FRDS-48,26877_Y2-4334_AMP_A,13023,JED-NTH ABH AH307,26877 Y2 i_a_value(A),13023
26877,JED-NTH-FRDS-48,26877_Y2-4334_AMP_B,13024,JED-NTH ABH AH307,26877 Y2 i_b_value(A),13024
26877,JED-NTH-FRDS-48,26877_Y2-4334_AMP_C,13025,JED-NTH ABH AH307,26877 Y2 i_c_value(A),13025
26877,JED-NTH-FRDS-48,26877_Y2-4334_AMP_N,13026,JED-NTH ABH AH307,26877 Y2 i_n_value(A),13026
26877,JED-NTH-FRDS-48,26877_Y1-26590_KVA,13057,JED-NTH ABH AH307,26877 Y1 S(kVA),13057
26877,JED-NTH-FRDS-48,26877_Y1-26590_KVAR,13057,,,
26877,JED-NTH-FRDS-48,26877_Y1-26590_KW,13058,JED-NTH ABH AH307,26877 Y1 P(kW),13058
26877,,,,JED-NTH ABH AH307,26877 Y1 Q(kVar),13059
26877,JED-NTH-FRDS-48,26877_TR1_VOLT_A,13060,JED-NTH ABH AH307,26877 Q1 u_ab_value(kV),13060
26877,JED-NTH-FRDS-48,26877_TR1_VOLT_B,13061,JED-NTH ABH AH307,26877 Q1 u_bc_value(kV),13061
26877,JED-NTH-FRDS-48,26877_TR1_VOLT_C,13062,JED-NTH ABH AH307,26877 Q1 u_ca_value(kV),13062
26877,JED-NTH-FRDS-48,26877_TR1_VN,13063,JED-NTH ABH AH307,26877 Q1 u_n_value(kV),13063
26877,JED-NTH-FRDS-48,26877_TR1_VOLT_N,13063,,,
26877,,,,JED-NTH ABH AH307,26877 Q1 S(kVA),13064
26877,JED-NTH-FRDS-48,26877_TR1_KW,13065,JED-NTH ABH AH307,26877 Q1 P(kW),13065
26877,JED-NTH-FRDS-48,26877_TR1_KVA,13066,JED-NTH ABH AH307,26877 Q1 Q(kVar),13066
26877,JED-NTH-FRDS-48,26877_TR1_KVAR,13066,,,
26877,JED-NTH-FRDS-48,26877_TR1_PF,13067,JED-NTH ABH AH307,26877 Q1 Power factor,13067
26877,JED-NTH-FRDS-48,26877_Y2-4334_KVA,13068,JED-NTH ABH AH307,26877 Y2 S(kVA),13068
26877,JED-NTH-FRDS-48,26877_Y2-4334_KVAR,13068,,,
26877,JED-NTH-FRDS-48,26877_Y2-4334_KW,13069,JED-NTH ABH AH307,26877 Y2 P(kW),13069
26877,,,,JED-NTH ABH AH307,26877 Y2 Q(kVar),13070
27547,JED-NTH-JUAS-23,27547_Y1-RMU27548_CMD,1,JED-NTH ABH AH321,27547 Y1 CMD,1
27547,JED-NTH-JUAS-23,27547_TR1-RMU27547_CMD,5,JED-NTH ABH AH321,27547 Q1 CMD,5
27547,JED-NTH-JUAS-23,27547_Y2-RMU36250_CMD,9,JED-NTH ABH AH321,27547 Y2 CMD,9
27547,JED-NTH-JUAS-23,27547_Y1-RMU27548_ST_LOCK,1000,JED-NTH ABH AH321,27547 Y1/Lock/Unlock indication value,1000
27547,JED-NTH-JUAS-23,27547_Y1-RMU27548_ST_GND,1001,JED-NTH ABH AH321,27547 KY1 state,1001
27547,JED-NTH-JUAS-23,27547_TR1-RMU27547_ST_LOCK,1002,JED-NTH ABH AH321,27547 Q1/Lock/Unlock indication value,1002
27547,JED-NTH-JUAS-23,27547_TR1-RMU27547_ST_GND,1003,JED-NTH ABH AH321,27547 KQ1 state,1003
27547,JED-NTH-JUAS-23,27547_Y2-RMU36250_ST_LOCK,1004,JED-NTH ABH AH321,27547 Y2/Lock/Unlock indication value,1004
27547,JED-NTH-JUAS-23,27547_Y2-RMU36250_ST_GND,1005,JED-NTH ABH AH321,27547 KY2 state,1005
27547,JED-NTH-JUAS-23,27547_BATT_LOW,1008,JED-NTH ABH AH321,27547 Battery low value,1008
27547,JED-NTH-JUAS-23,27547_GAS_LOW,1009,JED-NTH ABH AH321,27547 Gas low value,1009
27547,JED-NTH-JUAS-23,27547_AC_FAIL,1010,JED-NTH ABH AH321,27547 AC power fail value,1010
27547,JED-NTH-JUAS-23,27547_DOOR_OPENED,1011,JED-NTH ABH AH321,27547 Door open value,1011
27547,JED-NTH-JUAS-23,27547_DC_ST,1012,JED-NTH ABH AH321,27547 DC power fail value,1012
27547,JED-NTH-JUAS-23,27547_MOTOR_CRT_FAIL,1013,JED-NTH ABH AH321,27547 Motor circuit fail value,1013
27547,JED-NTH-JUAS-23,27547_RTU_FAIL,1277,JED-NTH ABH AH321,27547 RTU Self diagnostic value,1277
27547,JED-NTH-JUAS-23,27547_EFI,1278,JED-NTH ABH AH321,27547 EFI (Fault indication) value,1278
27547,JED-NTH-JUAS-23,27547_PROT_HEALTH,1279,JED-NTH ABH AH321,27547 Protection Health value,1279
27547,JED-NTH-JUAS-23,27547_PROT_TRIP_EFI,1280,JED-NTH ABH AH321,27547 Protection Trip (Earth fault) value,1280
27547,JED-NTH-JUAS-23,27547_PROT_TRIP_PH_FLT,1281,JED-NTH ABH AH321,27547 Protection Trip (Phase fault) value,1281
27547,JED-NTH-JUAS-23,27547_Y1-RMU27548_ST,11000,JED-NTH ABH AH321,27547 Y1 state,11000
27547,JED-NTH-JUAS-23,27547_TR1-RMU27547_ST,11001,JED-NTH ABH AH321,27547 Q1 state,11001
27547,JED-NTH-JUAS-23,27547_Y2-RMU36250_ST,11002,JED-NTH ABH AH321,27547 Y2 state,11002
27547,JED-NTH-JUAS-23,27547_LR,11004,JED-NTH ABH AH321,27547 Remote/Local value,11004
27547,JED-NTH-JUAS-23,27547_Y1-RMU27548_AMP_A,13015,JED-NTH ABH AH321,27547 Y1 i_a_value(A),13015
27547,JED-NTH-JUAS-23,27547_Y1-RMU27548_AMP_B,13016,JED-NTH ABH AH321,27547 Y1 i_b_value(A),13016
27547,JED-NTH-JUAS-23,27547_Y1-RMU27548_AMP_C,13017,JED-NTH ABH AH321,27547 Y1 i_c_value(A),13017
27547,JED-NTH-JUAS-23,27547_Y1-RMU27548_AMP_N,13018,JED-NTH ABH AH321,27547 Y1 i_n_value(A),13018
27547,JED-NTH-JUAS-23,27547_TR1-RMU27547_AMP_A,13019,JED-NTH ABH AH321,27547 Q1 i_a_value(A),13019
27547,JED-NTH-JUAS-23,27547_TR1-RMU27547_AMP_B,13020,JED-NTH ABH AH321,27547 Q1 i_b_value(A),13020
27547,JED-NTH-JUAS-23,27547_TR1-RMU27547_AMP_C,13021,JED-NTH ABH AH321,27547 Q1 i_c_value(A),13021
27547,JED-NTH-JUAS-23,27547_TR1-RMU27547_AMP_N,13022,JED-NTH ABH AH321,27547 Q1 i_n_value(A),13022
27547,JED-NTH-JUAS-23,27547_Y2-RMU36250_AMP_A,13023,JED-NTH ABH AH321,27547 Y2 i_a_value(A),13023
27547,JED-NTH-JUAS-23,27547_Y2-RMU36250_AMP_B,13024,JED-NTH ABH AH321,27547 Y2 i_b_value(A),13024
27547,JED-NTH-JUAS-23,27547_Y2-RMU36250_AMP_C,13025,JED-NTH ABH AH321,27547 Y2 i_c_value(A),13025
27547,JED-NTH-JUAS-23,27547_Y2-RMU36250_AMP_N,13026,JED-NTH ABH AH321,27547 Y2 i_n_value(A),13026
27547,,,,JED-NTH ABH AH321,27547 Y1 S(kVA),13057
27547,,,,JED-NTH ABH AH321,27547 Y1 P(kW),13058
27547,,,,JED-NTH ABH AH321,27547 Y1 Q(kVar),13059
27547,JED-NTH-JUAS-23,27547_TR1-RMU27547_VOLT_A,13060,JED-NTH ABH AH321,27547 Q1 u_ab_value(kV),13060
27547,JED-NTH-JUAS-23,27547_TR1-RMU27547_VOLT_B,13061,JED-NTH ABH AH321,27547 Q1 u_bc_value(kV),13061
27547,JED-NTH-JUAS-23,27547_TR1-RMU27547_VOLT_C,13062,JED-NTH ABH AH321,27547 Q1 u_ca_value(kV),13062
27547,JED-NTH-JUAS-23,27547_TR1-RMU27547_VOLT_N,13063,JED-NTH ABH AH321,27547 Q1 u_n_value(kV),13063
27547,JED-NTH-JUAS-23,27547_TR1-RMU27547_KVA,13064,JED-NTH ABH AH321,27547 Q1 S(kVA),13064
27547,JED-NTH-JUAS-23,27547_TR1-RMU27547_KW,13065,JED-NTH ABH AH321,27547 Q1 P(kW),13065
27547,JED-NTH-JUAS-23,27547_TR1-RMU27547_KVAR,13066,JED-NTH ABH AH321,27547 Q1 Q(kVar),13066
27547,JED-NTH-JUAS-23,27547_TR1-RMU27547_PF,13067,JED-NTH ABH AH321,27547 Q1 Power factor,13067
27547,JED-NTH-JUAS-23,27547_Y2-RMU36250_KVA,13068,JED-NTH ABH AH321,27547 Y2 S(kVA),13068
27547,JED-NTH-JUAS-23,27547_Y2-RMU36250_KW,13069,JED-NTH ABH AH321,27547 Y2 P(kW),13069
27547,JED-NTH-JUAS-23,27547_Y2-RMU36250_KVAR,13070,JED-NTH ABH AH321,27547 Y2 Q(kVar),13070
28920,JED-NTH-FRSH-39,28920_Y1-26727_CMD,1,JED-NTH ABH AH307,28920 Y1 CMD,1
28920,JED-NTH-FRSH-39,28920_TR1_CMD,5,JED-NTH ABH AH307,28920 Q1 CMD,5
28920,JED-NTH-FRSH-39,28920_Y2-27873_CMD,9,JED-NTH ABH AH307,28920 Y2 CMD,9
28920,JED-NTH-FRSH-39,28920_Y1-26727_ST_LOCK,1000,JED-NTH ABH AH307,28920 Y1/Lock/Unlock indication value,1000
28920,JED-NTH-FRSH-39,28920_Y1-26727_ST_GND,1001,JED-NTH ABH AH307,28920 KY1 state,1001
28920,JED-NTH-FRSH-39,28920_TR1_ST_LOCK,1002,JED-NTH ABH AH307,28920 Q1/Lock/Unlock indication value,1002
28920,JED-NTH-FRSH-39,28920_TR1_ST_GND,1003,JED-NTH ABH AH307,28920 KQ1 state,1003
28920,JED-NTH-FRSH-39,28920_Y2-27873_ST_LOCK,1004,JED-NTH ABH AH307,28920 Y2/Lock/Unlock indication value,1004
28920,JED-NTH-FRSH-39,28920_Y2-27873_ST_GND,1005,JED-NTH ABH AH307,28920 KY2 state,1005
28920,JED-NTH-FRSH-39,28920_BATT_LOW,1008,JED-NTH ABH AH307,28920 Battery low value,1008
28920,JED-NTH-FRSH-39,28920_GAS_LOW,1009,JED-NTH ABH AH307,28920 Gas low value,1009
28920,JED-NTH-FRSH-39,28920_AC_FAIL,1010,JED-NTH ABH AH307,28920 AC power fail value,1010
28920,JED-NTH-FRSH-39,28920_DOOR_OPENED,1011,JED-NTH ABH AH307,28920 Door open value,1011
28920,JED-NTH-FRSH-39,28920_DC_ST,1012,JED-NTH ABH AH307,28920 DC power fail value,1012
28920,JED-NTH-FRSH-39,28920_MOTOR_CRT_FAIL,1013,JED-NTH ABH AH307,28920 Motor circuit fail value,1013
28920,JED-NTH-FRSH-39,28920_RTU_FAIL,1277,JED-NTH ABH AH307,28920 RTU Self diagnostic value,1277
28920,JED-NTH-FRSH-39,28920_EFI,1278,JED-NTH ABH AH307,28920 EFI (Fault indication) value,1278
28920,JED-NTH-FRSH-39,28920_PROT_HEALTH,1279,JED-NTH ABH AH307,28920 Protection Health value,1279
28920,JED-NTH-FRSH-39,28920_PROT_TRIP_EFI,1280,JED-NTH ABH AH307,28920 Protection Trip (Earth fault) value,1280
28920,JED-NTH-FRSH-39,28920_PROT_TRIP_PH_FLT,1281,JED-NTH ABH AH307,28920 Protection Trip (Phase fault) value,1281
28920,JED-NTH-FRSH-39,28920_Y1-26727_ST,11000,JED-NTH ABH AH307,28920 Y1 state,11000
28920,JED-NTH-FRSH-39,28920_TR1_ST,11001,JED-NTH ABH AH307,28920 Q1 state,11001
28920,JED-NTH-FRSH-39,28920_Y2-27873_ST,11002,JED-NTH ABH AH307,28920 Y2 state,11002
28920,JED-NTH-FRSH-39,28920_LR,11004,JED-NTH ABH AH307,28920 Remote/Local value,11004
28920,JED-NTH-FRSH-39,28920_Y1-26727_AMP_A,13015,JED-NTH ABH AH307,28920 Y1 i_a_value(A),13015
28920,JED-NTH-FRSH-39,28920_Y1-26727_AMP_B,13016,JED-NTH ABH AH307,28920 Y1 i_b_value(A),13016
28920,JED-NTH-FRSH-39,28920_Y1-26727_AMP_C,13017,JED-NTH ABH AH307,28920 Y1 i_c_value(A),13017
28920,JED-NTH-FRSH-39,28920_Y1-26727_AMP_N,13018,JED-NTH ABH AH307,28920 Y1 i_n_value(A),13018
28920,JED-NTH-FRSH-39,28920_TR1_AMP_A,13019,JED-NTH ABH AH307,28920 Q1 i_a_value(A),13019
28920,JED-NTH-FRSH-39,28920_TR1_AMP_B,13020,JED-NTH ABH AH307,28920 Q1 i_b_value(A),13020
28920,JED-NTH-FRSH-39,28920_TR1_AMP_C,13021,JED-NTH ABH AH307,28920 Q1 i_c_value(A),13021
28920,JED-NTH-FRSH-39,28920_TR1_AMP_N,13022,JED-NTH ABH AH307,28920 Q1 i_n_value(A),13022
28920,JED-NTH-FRSH-39,28920_Y2-27873_AMP_A,13023,JED-NTH ABH AH307,28920 Y2 i_a_value(A),13023
28920,JED-NTH-FRSH-39,28920_Y2-27873_AMP_B,13024,JED-NTH ABH AH307,28920 Y2 i_b_value(A),13024
28920,JED-NTH-FRSH-39,28920_Y2-27873_AMP_C,13025,JED-NTH ABH AH307,28920 Y2 i_c_value(A),13025
28920,JED-NTH-FRSH-39,28920_Y2-27873_AMP_N,13026,JED-NTH ABH AH307,28920 Y2 i_n_value(A),13026
28920,JED-NTH-FRSH-39,28920_Y1-26727_KVA,13057,JED-NTH ABH AH307,28920 Y1 S(kVA),13057
28920,JED-NTH-FRSH-39,28920_Y1-26727_KVAR,13057,,,
28920,JED-NTH-FRSH-39,28920_Y1-26727_KW,13058,JED-NTH ABH AH307,28920 Y1 P(kW),13058
28920,,,,JED-NTH ABH AH307,28920 Y1 Q(kVar),13059
28920,JED-NTH-FRSH-39,28920_TR1_VOLT_A,13060,JED-NTH ABH AH307,28920 Q1 u_ab_value(kV),13060
28920,JED-NTH-FRSH-39,28920_TR1_VOLT_B,13061,JED-NTH ABH AH307,28920 Q1 u_bc_value(kV),13061
28920,JED-NTH-FRSH-39,28920_TR1_VOLT_C,13062,JED-NTH ABH AH307,28920 Q1 u_ca_value(kV),13062
28920,JED-NTH-FRSH-39,28920_TR1_VN,13063,JED-NTH ABH AH307,28920 Q1 u_n_value(kV),13063
28920,JED-NTH-FRSH-39,28920_TR1_VOLT_N,13063,,,
28920,,,,JED-NTH ABH AH307,28920 Q1 S(kVA),13064
28920,JED-NTH-FRSH-39,28920_TR1_KW,13065,JED-NTH ABH AH307,28920 Q1 P(kW),13065
28920,JED-NTH-FRSH-39,28920_TR1_KVA,13066,JED-NTH ABH AH307,28920 Q1 Q(kVar),13066
28920,JED-NTH-FRSH-39,28920_TR1_KVAR,13066,,,
28920,JED-NTH-FRSH-39,28920_TR1_PF,13067,JED-NTH ABH AH307,28920 Q1 Power factor,13067
28920,JED-NTH-FRSH-39,28920_Y2-27873_KVA,13068,JED-NTH ABH AH307,28920 Y2 S(kVA),13068
28920,JED-NTH-FRSH-39,28920_Y2-27873_KVAR,13068,,,
28920,JED-NTH-FRSH-39,28920_Y2-27873_KW,13069,JED-NTH ABH AH307,28920 Y2 P(kW),13069
28920,,,,JED-NTH ABH AH307,28920 Y2 Q(kVar),13070
29471,JED-NTH-FRDS-44,29471_Y1-RMU28928_CMD,1,JED-NTH ABH AH314,29471 Y1 CMD,1
29471,JED-NTH-FRDS-44,29471_Y2-RMU25178_CMD,5,JED-NTH ABH AH314,29471 Y2 CMD,5
29471,JED-NTH-FRDS-44,29471_TR1-RMU29471_CMD,9,JED-NTH ABH AH314,29471 Q1 CMD,9
29471,JED-NTH-FRDS-44,29471_Y3-RMU38305_CMD,13,JED-NTH ABH AH314,29471 Y3 CMD,13
29471,JED-NTH-FRDS-44,29471_Y1-RMU28928_ST_LOCK,1000,JED-NTH ABH AH314,29471 Y1/Lock/Unlock indication value,1000
29471,JED-NTH-FRDS-44,29471_Y1-RMU28928_ST_GND,1001,JED-NTH ABH AH314,29471 KY1 state,1001
29471,JED-NTH-FRDS-44,29471_Y2-RMU25178_ST_LOCK,1002,JED-NTH ABH AH314,29471 Y2/Lock/Unlock indication value,1002
29471,JED-NTH-FRDS-44,29471_Y2-RMU25178_ST_GND,1003,JED-NTH ABH AH314,29471 KY2 state,1003
29471,JED-NTH-FRDS-44,29471_TR1-RMU29471_ST_LOCK,1004,JED-NTH ABH AH314,29471 Q1/Lock/Unlock indication value,1004
29471,JED-NTH-FRDS-44,29471_TR1-RMU29471_ST_GND,1005,JED-NTH ABH AH314,29471 KQ1 state,1005
29471,JED-NTH-FRDS-44,29471_Y3-RMU38305_ST_LOCK,1006,JED-NTH ABH AH314,29471 Y3/Lock/Unlock indication value,1006
29471,JED-NTH-FRDS-44,29471_Y3-RMU38305_ST_GND,1007,JED-NTH ABH AH314,29471 KY3 state,1007
29471,JED-NTH-FRDS-44,29471_BATT_LOW,1008,JED-NTH ABH AH314,29471 Battery low value,1008
29471,JED-NTH-FRDS-44,29471_GAS_LOW,1009,JED-NTH ABH AH314,29471 Gas low value,1009
29471,JED-NTH-FRDS-44,29471_AC_FAIL,1010,JED-NTH ABH AH314,29471 AC power fail value,1010
29471,JED-NTH-FRDS-44,29471_DOOR_OPENED,1011,JED-NTH ABH AH314,29471 Door open value,1011
29471,JED-NTH-FRDS-44,29471_DC_ST,1012,JED-NTH ABH AH314,29471 DC power fail value,1012
29471,JED-NTH-FRDS-44,29471_MOTOR_CRT_FAIL,1013,JED-NTH ABH AH314,29471 Motor circuit fail value,1013
29471,JED-NTH-FRDS-44,29471_RTU_FAIL,1277,JED-NTH ABH AH314,29471 RTU Self diagnostic value,1277
29471,JED-NTH-FRDS-44,29471_EFI,1278,JED-NTH ABH AH314,29471 EFI (Fault indication) value,1278
29471,JED-NTH-FRDS-44,29471_PROT_HEALTH,1279,JED-NTH ABH AH314,29471 Protection Health value,1279
29471,JED-NTH-FRDS-44,29471_PROT_TRIP_EFI,1280,JED-NTH ABH AH314,29471 Protection Trip (Earth fault) value,1280
29471,JED-NTH-FRDS-44,29471_PROT_TRIP_PH_FLT,1281,JED-NTH ABH AH314,29471 Protection Trip (Phase fault) value,1281
29471,JED-NTH-FRDS-44,29471_Y1-RMU28928_ST,11000,JED-NTH ABH AH314,29471 Y1 state,11000
29471,JED-NTH-FRDS-44,29471_Y2-RMU25178_ST,11001,JED-NTH ABH AH314,29471 Y2 state,11001
29471,JED-NTH-FRDS-44,29471_TR1-RMU29471_ST,11002,JED-NTH ABH AH314,29471 Q1 state,11002
29471,JED-NTH-FRDS-44,29471_Y3-RMU38305_ST,11003,JED-NTH ABH AH314,29471 Y3 state,11003
29471,JED-NTH-FRDS-44,29471_LR,11004,JED-NTH ABH AH314,29471 Remote/Local value,11004
29471,JED-NTH-FRDS-44,29471_Y1-RMU28928_AMP_A,13015,JED-NTH ABH AH314,29471 Y1 i_a_value(A),13015
29471,JED-NTH-FRDS-44,29471_Y1-RMU28928_AMP_B,13016,JED-NTH ABH AH314,29471 Y1 i_b_value(A),13016
29471,JED-NTH-FRDS-44,29471_Y1-RMU28928_AMP_C,13017,JED-NTH ABH AH314,29471 Y1 i_c_value(A),13017
29471,JED-NTH-FRDS-44,29471_Y1-RMU28928_AMP_N,13018,JED-NTH ABH AH314,29471 Y1 i_n_value(A),13018
29471,JED-NTH-FRDS-44,29471_Y2-RMU25178_AMP_A,13019,JED-NTH ABH AH314,29471 Y2 i_a_value(A),13019
29471,JED-NTH-FRDS-44,29471_Y2-RMU25178_AMP_B,13020,JED-NTH ABH AH314,29471 Y2 i_b_value(A),13020
29471,JED-NTH-FRDS-44,29471_Y2-RMU25178_AMP_C,13021,JED-NTH ABH AH314,29471 Y2 i_c_value(A),13021
29471,JED-NTH-FRDS-44,29471_Y2-RMU25178_AMP_N,13022,JED-NTH ABH AH314,29471 Y2 i_n_value(A),13022
29471,JED-NTH-FRDS-44,29471_TR1-RMU29471_AMP_A,13023,JED-NTH ABH AH314,29471 Q1 i_a_value(A),13023
29471,JED-NTH-FRDS-44,29471_TR1-RMU29471_AMP_B,13024,JED-NTH ABH AH314,29471 Q1 i_b_value(A),13024
29471,JED-NTH-FRDS-44,29471_TR1-RMU29471_AMP_C,13025,JED-NTH ABH AH314,29471 Q1 i_c_value(A),13025
29471,JED-NTH-FRDS-44,29471_TR1-RMU29471_AMP_N,13026,JED-NTH ABH AH314,29471 Q1 i_n_value(A),13026
29471,JED-NTH-FRDS-44,29471_Y3-RMU38305_AMP_A,13027,JED-NTH ABH AH314,29471 Y3 i_a_value(A),13027
29471,JED-NTH-FRDS-44,29471_Y3-RMU38305_AMP_B,13028,JED-NTH ABH AH314,29471 Y3 i_b_value(A),13028
29471,JED-NTH-FRDS-44,29471_Y3-RMU38305_AMP_C,13029,JED-NTH ABH AH314,29471 Y3 i_c_value(A),13029
29471,JED-NTH-FRDS-44,29471_Y3-RMU38305_AMP_N,13030,JED-NTH ABH AH314,29471 Y3 i_n_value(A),13030
29471,JED-NTH-FRDS-44,29471_Y1-RMU28928_KVA,13057,JED-NTH ABH AH314,29471 Y1 S(kVA),13057
29471,JED-NTH-FRDS-44,29471_Y1-RMU28928_KW,13058,JED-NTH ABH AH314,29471 Y1 P(kW),13058
29471,JED-NTH-FRDS-44,29471_Y1-RMU28928_KVAR,13059,JED-NTH ABH AH314,29471 Y1 Q(kVar),13059
29471,JED-NTH-FRDS-44,29471_Y2-RMU25178_KVA,13060,JED-NTH ABH AH314,29471 Y2 S(kVA),13060
29471,JED-NTH-FRDS-44,29471_Y2-RMU25178_KW,13061,JED-NTH ABH AH314,29471 Y2 P(kW),13061
29471,JED-NTH-FRDS-44,29471_Y2-RMU25178_KVAR,13062,JED-NTH ABH AH314,29471 Y2 Q(kVar),13062
29471,JED-NTH-FRDS-44,29471_TR1-RMU29471_VOLT_A,13063,JED-NTH ABH AH314,29471 Q1 u_ab_value(kV),13063
29471,JED-NTH-FRDS-44,29471_TR1-RMU29471_VOLT_B,13064,JED-NTH ABH AH314,29471 Q1 u_bc_value(kV),13064
29471,JED-NTH-FRDS-44,29471_TR1-RMU29471_VOLT_C,13065,JED-NTH ABH AH314,29471 Q1 u_ca_value(kV),13065
29471,JED-NTH-FRDS-44,29471_TR1-RMU29471_VOLT_N,13066,JED-NTH ABH AH314,29471 Q1 u_n_value(kV),13066
29471,JED-NTH-FRDS-44,29471_TR1-RMU29471_KVA,13067,JED-NTH ABH AH314,29471 Q1 S(kVA),13067
29471,JED-NTH-FRDS-44,29471_TR1-RMU29471_KW,13068,JED-NTH ABH AH314,29471 Q1 P(kW),13068
29471,JED-NTH-FRDS-44,29471_TR1-RMU29471_KVAR,13069,JED-NTH ABH AH314,29471 Q1 Q(kVar),13069
29471,JED-NTH-FRDS-44,29471_TR1-RMU29471_PF,13070,JED-NTH ABH AH314,29471 Q1 Power factor,13070
29471,JED-NTH-FRDS-44,29471_Y3-RMU38305_KVA,13071,JED-NTH ABH AH314,29471 Y3 S(kVA),13071
29471,JED-NTH-FRDS-44,29471_Y3-RMU38305_KW,13072,JED-NTH ABH AH314,29471 Y3 P(kW),13072
29471,JED-NTH-FRDS-44,29471_Y3-RMU38305_KVAR,13073,JED-NTH ABH AH314,29471 Y3 Q(kVar),13073
29799,JED-NTH-FRDS-44,29799_Y1-RMU29797_CMD,1,JED-NTH ABH AH314,29799 Y1 CMD,1
29799,JED-NTH-FRDS-44,29799_TR1-RMU29799_CMD,5,JED-NTH ABH AH314,29799 Y2 CMD,5
29799,JED-NTH-FRDS-44,29799_TR2-RMU29799_CMD,9,JED-NTH ABH AH314,29799 Q1 CMD,9
29799,JED-NTH-FRDS-44,29799_Y2-RMU29801_CMD,13,JED-NTH ABH AH314,29799 Y3 CMD,13
29799,JED-NTH-FRDS-44,29799_Y1-RMU29797_ST_LOCK,1000,JED-NTH ABH AH314,29799 Y1/Lock/Unlock indication value,1000
29799,JED-NTH-FRDS-44,29799_Y1-RMU29797_ST_GND,1001,JED-NTH ABH AH314,29799 KY1 state,1001
29799,JED-NTH-FRDS-44,29799_TR1-RMU29799_ST_LOCK,1002,JED-NTH ABH AH314,29799 Y2/Lock/Unlock indication value,1002
29799,JED-NTH-FRDS-44,29799_TR1-RMU29799_ST_GND,1003,JED-NTH ABH AH314,29799 KY2 state,1003
29799,JED-NTH-FRDS-44,29799_TR2-RMU29799_ST_LOCK,1004,JED-NTH ABH AH314,29799 Q1/Lock/Unlock indication value,1004
29799,JED-NTH-FRDS-44,29799_TR2-RMU29799_ST_GND,1005,JED-NTH ABH AH314,29799 KQ1 state,1005
29799,JED-NTH-FRDS-44,29799_Y2-RMU29801_ST_LOCK,1006,JED-NTH ABH AH314,29799 Y3/Lock/Unlock indication value,1006
29799,JED-NTH-FRDS-44,29799_Y2-RMU29801_ST_GND,1007,JED-NTH ABH AH314,29799 KY3 state,1007
29799,JED-NTH-FRDS-44,29799_BATT_LOW,1008,JED-NTH ABH AH314,29799 Battery low value,1008
29799,JED-NTH-FRDS-44,29799_GAS_LOW,1009,JED-NTH ABH AH314,29799 Gas low value,1009
29799,JED-NTH-FRDS-44,29799_AC_FAIL,1010,JED-NTH ABH AH314,29799 AC power fail value,1010
29799,JED-NTH-FRDS-44,29799_DOOR_OPENED,1011,JED-NTH ABH AH314,29799 Door open value,1011
29799,JED-NTH-FRDS-44,29799_DC_ST,1012,JED-NTH ABH AH314,29799 DC power fail value,1012
29799,JED-NTH-FRDS-44,29799_MOTOR_CRT_FAIL,1013,JED-NTH ABH AH314,29799 Motor circuit fail value,1013
29799,JED-NTH-FRDS-44,29799_RTU_FAIL,1277,JED-NTH ABH AH314,29799 RTU Self diagnostic value,1277
29799,JED-NTH-FRDS-44,29799_EFI,1278,JED-NTH ABH AH314,29799 EFI (Fault indication) value,1278
29799,JED-NTH-FRDS-44,29799_TR1-RMU29799_PROT_HEALTH,1279,JED-NTH ABH AH314,29799 Protection Health value,1279
29799,JED-NTH-FRDS-44,29799_TR1-RMU29799_PROT_TRIP_EFI,1280,JED-NTH ABH AH314,29799 Protection Trip (Earth fault) value,1280
29799,JED-NTH-FRDS-44,29799_TR1-RMU29799_PROT_TRIP_PH_FLT,1281,JED-NTH ABH AH314,29799 Protection Trip (Phase fault) value,1281
29799,JED-NTH-FRDS-44,29799_TR2-RMU29799_PROT_HEALTH,1282,,,
29799,JED-NTH-FRDS-44,29799_TR2-RMU29799_PROT_TRIP_EFI,1283,,,
29799,JED-NTH-FRDS-44,29799_TR2-RMU29799_PROT_TRIP_PH_FLT,1284,,,
29799,JED-NTH-FRDS-44,29799_Y1-RMU29797_ST,11000,JED-NTH ABH AH314,29799 Y1 state,11000
29799,JED-NTH-FRDS-44,29799_TR1-RMU29799_ST,11001,JED-NTH ABH AH314,29799 Y2 state,11001
29799,JED-NTH-FRDS-44,29799_TR2-RMU29799_ST,11002,JED-NTH ABH AH314,29799 Q1 state,11002
29799,JED-NTH-FRDS-44,29799_Y2-RMU29801_ST,11003,JED-NTH ABH AH314,29799 Y3 state,11003
29799,JED-NTH-FRDS-44,29799_LR,11004,JED-NTH ABH AH314,29799 Remote/Local value,11004
29799,JED-NTH-FRDS-44,29799_Y1-RMU29797_AMP_A,13015,JED-NTH ABH AH314,29799 Y1 i_a_value(A),13015
29799,JED-NTH-FRDS-44,29799_Y1-RMU29797_AMP_B,13016,JED-NTH ABH AH314,29799 Y1 i_b_value(A),13016
29799,JED-NTH-FRDS-44,29799_Y1-RMU29797_AMP_C,13017,JED-NTH ABH AH314,29799 Y1 i_c_value(A),13017
29799,JED-NTH-FRDS-44,29799_Y1-RMU29797_AMP_N,13018,JED-NTH ABH AH314,29799 Y1 i_n_value(A),13018
29799,JED-NTH-FRDS-44,29799_TR1-RMU29799_AMP_A,13019,JED-NTH ABH AH314,29799 Y2 i_a_value(A),13019
29799,JED-NTH-FRDS-44,29799_TR1-RMU29799_AMP_B,13020,JED-NTH ABH AH314,29799 Y2 i_b_value(A),13020
29799,JED-NTH-FRDS-44,29799_TR1-RMU29799_AMP_C,13021,JED-NTH ABH AH314,29799 Y2 i_c_value(A),13021
29799,JED-NTH-FRDS-44,29799_TR1-RMU29799_AMP_N,13022,JED-NTH ABH AH314,29799 Y2 i_n_value(A),13022
29799,JED-NTH-FRDS-44,29799_TR2-RMU29799_AMP_A,13023,JED-NTH ABH AH314,29799 Q1 i_a_value(A),13023
29799,JED-NTH-FRDS-44,29799_TR2-RMU29799_AMP_B,13024,JED-NTH ABH AH314,29799 Q1 i_b_value(A),13024
29799,JED-NTH-FRDS-44,29799_TR2-RMU29799_AMP_C,13025,JED-NTH ABH AH314,29799 Q1 i_c_value(A),13025
29799,JED-NTH-FRDS-44,29799_TR2-RMU29799_AMP_N,13026,JED-NTH ABH AH314,29799 Q1 i_n_value(A),13026
29799,JED-NTH-FRDS-44,29799_Y2-RMU29801_AMP_A,13027,JED-NTH ABH AH314,29799 Y3 i_a_value(A),13027
29799,JED-NTH-FRDS-44,29799_Y2-RMU29801_AMP_B,13028,JED-NTH ABH AH314,29799 Y3 i_b_value(A),13028
29799,JED-NTH-FRDS-44,29799_Y2-RMU29801_AMP_C,13029,JED-NTH ABH AH314,29799 Y3 i_c_value(A),13029
29799,JED-NTH-FRDS-44,29799_Y2-RMU29801_AMP_N,13030,JED-NTH ABH AH314,29799 Y3 i_n_value(A),13030
29799,JED-NTH-FRDS-44,29799_Y1-RMU29797_KVA,13057,JED-NTH ABH AH314,29799 Y1 S(kVA),13057
29799,JED-NTH-FRDS-44,29799_Y1-RMU29797_KW,13058,JED-NTH ABH AH314,29799 Y1 P(kW),13058
29799,JED-NTH-FRDS-44,29799_Y1-RMU29797_KVAR,13059,JED-NTH ABH AH314,29799 Y1 Q(kVar),13059
29799,JED-NTH-FRDS-44,29799_TR1-RMU29799_KVA,13060,JED-NTH ABH AH314,29799 Y2 S(kVA),13060
29799,JED-NTH-FRDS-44,29799_TR1-RMU29799_KW,13061,JED-NTH ABH AH314,29799 Y2 P(kW),13061
29799,JED-NTH-FRDS-44,29799_TR1-RMU29799_KVAR,13062,JED-NTH ABH AH314,29799 Y2 Q(kVar),13062
29799,JED-NTH-FRDS-44,29799_TR2-RMU29799_VOLT_A,13063,JED-NTH ABH AH314,29799 Q1 u_ab_value(kV),13063
29799,JED-NTH-FRDS-44,29799_TR2-RMU29799_VOLT_B,13064,JED-NTH ABH AH314,29799 Q1 u_bc_value(kV),13064
29799,JED-NTH-FRDS-44,29799_TR2-RMU29799_VOLT_C,13065,JED-NTH ABH AH314,29799 Q1 u_ca_value(kV),13065
29799,JED-NTH-FRDS-44,29799_TR2-RMU29799_VOLT_N,13066,JED-NTH ABH AH314,29799 Q1 u_n_value(kV),13066
29799,JED-NTH-FRDS-44,29799_TR2-RMU29799_KVA,13067,JED-NTH ABH AH314,29799 Q1 S(kVA),13067
29799,JED-NTH-FRDS-44,29799_TR2-RMU29799_KW,13068,JED-NTH ABH AH314,29799 Q1 P(kW),13068
29799,JED-NTH-FRDS-44,29799_TR2-RMU29799_KVAR,13069,JED-NTH ABH AH314,29799 Q1 Q(kVar),13069
29799,JED-NTH-FRDS-44,29799_TR2-RMU29799_PF,13070,JED-NTH ABH AH314,29799 Q1 Power factor,13070
29799,JED-NTH-FRDS-44,29799_Y2-RMU29801_KVA,13071,JED-NTH ABH AH314,29799 Y3 S(kVA),13071
29799,JED-NTH-FRDS-44,29799_Y2-RMU29801_KW,13072,JED-NTH ABH AH314,29799 Y3 P(kW),13072
29799,JED-NTH-FRDS-44,29799_Y2-RMU29801_KVAR,13073,JED-NTH ABH AH314,29799 Y3 Q(kVar),13073
29905,JED-NTH-HHR2-45,29905_Y1-RMU17756_CMD,1,JED-NTH ABH AH320,29905 Y1 CMD,1
29905,JED-NTH-HHR2-45,29905_TR1-RMU_CMD,5,JED-NTH ABH AH320,29905 Q1 CMD,5
29905,JED-NTH-HHR2-45,29905_TR2-RMU_CMD,9,JED-NTH ABH AH320,29905 Y2 CMD,9
29905,JED-NTH-HHR2-45,29905_Y2-RMU31714_CMD,13,,,
29905,JED-NTH-HHR2-45,29905_Y1-RMU17756_ST_LOCK,1000,JED-NTH ABH AH320,29905 Y1/Lock/Unlock indication value,1000
29905,JED-NTH-HHR2-45,29905_Y1-RMU17756_ST_GND,1001,JED-NTH ABH AH320,29905 KY1 state,1001
29905,JED-NTH-HHR2-45,29905_TR1-RMU_ST_LOCK,1002,JED-NTH ABH AH320,29905 Q1/Lock/Unlock indication value,1002
29905,JED-NTH-HHR2-45,29905_TR1-RMU_ST_GND,1003,JED-NTH ABH AH320,29905 KQ1 state,1003
29905,JED-NTH-HHR2-45,29905_TR2-RMU_ST_LOCK,1004,JED-NTH ABH AH320,29905 Y2/Lock/Unlock indication value,1004
29905,JED-NTH-HHR2-45,29905_TR2-RMU_ST_GND,1005,JED-NTH ABH AH320,29905 KY2 state,1005
29905,JED-NTH-HHR2-45,29905_Y2-RMU31714_ST_LOCK,1006,,,
29905,JED-NTH-HHR2-45,29905_Y2-RMU31714_ST_GND,1007,,,
29905,JED-NTH-HHR2-45,29905_BATT_LOW,1008,JED-NTH ABH AH320,29905 Battery low value,1008
29905,JED-NTH-HHR2-45,29905_GAS_LOW,1009,JED-NTH ABH AH320,29905 Gas low value,1009
29905,JED-NTH-HHR2-45,29905_AC_FAIL,1010,JED-NTH ABH AH320,29905 AC power fail value,1010
29905,JED-NTH-HHR2-45,29905_DOOR_OPENED,1011,JED-NTH ABH AH320,29905 Door open value,1011
29905,JED-NTH-HHR2-45,29905_DC_ST,1012,JED-NTH ABH AH320,29905 DC power fail value,1012
29905,JED-NTH-HHR2-45,29905_MOTOR_CRT_FAIL,1013,JED-NTH ABH AH320,29905 Motor circuit fail value,1013
29905,JED-NTH-HHR2-45,29905_RTU_FAIL,1277,JED-NTH ABH AH320,29905 RTU Self diagnostic value,1277
29905,JED-NTH-HHR2-45,29905_EFI,1278,JED-NTH ABH AH320,29905 EFI (Fault indication) value,1278
29905,JED-NTH-HHR2-45,29905_TR1-RMU_PROT_HEALTH,1279,JED-NTH ABH AH320,29905 Protection Health value,1279
29905,JED-NTH-HHR2-45,29905_TR1-RMU_PROT_TRIP_EFI,1280,JED-NTH ABH AH320,29905 Protection Trip (Earth fault) value,1280
29905,JED-NTH-HHR2-45,29905_TR1-RMU_PROT_TRIP_PH_FLT,1281,JED-NTH ABH AH320,29905 Protection Trip (Phase fault) value,1281
29905,JED-NTH-HHR2-45,29905_TR2-RMU_PROT_HEALTH,1282,,,
29905,JED-NTH-HHR2-45,29905_TR2-RMU_PROT_TRIP_EFI,1283,,,
29905,JED-NTH-HHR2-45,29905_TR2-RMU_PROT_TRIP_PH_FLT,1284,,,
29905,JED-NTH-HHR2-45,29905_Y1-RMU17756_ST,11000,JED-NTH ABH AH320,29905 Y1 state,11000
29905,JED-NTH-HHR2-45,29905_TR1-RMU_ST,11001,JED-NTH ABH AH320,29905 Q1 state,11001
29905,JED-NTH-HHR2-45,29905_TR2-RMU_ST,11002,JED-NTH ABH AH320,29905 Y2 state,11002
29905,JED-NTH-HHR2-45,29905_Y2-RMU31714_ST,11003,,,
29905,JED-NTH-HHR2-45,29905_LR,11004,JED-NTH ABH AH320,29905 Remote/Local value,11004
29905,JED-NTH-HHR2-45,29905_Y1-RMU17756_AMP_A,13015,JED-NTH ABH AH320,29905 Y1 i_a_value(A),13015
29905,JED-NTH-HHR2-45,29905_Y1-RMU17756_AMP_B,13016,JED-NTH ABH AH320,29905 Y1 i_b_value(A),13016
29905,JED-NTH-HHR2-45,29905_Y1-RMU17756_AMP_C,13017,JED-NTH ABH AH320,29905 Y1 i_c_value(A),13017
29905,JED-NTH-HHR2-45,29905_Y1-RMU17756_AMP_N,13018,JED-NTH ABH AH320,29905 Y1 i_n_value(A),13018
29905,JED-NTH-HHR2-45,29905_TR1-RMU_AMP_A,13019,JED-NTH ABH AH320,29905 Q1 i_a_value(A),13019
29905,JED-NTH-HHR2-45,29905_TR1-RMU_AMP_B,13020,JED-NTH ABH AH320,29905 Q1 i_b_value(A),13020
29905,JED-NTH-HHR2-45,29905_TR1-RMU_AMP_C,13021,JED-NTH ABH AH320,29905 Q1 i_c_value(A),13021
29905,JED-NTH-HHR2-45,29905_TR1-RMU_AMP_N,13022,JED-NTH ABH AH320,29905 Q1 i_n_value(A),13022
29905,JED-NTH-HHR2-45,29905_TR2-RMU_AMP_A,13023,JED-NTH ABH AH320,29905 Y2 i_a_value(A),13023
29905,JED-NTH-HHR2-45,29905_TR2-RMU_AMP_B,13024,JED-NTH ABH AH320,29905 Y2 i_b_value(A),13024
29905,JED-NTH-HHR2-45,29905_TR2-RMU_AMP_C,13025,JED-NTH ABH AH320,29905 Y2 i_c_value(A),13025
29905,JED-NTH-HHR2-45,29905_TR2-RMU_AMP_N,13026,JED-NTH ABH AH320,29905 Y2 i_n_value(A),13026
29905,JED-NTH-HHR2-45,29905_Y2-RMU31714_AMP_A,13027,,,
29905,JED-NTH-HHR2-45,29905_Y2-RMU31714_AMP_B,13028,,,
29905,JED-NTH-HHR2-45,29905_Y2-RMU31714_AMP_C,13029,,,
29905,JED-NTH-HHR2-45,29905_Y2-RMU31714_AMP_N,13030,,,
29905,JED-NTH-HHR2-45,29905_Y1-RMU17756_KVA,13057,JED-NTH ABH AH320,29905 Y1 S(kVA),13057
29905,JED-NTH-HHR2-45,29905_Y1-RMU17756_KW,13058,JED-NTH ABH AH320,29905 Y1 P(kW),13058
29905,JED-NTH-HHR2-45,29905_Y1-RMU17756_KVAR,13059,JED-NTH ABH AH320,29905 Y1 Q(kVar),13059
29905,JED-NTH-HHR2-45,29905_TR1-RMU_KVA,13060,JED-NTH ABH AH320,29905 Q1 u_ab_value(kV),13060
29905,JED-NTH-HHR2-45,29905_TR1-RMU_KW,13061,JED-NTH ABH AH320,29905 Q1 u_bc_value(kV),13061
29905,JED-NTH-HHR2-45,29905_TR1-RMU_KVAR,13062,JED-NTH ABH AH320,29905 Q1 u_ca_value(kV),13062
29905,JED-NTH-HHR2-45,29905_TR2-RMU_VOLT_A,13063,JED-NTH ABH AH320,29905 Q1 u_n_value(kV),13063
29905,JED-NTH-HHR2-45,29905_TR2-RMU_VOLT_B,13064,JED-NTH ABH AH320,29905 Q1 S(kVA),13064
29905,JED-NTH-HHR2-45,29905_TR2-RMU_VOLT_C,13065,JED-NTH ABH AH320,29905 Q1 P(kW),13065
29905,JED-NTH-HHR2-45,29905_TR2-RMU_VOLT_N,13066,JED-NTH ABH AH320,29905 Q1 Q(kVar),13066
29905,JED-NTH-HHR2-45,29905_TR2-RMU_KVA,13067,JED-NTH ABH AH320,29905 Q1 Power factor,13067
29905,JED-NTH-HHR2-45,29905_TR2-RMU_KW,13068,JED-NTH ABH AH320,29905 Y2 S(kVA),13068
29905,JED-NTH-HHR2-45,29905_TR2-RMU_KVAR,13069,JED-NTH ABH AH320,29905 Y2 P(kW),13069
29905,JED-NTH-HHR2-45,29905_TR2-RMU_PF,13070,JED-NTH ABH AH320,29905 Y2 Q(kVar),13070
29905,JED-NTH-HHR2-45,29905_Y2-RMU31714_KVA,13071,,,
29905,JED-NTH-HHR2-45,29905_Y2-RMU31714_KW,13072,,,
29905,JED-NTH-HHR2-45,29905_Y2-RMU31714_KVAR,13073,,,
30424,JED-NTH-ABN-30,30424_Y1-RMU25308_CMD,1,JED-NTH ABH AH308,30424 Y1 CMD,1
30424,JED-NTH-ABN-30,30424_TR1-RMU30424_CMD,5,JED-NTH ABH AH308,30424 Q1 CMD,5
30424,JED-NTH-ABN-30,30424_Y2-RMU17417_CMD,9,JED-NTH ABH AH308,30424 Y2 CMD,9
30424,JED-NTH-ABN-30,30424_Y1-RMU25308_ST_LOCK,1000,JED-NTH ABH AH308,30424 Y1/Lock/Unlock indication value,1000
30424,JED-NTH-ABN-30,30424_Y1-RMU25308_ST_GND,1001,JED-NTH ABH AH308,30424 KY1 state,1001
30424,JED-NTH-ABN-30,30424_TR1-RMU30424_ST_LOCK,1002,JED-NTH ABH AH308,30424 Q1/Lock/Unlock indication value,1002
30424,JED-NTH-ABN-30,30424_TR1-RMU30424_ST_GND,1003,JED-NTH ABH AH308,30424 KQ1 state,1003
30424,JED-NTH-ABN-30,30424_Y2-RMU17417_ST_LOCK,1004,JED-NTH ABH AH308,30424 Y2/Lock/Unlock indication value,1004
30424,JED-NTH-ABN-30,30424_Y2-RMU17417_ST_GND,1005,JED-NTH ABH AH308,30424 KY2 state,1005
30424,JED-NTH-ABN-30,30424_BATT_LOW,1008,JED-NTH ABH AH308,30424 Battery low value,1008
30424,JED-NTH-ABN-30,30424_GAS_LOW,1009,JED-NTH ABH AH308,30424 Gas low value,1009
30424,JED-NTH-ABN-30,30424_AC_FAIL,1010,JED-NTH ABH AH308,30424 AC power fail value,1010
30424,JED-NTH-ABN-30,30424_DOOR_OPENED,1011,JED-NTH ABH AH308,30424 Door open value,1011
30424,JED-NTH-ABN-30,30424_DC_ST,1012,JED-NTH ABH AH308,30424 DC power fail value,1012
30424,JED-NTH-ABN-30,30424_MOTOR_CRT_FAIL,1013,JED-NTH ABH AH308,30424 Motor circuit fail value,1013
30424,JED-NTH-ABN-30,30424_RTU_FAIL,1277,JED-NTH ABH AH308,30424 RTU Self diagnostic value,1277
30424,JED-NTH-ABN-30,30424_EFI,1278,JED-NTH ABH AH308,30424 EFI (Fault indication) value,1278
30424,JED-NTH-ABN-30,30424_PROT_HEALTH,1279,JED-NTH ABH AH308,30424 Protection Health value,1279
30424,JED-NTH-ABN-30,30424_PROT_TRIP_EFI,1280,JED-NTH ABH AH308,30424 Protection Trip (Earth fault) value,1280
30424,JED-NTH-ABN-30,30424_PROT_TRIP_PH_FLT,1281,JED-NTH ABH AH308,30424 Protection Trip (Phase fault) value,1281
30424,JED-NTH-ABN-30,30424_Y1-RMU25308_ST,11000,JED-NTH ABH AH308,30424 Y1 state,11000
30424,JED-NTH-ABN-30,30424_TR1-RMU30424_ST,11001,JED-NTH ABH AH308,30424 Q1 state,11001
30424,JED-NTH-ABN-30,30424_Y2-RMU17417_ST,11002,JED-NTH ABH AH308,30424 Y2 state,11002
30424,JED-NTH-ABN-30,30424_LR,11004,JED-NTH ABH AH308,30424 Remote/Local value,11004
30424,JED-NTH-ABN-30,30424_Y1-RMU25308_AMP_A,13015,JED-NTH ABH AH308,30424 Y1 i_a_value(A),13015
30424,JED-NTH-ABN-30,30424_Y1-RMU25308_AMP_B,13016,JED-NTH ABH AH308,30424 Y1 i_b_value(A),13016
30424,JED-NTH-ABN-30,30424_Y1-RMU25308_AMP_C,13017,JED-NTH ABH AH308,30424 Y1 i_c_value(A),13017
30424,JED-NTH-ABN-30,30424_Y1-RMU25308_AMP_N,13018,JED-NTH ABH AH308,30424 Y1 i_n_value(A),13018
30424,JED-NTH-ABN-30,30424_TR1-RMU30424_AMP_A,13019,JED-NTH ABH AH308,30424 Q1 i_a_value(A),13019
30424,JED-NTH-ABN-30,30424_TR1-RMU30424_AMP_B,13020,JED-NTH ABH AH308,30424 Q1 i_b_value(A),13020
30424,JED-NTH-ABN-30,30424_TR1-RMU30424_AMP_C,13021,JED-NTH ABH AH308,30424 Q1 i_c_value(A),13021
30424,JED-NTH-ABN-30,30424_TR1-RMU30424_AMP_N,13022,JED-NTH ABH AH308,30424 Q1 i_n_value(A),13022
30424,JED-NTH-ABN-30,30424_Y2-RMU17417_AMP_A,13023,JED-NTH ABH AH308,30424 Y2 i_a_value(A),13023
30424,JED-NTH-ABN-30,30424_Y2-RMU17417_AMP_B,13024,JED-NTH ABH AH308,30424 Y2 i_b_value(A),13024
30424,JED-NTH-ABN-30,30424_Y2-RMU17417_AMP_C,13025,JED-NTH ABH AH308,30424 Y2 i_c_value(A),13025
30424,JED-NTH-ABN-30,30424_Y2-RMU17417_AMP_N,13026,JED-NTH ABH AH308,30424 Y2 i_n_value(A),13026
30424,,,,JED-NTH ABH AH308,30424 Y1 S(kVA),13057
30424,,,,JED-NTH ABH AH308,30424 Y1 P(kW),13058
30424,,,,JED-NTH ABH AH308,30424 Y1 Q(kVar),13059
30424,JED-NTH-ABN-30,30424_TR1-RMU30424_VOLT_A,13060,JED-NTH ABH AH308,30424 Q1 u_ab_value(kV),13060
30424,JED-NTH-ABN-30,30424_TR1-RMU30424_VOLT_B,13061,JED-NTH ABH AH308,30424 Q1 u_bc_value(kV),13061
30424,JED-NTH-ABN-30,30424_TR1-RMU30424_VOLT_C,13062,JED-NTH ABH AH308,30424 Q1 u_ca_value(kV),13062
30424,JED-NTH-ABN-30,30424_TR1-RMU30424_VOLT_N,13063,JED-NTH ABH AH308,30424 Q1 u_n_value(kV),13063
30424,JED-NTH-ABN-30,30424_TR1-RMU30424_KVA,13064,JED-NTH ABH AH308,30424 Q1 S(kVA),13064
30424,JED-NTH-ABN-30,30424_Y1-RMU25308_KVA,13064,,,
30424,JED-NTH-ABN-30,30424_TR1-RMU30424_KW,13065,JED-NTH ABH AH308,30424 Q1 P(kW),13065
30424,JED-NTH-ABN-30,30424_Y1-RMU25308_KW,13065,,,
30424,JED-NTH-ABN-30,30424_TR1-RMU30424_KVAR,13066,JED-NTH ABH AH308,30424 Q1 Q(kVar),13066
30424,JED-NTH-ABN-30,30424_Y1-RMU25308_KVAR,13066,,,
30424,JED-NTH-ABN-30,30424_TR1-RMU30424_PF,13067,JED-NTH ABH AH308,30424 Q1 Power factor,13067
30424,,,,JED-NTH ABH AH308,30424 Y2 S(kVA),13068
30424,,,,JED-NTH ABH AH308,30424 Y2 P(kW),13069
30424,,,,JED-NTH ABH AH308,30424 Y2 Q(kVar),13070
30812,JED-NTH-FRSH-37,30812_Y1-30913_CMD,1,JED-NTH ABH AH312,30812 Y1 CMD,1
30812,JED-NTH-FRSH-37,30812_TR1_CMD,5,JED-NTH ABH AH312,30812 Q1 CMD,5
30812,JED-NTH-FRSH-37,30812_Y2-30875_CMD,9,JED-NTH ABH AH312,30812 Y2 CMD,9
30812,JED-NTH-FRSH-37,30812_Y1-30913_ST_LOCK,1000,JED-NTH ABH AH312,30812 Y1/Lock/Unlock indication value,1000
30812,JED-NTH-FRSH-37,30812_Y1-30913_ST_GND,1001,JED-NTH ABH AH312,30812 KY1 state,1001
30812,JED-NTH-FRSH-37,30812_TR1_ST_LOCK,1002,JED-NTH ABH AH312,30812 Q1/Lock/Unlock indication value,1002
30812,JED-NTH-FRSH-37,30812_TR1_ST_GND,1003,JED-NTH ABH AH312,30812 KQ1 state,1003
30812,JED-NTH-FRSH-37,30812_Y2-30875_ST_LOCK,1004,JED-NTH ABH AH312,30812 Y2/Lock/Unlock indication value,1004
30812,JED-NTH-FRSH-37,30812_Y2-30875_ST_GND,1005,JED-NTH ABH AH312,30812 KY2 state,1005
30812,JED-NTH-FRSH-37,30812_BATT_LOW,1008,JED-NTH ABH AH312,30812 Battery low value,1008
30812,JED-NTH-FRSH-37,30812_GAS_LOW,1009,JED-NTH ABH AH312,30812 Gas low value,1009
30812,JED-NTH-FRSH-37,30812_AC_FAIL,1010,JED-NTH ABH AH312,30812 AC power fail value,1010
30812,JED-NTH-FRSH-37,30812_DOOR_OPENED,1011,JED-NTH ABH AH312,30812 Door open value,1011
30812,JED-NTH-FRSH-37,30812_DC_ST,1012,JED-NTH ABH AH312,30812 DC power fail value,1012
30812,JED-NTH-FRSH-37,30812_MOTOR_CRT_FAIL,1013,JED-NTH ABH AH312,30812 Motor circuit fail value,1013
30812,JED-NTH-FRSH-37,30812_RTU_FAIL,1277,JED-NTH ABH AH312,30812 RTU Self diagnostic value,1277
30812,JED-NTH-FRSH-37,30812_EFI,1278,JED-NTH ABH AH312,30812 EFI (Fault indication) value,1278
30812,JED-NTH-FRSH-37,30812_PROT_HEALTH,1279,JED-NTH ABH AH312,30812 Protection Health value,1279
30812,JED-NTH-FRSH-37,30812_PROT_TRIP_EFI,1280,JED-NTH ABH AH312,30812 Protection Trip (Earth fault) value,1280
30812,JED-NTH-FRSH-37,30812_PROT_TRIP_PH_FLT,1281,JED-NTH ABH AH312,30812 Protection Trip (Phase fault) value,1281
30812,JED-NTH-FRSH-37,30812_Y1-30913_ST,11000,JED-NTH ABH AH312,30812 Y1 state,11000
30812,JED-NTH-FRSH-37,30812_TR1_ST,11001,JED-NTH ABH AH312,30812 Q1 state,11001
30812,JED-NTH-FRSH-37,30812_Y2-30875_ST,11002,JED-NTH ABH AH312,30812 Y2 state,11002
30812,JED-NTH-FRSH-37,30812_LR,11004,JED-NTH ABH AH312,30812 Remote/Local value,11004
30812,JED-NTH-FRSH-37,30812_Y1-30913_AMP_A,13015,JED-NTH ABH AH312,30812 Y1 i_a_value(A),13015
30812,JED-NTH-FRSH-37,30812_Y1-30913_AMP_B,13016,JED-NTH ABH AH312,30812 Y1 i_b_value(A),13016
30812,JED-NTH-FRSH-37,30812_Y1-30913_AMP_C,13017,JED-NTH ABH AH312,30812 Y1 i_c_value(A),13017
30812,JED-NTH-FRSH-37,30812_Y1-30913_AMP_N,13018,JED-NTH ABH AH312,30812 Y1 i_n_value(A),13018
30812,JED-NTH-FRSH-37,30812_TR1_AMP_A,13019,JED-NTH ABH AH312,30812 Q1 i_a_value(A),13019
30812,JED-NTH-FRSH-37,30812_TR1_AMP_B,13020,JED-NTH ABH AH312,30812 Q1 i_b_value(A),13020
30812,JED-NTH-FRSH-37,30812_TR1_AMP_C,13021,JED-NTH ABH AH312,30812 Q1 i_c_value(A),13021
30812,JED-NTH-FRSH-37,30812_TR1_AMP_N,13022,JED-NTH ABH AH312,30812 Q1 i_n_value(A),13022
30812,JED-NTH-FRSH-37,30812_Y2-30875_AMP_A,13023,JED-NTH ABH AH312,30812 Y2 i_a_value(A),13023
30812,JED-NTH-FRSH-37,30812_Y2-30875_AMP_B,13024,JED-NTH ABH AH312,30812 Y2 i_b_value(A),13024
30812,JED-NTH-FRSH-37,30812_Y2-30875_AMP_C,13025,JED-NTH ABH AH312,30812 Y2 i_c_value(A),13025
30812,JED-NTH-FRSH-37,30812_Y2-30875_AMP_N,13026,JED-NTH ABH AH312,30812 Y2 i_n_value(A),13026
30812,JED-NTH-FRSH-37,30812_Y1-30913_KVA,13057,JED-NTH ABH AH312,30812 Y1 S(kVA),13057
30812,JED-NTH-FRSH-37,30812_Y1-30913_KVAR,13057,,,
30812,JED-NTH-FRSH-37,30812_Y1-30913_KW,13058,JED-NTH ABH AH312,30812 Y1 P(kW),13058
30812,,,,JED-NTH ABH AH312,30812 Y1 Q(kVar),13059
30812,JED-NTH-FRSH-37,30812_TR1_VOLT_A,13060,JED-NTH ABH AH312,30812 Q1 u_ab_value(kV),13060
30812,JED-NTH-FRSH-37,30812_TR1_VOLT_B,13061,JED-NTH ABH AH312,30812 Q1 u_bc_value(kV),13061
30812,JED-NTH-FRSH-37,30812_TR1_VOLT_C,13062,JED-NTH ABH AH312,30812 Q1 u_ca_value(kV),13062
30812,JED-NTH-FRSH-37,30812_TR1_VN,13063,JED-NTH ABH AH312,30812 Q1 u_n_value(kV),13063
30812,JED-NTH-FRSH-37,30812_TR1_VOLT_N,13063,,,
30812,,,,JED-NTH ABH AH312,30812 Q1 S(kVA),13064
30812,JED-NTH-FRSH-37,30812_TR1_KW,13065,JED-NTH ABH AH312,30812 Q1 P(kW),13065
30812,JED-NTH-FRSH-37,30812_TR1_KVA,13066,JED-NTH ABH AH312,30812 Q1 Q(kVar),13066
30812,JED-NTH-FRSH-37,30812_TR1_KVAR,13066,,,
30812,JED-NTH-FRSH-37,30812_TR1_PF,13067,JED-NTH ABH AH312,30812 Q1 Power factor,13067
30812,JED-NTH-FRSH-37,30812_Y2-30875_KVA,13068,JED-NTH ABH AH312,30812 Y2 S(kVA),13068
30812,JED-NTH-FRSH-37,30812_Y2-30875_KVAR,13068,,,
30812,JED-NTH-FRSH-37,30812_Y2-30875_KW,13069,JED-NTH ABH AH312,30812 Y2 P(kW),13069
30812,,,,JED-NTH ABH AH312,30812 Y2 Q(kVar),13070
30814,JED-NTH-FRSH-37,30814_Y1-RMU30882_CMD,1,JED-NTH ABH AH313,30814 Y1 CMD,1
30814,JED-NTH-FRSH-37,30814_TR1-RMU30814_CMD,5,JED-NTH ABH AH313,30814 Q1 CMD,5
30814,JED-NTH-FRSH-37,30814_Y2-RMU31475_CMD,9,JED-NTH ABH AH313,30814 Y2 CMD,9
30814,JED-NTH-FRSH-37,30814_Y1-RMU30882_ST_LOCK,1000,JED-NTH ABH AH313,30814 Y1/Lock/Unlock indication value,1000
30814,JED-NTH-FRSH-37,30814_Y1-RMU30882_ST_GND,1001,JED-NTH ABH AH313,30814 KY1 state,1001
30814,JED-NTH-FRSH-37,30814_TR1-RMU30814_ST_LOCK,1002,JED-NTH ABH AH313,30814 Q1/Lock/Unlock indication value,1002
30814,JED-NTH-FRSH-37,30814_TR1-RMU30814_ST_GND,1003,JED-NTH ABH AH313,30814 KQ1 state,1003
30814,JED-NTH-FRSH-37,30814_Y2-RMU31475_ST_LOCK,1004,JED-NTH ABH AH313,30814 Y2/Lock/Unlock indication value,1004
30814,JED-NTH-FRSH-37,30814_Y2-RMU31475_ST_GND,1005,JED-NTH ABH AH313,30814 KY2 state,1005
30814,JED-NTH-FRSH-37,30814_BATT_LOW,1008,JED-NTH ABH AH313,30814 Battery low value,1008
30814,JED-NTH-FRSH-37,30814_GAS_LOW,1009,JED-NTH ABH AH313,30814 Gas low value,1009
30814,JED-NTH-FRSH-37,30814_AC_FAIL,1010,JED-NTH ABH AH313,30814 AC power fail value,1010
30814,JED-NTH-FRSH-37,30814_DOOR_OPENED,1011,JED-NTH ABH AH313,30814 Door open value,1011
30814,JED-NTH-FRSH-37,30814_DC_ST,1012,JED-NTH ABH AH313,30814 DC power fail value,1012
30814,JED-NTH-FRSH-37,30814_MOTOR_CRT_FAIL,1013,JED-NTH ABH AH313,30814 Motor circuit fail value,1013
30814,JED-NTH-FRSH-37,30814_RTU_FAIL,1277,JED-NTH ABH AH313,30814 RTU Self diagnostic value,1277
30814,JED-NTH-FRSH-37,30814_EFI,1278,JED-NTH ABH AH313,30814 EFI (Fault indication) value,1278
30814,JED-NTH-FRSH-37,30814_PROT_HEALTH,1279,JED-NTH ABH AH313,30814 Protection Health value,1279
30814,JED-NTH-FRSH-37,30814_PROT_TRIP_EFI,1280,JED-NTH ABH AH313,30814 Protection Trip (Earth fault) value,1280
30814,JED-NTH-FRSH-37,30814_PROT_TRIP_PH_FLT,1281,JED-NTH ABH AH313,30814 Protection Trip (Phase fault) value,1281
30814,JED-NTH-FRSH-37,30814_Y1-RMU30882_ST,11000,JED-NTH ABH AH313,30814 Y1 state,11000
30814,JED-NTH-FRSH-37,30814_TR1-RMU30814_ST,11001,JED-NTH ABH AH313,30814 Q1 state,11001
30814,JED-NTH-FRSH-37,30814_Y2-RMU31475_ST,11002,JED-NTH ABH AH313,30814 Y2 state,11002
30814,JED-NTH-FRSH-37,30814_LR,11004,JED-NTH ABH AH313,30814 Remote/Local value,11004
30814,JED-NTH-FRSH-37,30814_Y1-RMU30882_AMP_A,13015,JED-NTH ABH AH313,30814 Y1 i_a_value(A),13015
30814,JED-NTH-FRSH-37,30814_Y1-RMU30882_AMP_B,13016,JED-NTH ABH AH313,30814 Y1 i_b_value(A),13016
30814,JED-NTH-FRSH-37,30814_Y1-RMU30882_AMP_C,13017,JED-NTH ABH AH313,30814 Y1 i_c_value(A),13017
30814,JED-NTH-FRSH-37,30814_Y1-RMU30882_AMP_N,13018,JED-NTH ABH AH313,30814 Y1 i_n_value(A),13018
30814,JED-NTH-FRSH-37,30814_TR1-RMU30814_AMP_A,13019,JED-NTH ABH AH313,30814 Q1 i_a_value(A),13019
30814,JED-NTH-FRSH-37,30814_TR1-RMU30814_AMP_B,13020,JED-NTH ABH AH313,30814 Q1 i_b_value(A),13020
30814,JED-NTH-FRSH-37,30814_TR1-RMU30814_AMP_C,13021,JED-NTH ABH AH313,30814 Q1 i_c_value(A),13021
30814,JED-NTH-FRSH-37,30814_TR1-RMU30814_AMP_N,13022,JED-NTH ABH AH313,30814 Q1 i_n_value(A),13022
30814,JED-NTH-FRSH-37,30814_Y2-RMU31475_AMP_A,13023,JED-NTH ABH AH313,30814 Y2 i_a_value(A),13023
30814,JED-NTH-FRSH-37,30814_Y2-RMU31475_AMP_B,13024,JED-NTH ABH AH313,30814 Y2 i_b_value(A),13024
30814,JED-NTH-FRSH-37,30814_Y2-RMU31475_AMP_C,13025,JED-NTH ABH AH313,30814 Y2 i_c_value(A),13025
30814,JED-NTH-FRSH-37,30814_Y2-RMU31475_AMP_N,13026,JED-NTH ABH AH313,30814 Y2 i_n_value(A),13026
30814,,,,JED-NTH ABH AH313,30814 Y1 S(kVA),13057
30814,,,,JED-NTH ABH AH313,30814 Y1 P(kW),13058
30814,,,,JED-NTH ABH AH313,30814 Y1 Q(kVar),13059
30814,JED-NTH-FRSH-37,30814_TR1-RMU30814_VOLT_A,13060,JED-NTH ABH AH313,30814 Q1 u_ab_value(kV),13060
30814,JED-NTH-FRSH-37,30814_TR1-RMU30814_VOLT_B,13061,JED-NTH ABH AH313,30814 Q1 u_bc_value(kV),13061
30814,JED-NTH-FRSH-37,30814_TR1-RMU30814_VOLT_C,13062,JED-NTH ABH AH313,30814 Q1 u_ca_value(kV),13062
30814,JED-NTH-FRSH-37,30814_TR1-RMU30814_VOLT_N,13063,JED-NTH ABH AH313,30814 Q1 u_n_value(kV),13063
30814,JED-NTH-FRSH-37,30814_TR1-RMU30814_KVA,13064,JED-NTH ABH AH313,30814 Q1 S(kVA),13064
30814,JED-NTH-FRSH-37,30814_Y1-RMU30882_KVA,13064,,,
30814,JED-NTH-FRSH-37,30814_TR1-RMU30814_KW,13065,JED-NTH ABH AH313,30814 Q1 P(kW),13065
30814,JED-NTH-FRSH-37,30814_Y1-RMU30882_KW,13065,,,
30814,JED-NTH-FRSH-37,30814_TR1-RMU30814_KVAR,13066,JED-NTH ABH AH313,30814 Q1 Q(kVar),13066
30814,JED-NTH-FRSH-37,30814_Y1-RMU30882_KVAR,13066,,,
30814,JED-NTH-FRSH-37,30814_TR1-RMU30814_PF,13067,JED-NTH ABH AH313,30814 Q1 Power factor,13067
30814,,,,JED-NTH ABH AH313,30814 Y2 S(kVA),13068
30814,,,,JED-NTH ABH AH313,30814 Y2 P(kW),13069
30814,,,,JED-NTH ABH AH313,30814 Y2 Q(kVar),13070
30825,JED-NTH-ABH-12,30825_Y1-30876_CMD,1,JED-NTH ABH AH313,30825 Y1 CMD,1
30825,JED-NTH-ABH-12,30825_Y2-30873_CMD,5,JED-NTH ABH AH313,30825 Y2 CMD,5
30825,JED-NTH-ABH-12,30825_TR1_CMD,9,JED-NTH ABH AH313,30825 Q1 CMD,9
30825,JED-NTH-ABH-12,30825_Y3-30866_CMD,13,JED-NTH ABH AH313,30825 Y3 CMD,13
30825,JED-NTH-ABH-12,30825_Y1-30876_ST_LOCK,1000,JED-NTH ABH AH313,30825 Y1/Lock/Unlock indication value,1000
30825,JED-NTH-ABH-12,30825_Y1-30876_ST_GND,1001,JED-NTH ABH AH313,30825 KY1 state,1001
30825,JED-NTH-ABH-12,30825_Y2-30873_ST_LOCK,1002,JED-NTH ABH AH313,30825 Y2/Lock/Unlock indication value,1002
30825,JED-NTH-ABH-12,30825_Y2-30873_ST_GND,1003,JED-NTH ABH AH313,30825 KY2 state,1003
30825,JED-NTH-ABH-12,30825_TR1_ST_LOCK,1004,JED-NTH ABH AH313,30825 Q1/Lock/Unlock indication value,1004
30825,JED-NTH-ABH-12,30825_TR1_ST_GND,1005,JED-NTH ABH AH313,30825 KQ1 state,1005
30825,JED-NTH-ABH-12,30825_Y3-30866_ST_LOCK,1006,JED-NTH ABH AH313,30825 Y3/Lock/Unlock indication value,1006
30825,JED-NTH-ABH-12,30825_Y3-30866_ST_GND,1007,JED-NTH ABH AH313,30825 KY3 state,1007
30825,JED-NTH-ABH-12,30825_BATT_LOW,1008,JED-NTH ABH AH313,30825 Battery low value,1008
30825,JED-NTH-ABH-12,30825_GAS_LOW,1009,JED-NTH ABH AH313,30825 Gas low value,1009
30825,JED-NTH-ABH-12,30825_AC_FAIL,1010,JED-NTH ABH AH313,30825 AC power fail value,1010
30825,JED-NTH-ABH-12,30825_DOOR_OPENED,1011,JED-NTH ABH AH313,30825 Door open value,1011
30825,JED-NTH-ABH-12,30825_DC_ST,1012,JED-NTH ABH AH313,30825 DC power fail value,1012
30825,JED-NTH-ABH-12,30825_MOTOR_CRT_FAIL,1013,JED-NTH ABH AH313,30825 Motor circuit fail value,1013
30825,JED-NTH-ABH-12,30825_RTU_FAIL,1277,JED-NTH ABH AH313,30825 RTU Self diagnostic value,1277
30825,JED-NTH-ABH-12,30825_EFI,1278,JED-NTH ABH AH313,30825 EFI (Fault indication) value,1278
30825,JED-NTH-ABH-12,30825_PROT_HEALTH,1279,JED-NTH ABH AH313,30825 Protection Health value,1279
30825,JED-NTH-ABH-12,30825_PROT_TRIP_EFI,1280,JED-NTH ABH AH313,30825 Protection Trip (Earth fault) value,1280
30825,JED-NTH-ABH-12,30825_PROT_TRIP_PH_FLT,1281,JED-NTH ABH AH313,30825 Protection Trip (Phase fault) value,1281
30825,JED-NTH-ABH-12,30825_Y1-30876_ST,11000,JED-NTH ABH AH313,30825 Y1 state,11000
30825,JED-NTH-ABH-12,30825_Y2-30873_ST,11001,JED-NTH ABH AH313,30825 Y2 state,11001
30825,JED-NTH-ABH-12,30825_TR1_ST,11002,JED-NTH ABH AH313,30825 Q1 state,11002
30825,JED-NTH-ABH-12,30825_Y3-30866_ST,11003,JED-NTH ABH AH313,30825 Y3 state,11003
30825,JED-NTH-ABH-12,30825_LR,11004,JED-NTH ABH AH313,30825 Remote/Local value,11004
30825,JED-NTH-ABH-12,30825_Y1-30876_AMP_A,13015,JED-NTH ABH AH313,30825 Y1 i_a_value(A),13015
30825,JED-NTH-ABH-12,30825_Y1-30876_AMP_B,13016,JED-NTH ABH AH313,30825 Y1 i_b_value(A),13016
30825,JED-NTH-ABH-12,30825_Y1-30876_AMP_C,13017,JED-NTH ABH AH313,30825 Y1 i_c_value(A),13017
30825,JED-NTH-ABH-12,30825_Y1-30876_AMP_N,13018,JED-NTH ABH AH313,30825 Y1 i_n_value(A),13018
30825,JED-NTH-ABH-12,30825_Y2-30873_AMP_A,13019,JED-NTH ABH AH313,30825 Y2 i_a_value(A),13019
30825,JED-NTH-ABH-12,30825_Y2-30873_AMP_B,13020,JED-NTH ABH AH313,30825 Y2 i_b_value(A),13020
30825,JED-NTH-ABH-12,30825_Y2-30873_AMP_C,13021,JED-NTH ABH AH313,30825 Y2 i_c_value(A),13021
30825,JED-NTH-ABH-12,30825_Y2-30873_AMP_N,13022,JED-NTH ABH AH313,30825 Y2 i_n_value(A),13022
30825,JED-NTH-ABH-12,30825_TR1_AMP_A,13023,JED-NTH ABH AH313,30825 Q1 i_a_value(A),13023
30825,JED-NTH-ABH-12,30825_TR1_AMP_B,13024,JED-NTH ABH AH313,30825 Q1 i_b_value(A),13024
30825,JED-NTH-ABH-12,30825_TR1_AMP_C,13025,JED-NTH ABH AH313,30825 Q1 i_c_value(A),13025
30825,JED-NTH-ABH-12,30825_TR1_AMP_N,13026,JED-NTH ABH AH313,30825 Q1 i_n_value(A),13026
30825,JED-NTH-ABH-12,30825_Y3-30866_AMP_A,13027,JED-NTH ABH AH313,30825 Y3 i_a_value(A),13027
30825,JED-NTH-ABH-12,30825_Y3-30866_AMP_B,13028,JED-NTH ABH AH313,30825 Y3 i_b_value(A),13028
30825,JED-NTH-ABH-12,30825_Y3-30866_AMP_C,13029,JED-NTH ABH AH313,30825 Y3 i_c_value(A),13029
30825,JED-NTH-ABH-12,30825_Y3-30866_AMP_N,13030,JED-NTH ABH AH313,30825 Y3 i_n_value(A),13030
30825,JED-NTH-ABH-12,30825_Y1-30876_KVA,13057,JED-NTH ABH AH313,30825 Y1 S(kVA),13057
30825,JED-NTH-ABH-12,30825_Y1-30876_KW,13058,JED-NTH ABH AH313,30825 Y1 P(kW),13058
30825,JED-NTH-ABH-12,30825_Y1-30876_KVAR,13059,JED-NTH ABH AH313,30825 Y1 Q(kVar),13059
30825,JED-NTH-ABH-12,30825_Y2-30873_KVA,13060,JED-NTH ABH AH313,30825 Y2 S(kVA),13060
30825,JED-NTH-ABH-12,30825_Y2-30873_KW,13061,JED-NTH ABH AH313,30825 Y2 P(kW),13061
30825,JED-NTH-ABH-12,30825_Y2-30873_KVAR,13062,JED-NTH ABH AH313,30825 Y2 Q(kVar),13062
30825,JED-NTH-ABH-12,30825_TR1_VOLT_A,13063,JED-NTH ABH AH313,30825 Q1 u_ab_value(kV),13063
30825,JED-NTH-ABH-12,30825_TR1_VOLT_B,13064,JED-NTH ABH AH313,30825 Q1 u_bc_value(kV),13064
30825,JED-NTH-ABH-12,30825_TR1_VOLT_C,13065,JED-NTH ABH AH313,30825 Q1 u_ca_value(kV),13065
30825,JED-NTH-ABH-12,30825_TR1_VOLT_N,13066,JED-NTH ABH AH313,30825 Q1 u_n_value(kV),13066
30825,JED-NTH-ABH-12,30825_TR1_KVA,13067,JED-NTH ABH AH313,30825 Q1 S(kVA),13067
30825,JED-NTH-ABH-12,30825_TR1_KW,13068,JED-NTH ABH AH313,30825 Q1 P(kW),13068
30825,JED-NTH-ABH-12,30825_TR1_KVAR,13069,JED-NTH ABH AH313,30825 Q1 Q(kVar),13069
30825,JED-NTH-ABH-12,30825_TR1_PF,13070,JED-NTH ABH AH313,30825 Q1 Power factor,13070
30825,JED-NTH-ABH-12,30825_Y3-30866_KVA,13071,JED-NTH ABH AH313,30825 Y3 S(kVA),13071
30825,JED-NTH-ABH-12,30825_Y3-30866_KW,13072,JED-NTH ABH AH313,30825 Y3 P(kW),13072
30825,JED-NTH-ABH-12,30825_Y3-30866_KVAR,13073,JED-NTH ABH AH313,30825 Y3 Q(kVar),13073
30830,JED-NTH-FRSH-37,30830_Y1-RMU30872_CMD,1,JED-NTH ABH AH312,30830 Y1 CMD,1
30830,JED-NTH-FRSH-37,30830_TR1-RMU30830_CMD,5,JED-NTH ABH AH312,30830 Q1 CMD,5
30830,JED-NTH-FRSH-37,30830_Y2-RMU30883_CMD,9,JED-NTH ABH AH312,30830 Y2 CMD,9
30830,JED-NTH-FRSH-37,30830_Y1-RMU30872_ST_LOCK,1000,JED-NTH ABH AH312,30830 Y1/Lock/Unlock indication value,1000
30830,JED-NTH-FRSH-37,30830_Y1-RMU30872_ST_GND,1001,JED-NTH ABH AH312,30830 KY1 state,1001
30830,JED-NTH-FRSH-37,30830_TR1-RMU30830_ST_LOCK,1002,JED-NTH ABH AH312,30830 Q1/Lock/Unlock indication value,1002
30830,JED-NTH-FRSH-37,30830_TR1-RMU30830_ST_GND,1003,JED-NTH ABH AH312,30830 KQ1 state,1003
30830,JED-NTH-FRSH-37,30830_Y2-RMU30883_ST_LOCK,1004,JED-NTH ABH AH312,30830 Y2/Lock/Unlock indication value,1004
30830,JED-NTH-FRSH-37,30830_Y2-RMU30883_ST_GND,1005,JED-NTH ABH AH312,30830 KY2 state,1005
30830,JED-NTH-FRSH-37,30830_BATT_LOW,1008,JED-NTH ABH AH312,30830 Battery low value,1008
30830,JED-NTH-FRSH-37,30830_GAS_LOW,1009,JED-NTH ABH AH312,30830 Gas low value,1009
30830,JED-NTH-FRSH-37,30830_AC_FAIL,1010,JED-NTH ABH AH312,30830 AC power fail value,1010
30830,JED-NTH-FRSH-37,30830_DOOR_OPENED,1011,JED-NTH ABH AH312,30830 Door open value,1011
30830,JED-NTH-FRSH-37,30830_DC_ST,1012,JED-NTH ABH AH312,30830 DC power fail value,1012
30830,JED-NTH-FRSH-37,30830_MOTOR_CRT_FAIL,1013,JED-NTH ABH AH312,30830 Motor circuit fail value,1013
30830,JED-NTH-FRSH-37,30830_RTU_FAIL,1277,JED-NTH ABH AH312,30830 RTU Self diagnostic value,1277
30830,JED-NTH-FRSH-37,30830_EFI,1278,JED-NTH ABH AH312,30830 EFI (Fault indication) value,1278
30830,JED-NTH-FRSH-37,30830_PROT_HEALTH,1279,JED-NTH ABH AH312,30830 Protection Health value,1279
30830,JED-NTH-FRSH-37,30830_PROT_TRIP_EFI,1280,JED-NTH ABH AH312,30830 Protection Trip (Earth fault) value,1280
30830,JED-NTH-FRSH-37,30830_PROT_TRIP_PH_FLT,1281,JED-NTH ABH AH312,30830 Protection Trip (Phase fault) value,1281
30830,JED-NTH-FRSH-37,30830_Y1-RMU30872_ST,11000,JED-NTH ABH AH312,30830 Y1 state,11000
30830,JED-NTH-FRSH-37,30830_TR1-RMU30830_ST,11001,JED-NTH ABH AH312,30830 Q1 state,11001
30830,JED-NTH-FRSH-37,30830_Y2-RMU30883_ST,11002,JED-NTH ABH AH312,30830 Y2 state,11002
30830,JED-NTH-FRSH-37,30830_LR,11004,JED-NTH ABH AH312,30830 Remote/Local value,11004
30830,JED-NTH-FRSH-37,30830_Y1-RMU30872_AMP_A,13015,JED-NTH ABH AH312,30830 Y1 i_a_value(A),13015
30830,JED-NTH-FRSH-37,30830_Y1-RMU30872_AMP_B,13016,JED-NTH ABH AH312,30830 Y1 i_b_value(A),13016
30830,JED-NTH-FRSH-37,30830_Y1-RMU30872_AMP_C,13017,JED-NTH ABH AH312,30830 Y1 i_c_value(A),13017
30830,JED-NTH-FRSH-37,30830_Y1-RMU30872_AMP_N,13018,JED-NTH ABH AH312,30830 Y1 i_n_value(A),13018
30830,JED-NTH-FRSH-37,30830_TR1-RMU30830_AMP_A,13019,JED-NTH ABH AH312,30830 Q1 i_a_value(A),13019
30830,JED-NTH-FRSH-37,30830_TR1-RMU30830_AMP_B,13020,JED-NTH ABH AH312,30830 Q1 i_b_value(A),13020
30830,JED-NTH-FRSH-37,30830_TR1-RMU30830_AMP_C,13021,JED-NTH ABH AH312,30830 Q1 i_c_value(A),13021
30830,JED-NTH-FRSH-37,30830_TR1-RMU30830_AMP_N,13022,JED-NTH ABH AH312,30830 Q1 i_n_value(A),13022
30830,JED-NTH-FRSH-37,30830_Y2-RMU30883_AMP_A,13023,JED-NTH ABH AH312,30830 Y2 i_a_value(A),13023
30830,JED-NTH-FRSH-37,30830_Y2-RMU30883_AMP_B,13024,JED-NTH ABH AH312,30830 Y2 i_b_value(A),13024
30830,JED-NTH-FRSH-37,30830_Y2-RMU30883_AMP_C,13025,JED-NTH ABH AH312,30830 Y2 i_c_value(A),13025
30830,JED-NTH-FRSH-37,30830_Y2-RMU30883_AMP_N,13026,JED-NTH ABH AH312,30830 Y2 i_n_value(A),13026
30830,,,,JED-NTH ABH AH312,30830 Y1 S(kVA),13057
30830,,,,JED-NTH ABH AH312,30830 Y1 P(kW),13058
30830,,,,JED-NTH ABH AH312,30830 Y1 Q(kVar),13059
30830,JED-NTH-FRSH-37,30830_TR1-RMU30830_VOLT_A,13060,JED-NTH ABH AH312,30830 Q1 u_ab_value(kV),13060
30830,JED-NTH-FRSH-37,30830_TR1-RMU30830_VOLT_B,13061,JED-NTH ABH AH312,30830 Q1 u_bc_value(kV),13061
30830,JED-NTH-FRSH-37,30830_TR1-RMU30830_VOLT_C,13062,JED-NTH ABH AH312,30830 Q1 u_ca_value(kV),13062
30830,JED-NTH-FRSH-37,30830_TR1-RMU30830_VOLT_N,13063,JED-NTH ABH AH312,30830 Q1 u_n_value(kV),13063
30830,JED-NTH-FRSH-37,30830_TR1-RMU30830_KVA,13064,JED-NTH ABH AH312,30830 Q1 S(kVA),13064
30830,JED-NTH-FRSH-37,30830_TR1-RMU30830_KW,13065,JED-NTH ABH AH312,30830 Q1 P(kW),13065
30830,JED-NTH-FRSH-37,30830_TR1-RMU30830_KVAR,13066,JED-NTH ABH AH312,30830 Q1 Q(kVar),13066
30830,JED-NTH-FRSH-37,30830_TR1-RMU30830_PF,13067,JED-NTH ABH AH312,30830 Q1 Power factor,13067
30830,JED-NTH-FRSH-37,30830_Y2-RMU30883_KVA,13068,JED-NTH ABH AH312,30830 Y2 S(kVA),13068
30830,JED-NTH-FRSH-37,30830_Y2-RMU30883_KW,13069,JED-NTH ABH AH312,30830 Y2 P(kW),13069
30830,JED-NTH-FRSH-37,30830_Y2-RMU30883_KVAR,13070,JED-NTH ABH AH312,30830 Y2 Q(kVar),13070
30831,JED-NTH-FRSH-37,30831_Y1-43223_CMD,1,JED-NTH ABH AH312,30831 Y1 CMD,1
30831,JED-NTH-FRSH-37,30831_Y2-30881_CMD,5,JED-NTH ABH AH312,30831 Y2 CMD,5
30831,JED-NTH-FRSH-37,30831_TR1_CMD,9,JED-NTH ABH AH312,30831 Q1 CMD,9
30831,JED-NTH-FRSH-37,30831_Y3-9174_CMD,13,JED-NTH ABH AH312,30831 Y3 CMD,13
30831,JED-NTH-FRSH-37,30831_Y1-43223_ST_LOCK,1000,JED-NTH ABH AH312,30831 Y1/Lock/Unlock indication value,1000
30831,JED-NTH-FRSH-37,30831_Y1-43223_ST_GND,1001,JED-NTH ABH AH312,30831 KY1 state,1001
30831,JED-NTH-FRSH-37,30831_Y2-30881_ST_LOCK,1002,JED-NTH ABH AH312,30831 Y2/Lock/Unlock indication value,1002
30831,JED-NTH-FRSH-37,30831_Y2-30881_ST_GND,1003,JED-NTH ABH AH312,30831 KY2 state,1003
30831,JED-NTH-FRSH-37,30831_TR1_ST_LOCK,1004,JED-NTH ABH AH312,30831 Q1/Lock/Unlock indication value,1004
30831,JED-NTH-FRSH-37,30831_TR1_ST_GND,1005,JED-NTH ABH AH312,30831 KQ1 state,1005
30831,JED-NTH-FRSH-37,30831_Y3-9174_ST_LOCK,1006,JED-NTH ABH AH312,30831 Y3/Lock/Unlock indication value,1006
30831,JED-NTH-FRSH-37,30831_Y3-9174_ST_GND,1007,JED-NTH ABH AH312,30831 KY3 state,1007
30831,JED-NTH-FRSH-37,30831_BATT_LOW,1008,JED-NTH ABH AH312,30831 Battery low value,1008
30831,JED-NTH-FRSH-37,30831_GAS_LOW,1009,JED-NTH ABH AH312,30831 Gas low value,1009
30831,JED-NTH-FRSH-37,30831_AC_FAIL,1010,JED-NTH ABH AH312,30831 AC power fail value,1010
30831,JED-NTH-FRSH-37,30831_DOOR_OPENED,1011,JED-NTH ABH AH312,30831 Door open value,1011
30831,JED-NTH-FRSH-37,30831_DC_ST,1012,JED-NTH ABH AH312,30831 DC power fail value,1012
30831,JED-NTH-FRSH-37,30831_MOTOR_CRT_FAIL,1013,JED-NTH ABH AH312,30831 Motor circuit fail value,1013
30831,JED-NTH-FRSH-37,30831_RTU_FAIL,1277,JED-NTH ABH AH312,30831 RTU Self diagnostic value,1277
30831,JED-NTH-FRSH-37,30831_EFI,1278,JED-NTH ABH AH312,30831 EFI (Fault indication) value,1278
30831,JED-NTH-FRSH-37,30831_PROT_HEALTH,1279,JED-NTH ABH AH312,30831 Protection Health value,1279
30831,JED-NTH-FRSH-37,30831_PROT_TRIP_EFI,1280,JED-NTH ABH AH312,30831 Protection Trip (Earth fault) value,1280
30831,JED-NTH-FRSH-37,30831_PROT_TRIP_PH_FLT,1281,JED-NTH ABH AH312,30831 Protection Trip (Phase fault) value,1281
30831,JED-NTH-FRSH-37,30831_Y1-43223_ST,11000,JED-NTH ABH AH312,30831 Y1 state,11000
30831,JED-NTH-FRSH-37,30831_Y2-30881_ST,11001,JED-NTH ABH AH312,30831 Y2 state,11001
30831,JED-NTH-FRSH-37,30831_TR1_ST,11002,JED-NTH ABH AH312,30831 Q1 state,11002
30831,JED-NTH-FRSH-37,30831_Y3-9174_ST,11003,JED-NTH ABH AH312,30831 Y3 state,11003
30831,JED-NTH-FRSH-37,30831_LR,11004,JED-NTH ABH AH312,30831 Remote/Local value,11004
30831,JED-NTH-FRSH-37,30831_Y1-43223_AMP_A,13015,JED-NTH ABH AH312,30831 Y1 i_a_value(A),13015
30831,JED-NTH-FRSH-37,30831_Y1-43223_AMP_B,13016,JED-NTH ABH AH312,30831 Y1 i_b_value(A),13016
30831,JED-NTH-FRSH-37,30831_Y1-43223_AMP_C,13017,JED-NTH ABH AH312,30831 Y1 i_c_value(A),13017
30831,JED-NTH-FRSH-37,30831_Y1-43223_AMP_N,13018,JED-NTH ABH AH312,30831 Y1 i_n_value(A),13018
30831,JED-NTH-FRSH-37,30831_Y2-30881_AMP_A,13019,JED-NTH ABH AH312,30831 Y2 i_a_value(A),13019
30831,JED-NTH-FRSH-37,30831_Y2-30881_AMP_B,13020,JED-NTH ABH AH312,30831 Y2 i_b_value(A),13020
30831,JED-NTH-FRSH-37,30831_Y2-30881_AMP_C,13021,JED-NTH ABH AH312,30831 Y2 i_c_value(A),13021
30831,JED-NTH-FRSH-37,30831_Y2-30881_AMP_N,13022,JED-NTH ABH AH312,30831 Y2 i_n_value(A),13022
30831,JED-NTH-FRSH-37,30831_TR1_AMP_A,13023,JED-NTH ABH AH312,30831 Q1 i_a_value(A),13023
30831,JED-NTH-FRSH-37,30831_TR1_AMP_B,13024,JED-NTH ABH AH312,30831 Q1 i_b_value(A),13024
30831,JED-NTH-FRSH-37,30831_TR1_AMP_C,13025,JED-NTH ABH AH312,30831 Q1 i_c_value(A),13025
30831,JED-NTH-FRSH-37,30831_TR1_AMP_N,13026,JED-NTH ABH AH312,30831 Q1 i_n_value(A),13026
30831,JED-NTH-FRSH-37,30831_Y3-9174_AMP_A,13027,JED-NTH ABH AH312,30831 Y3 i_a_value(A),13027
30831,JED-NTH-FRSH-37,30831_Y3-9174_AMP_B,13028,JED-NTH ABH AH312,30831 Y3 i_b_value(A),13028
30831,JED-NTH-FRSH-37,30831_Y3-9174_AMP_C,13029,JED-NTH ABH AH312,30831 Y3 i_c_value(A),13029
30831,JED-NTH-FRSH-37,30831_Y3-9174_AMP_N,13030,JED-NTH ABH AH312,30831 Y3 i_n_value(A),13030
30831,JED-NTH-FRSH-37,30831_Y1-43223_KVA,13057,JED-NTH ABH AH312,30831 Y1 S(kVA),13057
30831,JED-NTH-FRSH-37,30831_Y1-43223_KW,13058,JED-NTH ABH AH312,30831 Y1 P(kW),13058
30831,JED-NTH-FRSH-37,30831_Y1-43223_KVAR,13059,JED-NTH ABH AH312,30831 Y1 Q(kVar),13059
30831,JED-NTH-FRSH-37,30831_Y2-30881_KVA,13060,JED-NTH ABH AH312,30831 Y2 S(kVA),13060
30831,JED-NTH-FRSH-37,30831_Y2-30881_KW,13061,JED-NTH ABH AH312,30831 Y2 P(kW),13061
30831,JED-NTH-FRSH-37,30831_Y2-30881_KVAR,13062,JED-NTH ABH AH312,30831 Y2 Q(kVar),13062
30831,JED-NTH-FRSH-37,30831_TR1_VOLT_A,13063,JED-NTH ABH AH312,30831 Q1 u_ab_value(kV),13063
30831,JED-NTH-FRSH-37,30831_TR1_VOLT_B,13064,JED-NTH ABH AH312,30831 Q1 u_bc_value(kV),13064
30831,JED-NTH-FRSH-37,30831_TR1_VOLT_C,13065,JED-NTH ABH AH312,30831 Q1 u_ca_value(kV),13065
30831,JED-NTH-FRSH-37,30831_TR1_VOLT_N,13066,JED-NTH ABH AH312,30831 Q1 u_n_value(kV),13066
30831,JED-NTH-FRSH-37,30831_TR1_KVA,13067,JED-NTH ABH AH312,30831 Q1 S(kVA),13067
30831,JED-NTH-FRSH-37,30831_TR1_KW,13068,JED-NTH ABH AH312,30831 Q1 P(kW),13068
30831,JED-NTH-FRSH-37,30831_TR1_KVAR,13069,JED-NTH ABH AH312,30831 Q1 Q(kVar),13069
30831,JED-NTH-FRSH-37,30831_TR1_PF,13070,JED-NTH ABH AH312,30831 Q1 Power factor,13070
30831,JED-NTH-FRSH-37,30831_Y3-9174_KVA,13071,JED-NTH ABH AH312,30831 Y3 S(kVA),13071
30831,JED-NTH-FRSH-37,30831_Y3-9174_KW,13072,JED-NTH ABH AH312,30831 Y3 P(kW),13072
30831,JED-NTH-FRSH-37,30831_Y3-9174_KVAR,13073,JED-NTH ABH AH312,30831 Y3 Q(kVar),13073
30834,JED-NTH-FRSH-37,30834_Y1-RMU30874_CMD,1,JED-NTH ABH AH312,30834 Y1 CMD,1
30834,JED-NTH-FRSH-37,30834_TR1-RMU30834_CMD,5,JED-NTH ABH AH312,30834 Q1 CMD,5
30834,JED-NTH-FRSH-37,30834_Y2-RMU30863_CMD,9,JED-NTH ABH AH312,30834 Y2 CMD,9
30834,JED-NTH-FRSH-37,30834_Y1-RMU30874_ST_LOCK,1000,JED-NTH ABH AH312,30834 Y1/Lock/Unlock indication value,1000
30834,JED-NTH-FRSH-37,30834_Y1-RMU30874_ST_GND,1001,JED-NTH ABH AH312,30834 KY1 state,1001
30834,JED-NTH-FRSH-37,30834_TR1-RMU30834_ST_LOCK,1002,JED-NTH ABH AH312,30834 Q1/Lock/Unlock indication value,1002
30834,JED-NTH-FRSH-37,30834_TR1-RMU30834_ST_GND,1003,JED-NTH ABH AH312,30834 KQ1 state,1003
30834,JED-NTH-FRSH-37,30834_Y2-RMU30863_ST_LOCK,1004,JED-NTH ABH AH312,30834 Y2/Lock/Unlock indication value,1004
30834,JED-NTH-FRSH-37,30834_Y2-RMU30863_ST_GND,1005,JED-NTH ABH AH312,30834 KY2 state,1005
30834,JED-NTH-FRSH-37,30834_BATT_LOW,1008,JED-NTH ABH AH312,30834 Battery low value,1008
30834,JED-NTH-FRSH-37,30834_GAS_LOW,1009,JED-NTH ABH AH312,30834 Gas low value,1009
30834,JED-NTH-FRSH-37,30834_AC_FAIL,1010,JED-NTH ABH AH312,30834 AC power fail value,1010
30834,JED-NTH-FRSH-37,30834_DOOR_OPENED,1011,JED-NTH ABH AH312,30834 Door open value,1011
30834,JED-NTH-FRSH-37,30834_DC_ST,1012,JED-NTH ABH AH312,30834 DC power fail value,1012
30834,JED-NTH-FRSH-37,30834_MOTOR_CRT_FAIL,1013,JED-NTH ABH AH312,30834 Motor circuit fail value,1013
30834,JED-NTH-FRSH-37,30834_RTU_FAIL,1277,JED-NTH ABH AH312,30834 RTU Self diagnostic value,1277
30834,JED-NTH-FRSH-37,30834_EFI,1278,JED-NTH ABH AH312,30834 EFI (Fault indication) value,1278
30834,JED-NTH-FRSH-37,30834_PROT_HEALTH,1279,JED-NTH ABH AH312,30834 Protection Health value,1279
30834,JED-NTH-FRSH-37,30834_PROT_TRIP_EFI,1280,JED-NTH ABH AH312,30834 Protection Trip (Earth fault) value,1280
30834,JED-NTH-FRSH-37,30834_PROT_TRIP_PH_FLT,1281,JED-NTH ABH AH312,30834 Protection Trip (Phase fault) value,1281
30834,JED-NTH-FRSH-37,30834_Y1-RMU30874_ST,11000,JED-NTH ABH AH312,30834 Y1 state,11000
30834,JED-NTH-FRSH-37,30834_TR1-RMU30834_ST,11001,JED-NTH ABH AH312,30834 Q1 state,11001
30834,JED-NTH-FRSH-37,30834_Y2-RMU30863_ST,11002,JED-NTH ABH AH312,30834 Y2 state,11002
30834,JED-NTH-FRSH-37,30834_LR,11004,JED-NTH ABH AH312,30834 Remote/Local value,11004
30834,JED-NTH-FRSH-37,30834_Y1-RMU30874_AMP_A,13015,JED-NTH ABH AH312,30834 Y1 i_a_value(A),13015
30834,JED-NTH-FRSH-37,30834_Y1-RMU30874_AMP_B,13016,JED-NTH ABH AH312,30834 Y1 i_b_value(A),13016
30834,JED-NTH-FRSH-37,30834_Y1-RMU30874_AMP_C,13017,JED-NTH ABH AH312,30834 Y1 i_c_value(A),13017
30834,JED-NTH-FRSH-37,30834_Y1-RMU30874_AMP_N,13018,JED-NTH ABH AH312,30834 Y1 i_n_value(A),13018
30834,JED-NTH-FRSH-37,30834_TR1-RMU30834_AMP_A,13019,JED-NTH ABH AH312,30834 Q1 i_a_value(A),13019
30834,JED-NTH-FRSH-37,30834_TR1-RMU30834_AMP_B,13020,JED-NTH ABH AH312,30834 Q1 i_b_value(A),13020
30834,JED-NTH-FRSH-37,30834_TR1-RMU30834_AMP_C,13021,JED-NTH ABH AH312,30834 Q1 i_c_value(A),13021
30834,JED-NTH-FRSH-37,30834_TR1-RMU30834_AMP_N,13022,JED-NTH ABH AH312,30834 Q1 i_n_value(A),13022
30834,JED-NTH-FRSH-37,30834_Y2-RMU30863_AMP_A,13023,JED-NTH ABH AH312,30834 Y2 i_a_value(A),13023
30834,JED-NTH-FRSH-37,30834_Y2-RMU30863_AMP_B,13024,JED-NTH ABH AH312,30834 Y2 i_b_value(A),13024
30834,JED-NTH-FRSH-37,30834_Y2-RMU30863_AMP_C,13025,JED-NTH ABH AH312,30834 Y2 i_c_value(A),13025
30834,JED-NTH-FRSH-37,30834_Y2-RMU30863_AMP_N,13026,JED-NTH ABH AH312,30834 Y2 i_n_value(A),13026
30834,,,,JED-NTH ABH AH312,30834 Y1 S(kVA),13057
30834,,,,JED-NTH ABH AH312,30834 Y1 P(kW),13058
30834,,,,JED-NTH ABH AH312,30834 Y1 Q(kVar),13059
30834,JED-NTH-FRSH-37,30834_TR1-RMU30834_VOLT_A,13060,JED-NTH ABH AH312,30834 Q1 u_ab_value(kV),13060
30834,JED-NTH-FRSH-37,30834_TR1-RMU30834_VOLT_B,13061,JED-NTH ABH AH312,30834 Q1 u_bc_value(kV),13061
30834,JED-NTH-FRSH-37,30834_TR1-RMU30834_VOLT_C,13062,JED-NTH ABH AH312,30834 Q1 u_ca_value(kV),13062
30834,JED-NTH-FRSH-37,30834_TR1-RMU30834_VOLT_N,13063,JED-NTH ABH AH312,30834 Q1 u_n_value(kV),13063
30834,JED-NTH-FRSH-37,30834_TR1-RMU30834_KVA,13064,JED-NTH ABH AH312,30834 Q1 S(kVA),13064
30834,JED-NTH-FRSH-37,30834_TR1-RMU30834_KW,13065,JED-NTH ABH AH312,30834 Q1 P(kW),13065
30834,JED-NTH-FRSH-37,30834_TR1-RMU30834_KVAR,13066,JED-NTH ABH AH312,30834 Q1 Q(kVar),13066
30834,JED-NTH-FRSH-37,30834_TR1-RMU30834_PF,13067,JED-NTH ABH AH312,30834 Q1 Power factor,13067
30834,JED-NTH-FRSH-37,30834_Y2-RMU30863_KVA,13068,JED-NTH ABH AH312,30834 Y2 S(kVA),13068
30834,JED-NTH-FRSH-37,30834_Y2-RMU30863_KW,13069,JED-NTH ABH AH312,30834 Y2 P(kW),13069
30834,JED-NTH-FRSH-37,30834_Y2-RMU30863_KVAR,13070,JED-NTH ABH AH312,30834 Y2 Q(kVar),13070
30840,JED-NTH-FRSH-37,30840_Y1-RMU30897_CMD,1,JED-NTH ABH AH312,30840 Y1 CMD,1
30840,JED-NTH-FRSH-37,30840_Y2-RMU30836_CMD,5,JED-NTH ABH AH312,30840 Y2 CMD,5
30840,JED-NTH-FRSH-37,30840_TR1-RMU30840_CMD,9,JED-NTH ABH AH312,30840 Q1 CMD,9
30840,JED-NTH-FRSH-37,30840_Y3-RMU30907_CMD,13,JED-NTH ABH AH312,30840 Y3 CMD,13
30840,JED-NTH-FRSH-37,30840_Y1-RMU30897_ST_LOCK,1000,JED-NTH ABH AH312,30840 Y1/Lock/Unlock indication value,1000
30840,JED-NTH-FRSH-37,30840_Y1-RMU30897_ST_GND,1001,JED-NTH ABH AH312,30840 KY1 state,1001
30840,JED-NTH-FRSH-37,30840_Y2-RMU30836_ST_LOCK,1002,JED-NTH ABH AH312,30840 Y2/Lock/Unlock indication value,1002
30840,JED-NTH-FRSH-37,30840_Y2-RMU30836_ST_GND,1003,JED-NTH ABH AH312,30840 KY2 state,1003
30840,JED-NTH-FRSH-37,30840_TR1-RMU30840_ST_LOCK,1004,JED-NTH ABH AH312,30840 Q1/Lock/Unlock indication value,1004
30840,JED-NTH-FRSH-37,30840_TR1-RMU30840_ST_GND,1005,JED-NTH ABH AH312,30840 KQ1 state,1005
30840,JED-NTH-FRSH-37,30840_Y3-RMU30907_ST_LOCK,1006,JED-NTH ABH AH312,30840 Y3/Lock/Unlock indication value,1006
30840,JED-NTH-FRSH-37,30840_Y3-RMU30907_ST_GND,1007,JED-NTH ABH AH312,30840 KY3 state,1007
30840,JED-NTH-FRSH-37,30840_BATT_LOW,1008,JED-NTH ABH AH312,30840 Battery low value,1008
30840,JED-NTH-FRSH-37,30840_GAS_LOW,1009,JED-NTH ABH AH312,30840 Gas low value,1009
30840,JED-NTH-FRSH-37,30840_AC_FAIL,1010,JED-NTH ABH AH312,30840 AC power fail value,1010
30840,JED-NTH-FRSH-37,30840_DOOR_OPENED,1011,JED-NTH ABH AH312,30840 Door open value,1011
30840,JED-NTH-FRSH-37,30840_DC_ST,1012,JED-NTH ABH AH312,30840 DC power fail value,1012
30840,JED-NTH-FRSH-37,30840_MOTOR_CRT_FAIL,1013,JED-NTH ABH AH312,30840 Motor circuit fail value,1013
30840,JED-NTH-FRSH-37,30840_RTU_FAIL,1277,JED-NTH ABH AH312,30840 RTU Self diagnostic value,1277
30840,JED-NTH-FRSH-37,30840_EFI,1278,JED-NTH ABH AH312,30840 EFI (Fault indication) value,1278
30840,JED-NTH-FRSH-37,30840_PROT_HEALTH,1279,JED-NTH ABH AH312,30840 Protection Health value,1279
30840,JED-NTH-FRSH-37,30840_PROT_TRIP_EFI,1280,JED-NTH ABH AH312,30840 Protection Trip (Earth fault) value,1280
30840,JED-NTH-FRSH-37,30840_PROT_TRIP_PH_FLT,1281,JED-NTH ABH AH312,30840 Protection Trip (Phase fault) value,1281
30840,JED-NTH-FRSH-37,30840_Y1-RMU30897_ST,11000,JED-NTH ABH AH312,30840 Y1 state,11000
30840,JED-NTH-FRSH-37,30840_Y2-RMU30836_ST,11001,JED-NTH ABH AH312,30840 Y2 state,11001
30840,JED-NTH-FRSH-37,30840_TR1-RMU30840_ST,11002,JED-NTH ABH AH312,30840 Q1 state,11002
30840,JED-NTH-FRSH-37,30840_Y3-RMU30907_ST,11003,JED-NTH ABH AH312,30840 Y3 state,11003
30840,JED-NTH-FRSH-37,30840_LR,11004,JED-NTH ABH AH312,30840 Remote/Local value,11004
30840,JED-NTH-FRSH-37,30840_Y1-RMU30897_AMP_A,13015,JED-NTH ABH AH312,30840 Y1 i_a_value(A),13015
30840,JED-NTH-FRSH-37,30840_Y1-RMU30897_AMP_B,13016,JED-NTH ABH AH312,30840 Y1 i_b_value(A),13016
30840,JED-NTH-FRSH-37,30840_Y1-RMU30897_AMP_C,13017,JED-NTH ABH AH312,30840 Y1 i_c_value(A),13017
30840,JED-NTH-FRSH-37,30840_Y1-RMU30897_AMP_N,13018,JED-NTH ABH AH312,30840 Y1 i_n_value(A),13018
30840,JED-NTH-FRSH-37,30840_Y2-RMU30836_AMP_A,13019,JED-NTH ABH AH312,30840 Y2 i_a_value(A),13019
30840,JED-NTH-FRSH-37,30840_Y2-RMU30836_AMP_B,13020,JED-NTH ABH AH312,30840 Y2 i_b_value(A),13020
30840,JED-NTH-FRSH-37,30840_Y2-RMU30836_AMP_C,13021,JED-NTH ABH AH312,30840 Y2 i_c_value(A),13021
30840,JED-NTH-FRSH-37,30840_Y2-RMU30836_AMP_N,13022,JED-NTH ABH AH312,30840 Y2 i_n_value(A),13022
30840,JED-NTH-FRSH-37,30840_TR1-RMU30840_AMP_A,13023,JED-NTH ABH AH312,30840 Q1 i_a_value(A),13023
30840,JED-NTH-FRSH-37,30840_TR1-RMU30840_AMP_B,13024,JED-NTH ABH AH312,30840 Q1 i_b_value(A),13024
30840,JED-NTH-FRSH-37,30840_TR1-RMU30840_AMP_C,13025,JED-NTH ABH AH312,30840 Q1 i_c_value(A),13025
30840,JED-NTH-FRSH-37,30840_TR1-RMU30840_AMP_N,13026,JED-NTH ABH AH312,30840 Q1 i_n_value(A),13026
30840,JED-NTH-FRSH-37,30840_Y3-RMU30907_AMP_A,13027,JED-NTH ABH AH312,30840 Y3 i_a_value(A),13027
30840,JED-NTH-FRSH-37,30840_Y3-RMU30907_AMP_B,13028,JED-NTH ABH AH312,30840 Y3 i_b_value(A),13028
30840,JED-NTH-FRSH-37,30840_Y3-RMU30907_AMP_C,13029,JED-NTH ABH AH312,30840 Y3 i_c_value(A),13029
30840,JED-NTH-FRSH-37,30840_Y3-RMU30907_AMP_N,13030,JED-NTH ABH AH312,30840 Y3 i_n_value(A),13030
30840,JED-NTH-FRSH-37,30840_Y1-RMU30897_KVA,13057,JED-NTH ABH AH312,30840 Y1 S(kVA),13057
30840,JED-NTH-FRSH-37,30840_Y1-RMU30897_KW,13058,JED-NTH ABH AH312,30840 Y1 P(kW),13058
30840,JED-NTH-FRSH-37,30840_Y1-RMU30897_KVAR,13059,JED-NTH ABH AH312,30840 Y1 Q(kVar),13059
30840,JED-NTH-FRSH-37,30840_Y2-RMU30836_KVA,13060,JED-NTH ABH AH312,30840 Y2 S(kVA),13060
30840,JED-NTH-FRSH-37,30840_Y2-RMU30836_KW,13061,JED-NTH ABH AH312,30840 Y2 P(kW),13061
30840,JED-NTH-FRSH-37,30840_Y2-RMU30836_KVAR,13062,JED-NTH ABH AH312,30840 Y2 Q(kVar),13062
30840,JED-NTH-FRSH-37,30840_TR1-RMU30840_VOLT_A,13063,JED-NTH ABH AH312,30840 Q1 u_ab_value(kV),13063
30840,JED-NTH-FRSH-37,30840_TR1-RMU30840_VOLT_B,13064,JED-NTH ABH AH312,30840 Q1 u_bc_value(kV),13064
30840,JED-NTH-FRSH-37,30840_TR1-RMU30840_VOLT_C,13065,JED-NTH ABH AH312,30840 Q1 u_ca_value(kV),13065
30840,JED-NTH-FRSH-37,30840_TR1-RMU30840_VOLT_N,13066,JED-NTH ABH AH312,30840 Q1 u_n_value(kV),13066
30840,JED-NTH-FRSH-37,30840_TR1-RMU30840_KVA,13067,JED-NTH ABH AH312,30840 Q1 S(kVA),13067
30840,JED-NTH-FRSH-37,30840_TR1-RMU30840_KW,13068,JED-NTH ABH AH312,30840 Q1 P(kW),13068
30840,JED-NTH-FRSH-37,30840_TR1-RMU30840_KVAR,13069,JED-NTH ABH AH312,30840 Q1 Q(kVar),13069
30840,JED-NTH-FRSH-37,30840_TR1-RMU30840_PF,13070,JED-NTH ABH AH312,30840 Q1 Power factor,13070
30840,JED-NTH-FRSH-37,30840_Y3-RMU30907_KVA,13071,JED-NTH ABH AH312,30840 Y3 S(kVA),13071
30840,JED-NTH-FRSH-37,30840_Y3-RMU30907_KW,13072,JED-NTH ABH AH312,30840 Y3 P(kW),13072
30840,JED-NTH-FRSH-37,30840_Y3-RMU30907_KVAR,13073,JED-NTH ABH AH312,30840 Y3 Q(kVar),13073
30843,JED-NTH-FRSH-37,30843_Y1-RMU30829_CMD,1,JED-NTH ABH AH313,30843 Y1 CMD,1
30843,JED-NTH-FRSH-37,30843_TR1-RMU30843_CMD,5,JED-NTH ABH AH313,30843 Q1 CMD,5
30843,JED-NTH-FRSH-37,30843_Y2-RMU30914_CMD,9,JED-NTH ABH AH313,30843 Y2 CMD,9
30843,JED-NTH-FRSH-37,30843_Y1-RMU30829_ST_LOCK,1000,JED-NTH ABH AH313,30843 Y1/Lock/Unlock indication value,1000
30843,JED-NTH-FRSH-37,30843_Y1-RMU30829_ST_GND,1001,JED-NTH ABH AH313,30843 KY1 state,1001
30843,JED-NTH-FRSH-37,30843_TR1-RMU30843_ST_LOCK,1002,JED-NTH ABH AH313,30843 Q1/Lock/Unlock indication value,1002
30843,JED-NTH-FRSH-37,30843_TR1-RMU30843_ST_GND,1003,JED-NTH ABH AH313,30843 KQ1 state,1003
30843,JED-NTH-FRSH-37,30843_Y2-RMU30914_ST_LOCK,1004,JED-NTH ABH AH313,30843 Y2/Lock/Unlock indication value,1004
30843,JED-NTH-FRSH-37,30843_Y2-RMU30914_ST_GND,1005,JED-NTH ABH AH313,30843 KY2 state,1005
30843,JED-NTH-FRSH-37,30843_BATT_LOW,1008,JED-NTH ABH AH313,30843 Battery low value,1008
30843,JED-NTH-FRSH-37,30843_GAS_LOW,1009,JED-NTH ABH AH313,30843 Gas low value,1009
30843,JED-NTH-FRSH-37,30843_AC_FAIL,1010,JED-NTH ABH AH313,30843 AC power fail value,1010
30843,JED-NTH-FRSH-37,30843_DOOR_OPENED,1011,JED-NTH ABH AH313,30843 Door open value,1011
30843,JED-NTH-FRSH-37,30843_DC_ST,1012,JED-NTH ABH AH313,30843 DC power fail value,1012
30843,JED-NTH-FRSH-37,30843_MOTOR_CRT_FAIL,1013,JED-NTH ABH AH313,30843 Motor circuit fail value,1013
30843,JED-NTH-FRSH-37,30843_RTU_FAIL,1277,JED-NTH ABH AH313,30843 RTU Self diagnostic value,1277
30843,JED-NTH-FRSH-37,30843_EFI,1278,JED-NTH ABH AH313,30843 EFI (Fault indication) value,1278
30843,JED-NTH-FRSH-37,30843_PROT_HEALTH,1279,JED-NTH ABH AH313,30843 Protection Health value,1279
30843,JED-NTH-FRSH-37,30843_PROT_TRIP_EFI,1280,JED-NTH ABH AH313,30843 Protection Trip (Earth fault) value,1280
30843,JED-NTH-FRSH-37,30843_PROT_TRIP_PH_FLT,1281,JED-NTH ABH AH313,30843 Protection Trip (Phase fault) value,1281
30843,JED-NTH-FRSH-37,30843_Y1-RMU30829_ST,11000,JED-NTH ABH AH313,30843 Y1 state,11000
30843,JED-NTH-FRSH-37,30843_TR1-RMU30843_ST,11001,JED-NTH ABH AH313,30843 Q1 state,11001
30843,JED-NTH-FRSH-37,30843_Y2-RMU30914_ST,11002,JED-NTH ABH AH313,30843 Y2 state,11002
30843,JED-NTH-FRSH-37,30843_LR,11004,JED-NTH ABH AH313,30843 Remote/Local value,11004
30843,JED-NTH-FRSH-37,30843_Y1-RMU30829_AMP_A,13015,JED-NTH ABH AH313,30843 Y1 i_a_value(A),13015
30843,JED-NTH-FRSH-37,30843_Y1-RMU30829_AMP_B,13016,JED-NTH ABH AH313,30843 Y1 i_b_value(A),13016
30843,JED-NTH-FRSH-37,30843_Y1-RMU30829_AMP_C,13017,JED-NTH ABH AH313,30843 Y1 i_c_value(A),13017
30843,JED-NTH-FRSH-37,30843_Y1-RMU30829_AMP_N,13018,JED-NTH ABH AH313,30843 Y1 i_n_value(A),13018
30843,JED-NTH-FRSH-37,30843_TR1-RMU30843_AMP_A,13019,JED-NTH ABH AH313,30843 Q1 i_a_value(A),13019
30843,JED-NTH-FRSH-37,30843_TR1-RMU30843_AMP_B,13020,JED-NTH ABH AH313,30843 Q1 i_b_value(A),13020
30843,JED-NTH-FRSH-37,30843_TR1-RMU30843_AMP_C,13021,JED-NTH ABH AH313,30843 Q1 i_c_value(A),13021
30843,JED-NTH-FRSH-37,30843_TR1-RMU30843_AMP_N,13022,JED-NTH ABH AH313,30843 Q1 i_n_value(A),13022
30843,JED-NTH-FRSH-37,30843_Y2-RMU30914_AMP_A,13023,JED-NTH ABH AH313,30843 Y2 i_a_value(A),13023
30843,JED-NTH-FRSH-37,30843_Y2-RMU30914_AMP_B,13024,JED-NTH ABH AH313,30843 Y2 i_b_value(A),13024
30843,JED-NTH-FRSH-37,30843_Y2-RMU30914_AMP_C,13025,JED-NTH ABH AH313,30843 Y2 i_c_value(A),13025
30843,JED-NTH-FRSH-37,30843_Y2-RMU30914_AMP_N,13026,JED-NTH ABH AH313,30843 Y2 i_n_value(A),13026
30843,,,,JED-NTH ABH AH313,30843 Y1 S(kVA),13057
30843,,,,JED-NTH ABH AH313,30843 Y1 P(kW),13058
30843,,,,JED-NTH ABH AH313,30843 Y1 Q(kVar),13059
30843,JED-NTH-FRSH-37,30843_TR1-RMU30843_VOLT_A,13060,JED-NTH ABH AH313,30843 Q1 u_ab_value(kV),13060
30843,JED-NTH-FRSH-37,30843_TR1-RMU30843_VOLT_B,13061,JED-NTH ABH AH313,30843 Q1 u_bc_value(kV),13061
30843,JED-NTH-FRSH-37,30843_TR1-RMU30843_VOLT_C,13062,JED-NTH ABH AH313,30843 Q1 u_ca_value(kV),13062
30843,JED-NTH-FRSH-37,30843_TR1-RMU30843_VOLT_N,13063,JED-NTH ABH AH313,30843 Q1 u_n_value(kV),13063
30843,JED-NTH-FRSH-37,30843_TR1-RMU30843_KVA,13064,JED-NTH ABH AH313,30843 Q1 S(kVA),13064
30843,JED-NTH-FRSH-37,30843_TR1-RMU30843_KW,13065,JED-NTH ABH AH313,30843 Q1 P(kW),13065
30843,JED-NTH-FRSH-37,30843_TR1-RMU30843_KVAR,13066,JED-NTH ABH AH313,30843 Q1 Q(kVar),13066
30843,JED-NTH-FRSH-37,30843_TR1-RMU30843_PF,13067,JED-NTH ABH AH313,30843 Q1 Power factor,13067
30843,JED-NTH-FRSH-37,30843_Y2-RMU30914_KVA,13068,JED-NTH ABH AH313,30843 Y2 S(kVA),13068
30843,JED-NTH-FRSH-37,30843_Y2-RMU30914_KW,13069,JED-NTH ABH AH313,30843 Y2 P(kW),13069
30843,JED-NTH-FRSH-37,30843_Y2-RMU30914_KVAR,13070,JED-NTH ABH AH313,30843 Y2 Q(kVar),13070
30859,,,,JED-NTH ABH AH313,30859 Y1 CMD,1
30859,,,,JED-NTH ABH AH313,30859 Q1 CMD,5
30859,,,,JED-NTH ABH AH313,30859 Y2 CMD,9
30859,,,,JED-NTH ABH AH313,30859 Y1/Lock/Unlock indication value,1000
30859,,,,JED-NTH ABH AH313,30859 KY1 state,1001
30859,,,,JED-NTH ABH AH313,30859 Q1/Lock/Unlock indication value,1002
30859,,,,JED-NTH ABH AH313,30859 KQ1 state,1003
30859,,,,JED-NTH ABH AH313,30859 Y2/Lock/Unlock indication value,1004
30859,,,,JED-NTH ABH AH313,30859 KY2 state,1005
30859,,,,JED-NTH ABH AH313,30859 Battery low value,1008
30859,,,,JED-NTH ABH AH313,30859 Gas low value,1009
30859,,,,JED-NTH ABH AH313,30859 AC power fail value,1010
30859,,,,JED-NTH ABH AH313,30859 Door open value,1011
30859,,,,JED-NTH ABH AH313,30859 DC power fail value,1012
30859,,,,JED-NTH ABH AH313,30859 Motor circuit fail value,1013
30859,,,,JED-NTH ABH AH313,30859 RTU Self diagnostic value,1277
30859,,,,JED-NTH ABH AH313,30859 EFI (Fault indication) value,1278
30859,,,,JED-NTH ABH AH313,30859 Protection Health value,1279
30859,,,,JED-NTH ABH AH313,30859 Protection Trip (Earth fault) value,1280
30859,,,,JED-NTH ABH AH313,30859 Protection Trip (Phase fault) value,1281
30859,,,,JED-NTH ABH AH313,30859 Y1 state,11000
30859,,,,JED-NTH ABH AH313,30859 Q1 state,11001
30859,,,,JED-NTH ABH AH313,30859 Y2 state,11002
30859,,,,JED-NTH ABH AH313,30859 Remote/Local value,11004
30859,,,,JED-NTH ABH AH313,30859 Y1 i_a_value(A),13015
30859,,,,JED-NTH ABH AH313,30859 Y1 i_b_value(A),13016
30859,,,,JED-NTH ABH AH313,30859 Y1 i_c_value(A),13017
30859,,,,JED-NTH ABH AH313,30859 Y1 i_n_value(A),13018
30859,,,,JED-NTH ABH AH313,30859 Q1 i_a_value(A),13019
30859,,,,JED-NTH ABH AH313,30859 Q1 i_b_value(A),13020
30859,,,,JED-NTH ABH AH313,30859 Q1 i_c_value(A),13021
30859,,,,JED-NTH ABH AH313,30859 Q1 i_n_value(A),13022
30859,,,,JED-NTH ABH AH313,30859 Y2 i_a_value(A),13023
30859,,,,JED-NTH ABH AH313,30859 Y2 i_b_value(A),13024
30859,,,,JED-NTH ABH AH313,30859 Y2 i_c_value(A),13025
30859,,,,JED-NTH ABH AH313,30859 Y2 i_n_value(A),13026
30859,,,,JED-NTH ABH AH313,30859 Y1 S(kVA),13057
30859,,,,JED-NTH ABH AH313,30859 Y1 P(kW),13058
30859,,,,JED-NTH ABH AH313,30859 Y1 Q(kVar),13059
30859,,,,JED-NTH ABH AH313,30859 Q1 u_ab_value(kV),13060
30859,,,,JED-NTH ABH AH313,30859 Q1 u_bc_value(kV),13061
30859,,,,JED-NTH ABH AH313,30859 Q1 u_ca_value(kV),13062
30859,,,,JED-NTH ABH AH313,30859 Q1 u_n_value(kV),13063
30859,,,,JED-NTH ABH AH313,30859 Q1 S(kVA),13064
30859,,,,JED-NTH ABH AH313,30859 Q1 P(kW),13065
30859,,,,JED-NTH ABH AH313,30859 Q1 Q(kVar),13066
30859,,,,JED-NTH ABH AH313,30859 Q1 Power factor,13067
30859,,,,JED-NTH ABH AH313,30859 Y2 S(kVA),13068
30859,,,,JED-NTH ABH AH313,30859 Y2 P(kW),13069
30859,,,,JED-NTH ABH AH313,30859 Y2 Q(kVar),13070
30867,JED-NTH-FRSH-37,30867_Y1-30824_CMD,1,JED-NTH ABH AH312,30867 Y1 CMD,1
30867,JED-NTH-FRSH-37,30867_TR1_CMD,5,JED-NTH ABH AH312,30867 Q1 CMD,5
30867,JED-NTH-FRSH-37,30867_Y2-30853_CMD,9,JED-NTH ABH AH312,30867 Y2 CMD,9
30867,JED-NTH-FRSH-37,30867_Y1-30824_ST_LOCK,1000,JED-NTH ABH AH312,30867 Y1/Lock/Unlock indication value,1000
30867,JED-NTH-FRSH-37,30867_Y1-30824_ST_GND,1001,JED-NTH ABH AH312,30867 KY1 state,1001
30867,JED-NTH-FRSH-37,30867_TR1_ST_LOCK,1002,JED-NTH ABH AH312,30867 Q1/Lock/Unlock indication value,1002
30867,JED-NTH-FRSH-37,30867_TR1_ST_GND,1003,JED-NTH ABH AH312,30867 KQ1 state,1003
30867,JED-NTH-FRSH-37,30867_Y2-30853_ST_LOCK,1004,JED-NTH ABH AH312,30867 Y2/Lock/Unlock indication value,1004
30867,JED-NTH-FRSH-37,30867_Y2-30853_ST_GND,1005,JED-NTH ABH AH312,30867 KY2 state,1005
30867,JED-NTH-FRSH-37,30867_BATT_LOW,1008,JED-NTH ABH AH312,30867 Battery low value,1008
30867,JED-NTH-FRSH-37,30867_GAS_LOW,1009,JED-NTH ABH AH312,30867 Gas low value,1009
30867,JED-NTH-FRSH-37,30867_AC_FAIL,1010,JED-NTH ABH AH312,30867 AC power fail value,1010
30867,JED-NTH-FRSH-37,30867_DOOR_OPENED,1011,JED-NTH ABH AH312,30867 Door open value,1011
30867,JED-NTH-FRSH-37,30867_DC_ST,1012,JED-NTH ABH AH312,30867 DC power fail value,1012
30867,JED-NTH-FRSH-37,30867_MOTOR_CRT_FAIL,1013,JED-NTH ABH AH312,30867 Motor circuit fail value,1013
30867,JED-NTH-FRSH-37,30867_RTU_FAIL,1277,JED-NTH ABH AH312,30867 RTU Self diagnostic value,1277
30867,JED-NTH-FRSH-37,30867_EFI,1278,JED-NTH ABH AH312,30867 EFI (Fault indication) value,1278
30867,JED-NTH-FRSH-37,30867_PROT_HEALTH,1279,JED-NTH ABH AH312,30867 Protection Health value,1279
30867,JED-NTH-FRSH-37,30867_PROT_TRIP_EFI,1280,JED-NTH ABH AH312,30867 Protection Trip (Earth fault) value,1280
30867,JED-NTH-FRSH-37,30867_PROT_TRIP_PH_FLT,1281,JED-NTH ABH AH312,30867 Protection Trip (Phase fault) value,1281
30867,JED-NTH-FRSH-37,30867_Y1-30824_ST,11000,JED-NTH ABH AH312,30867 Y1 state,11000
30867,JED-NTH-FRSH-37,30867_TR1_ST,11001,JED-NTH ABH AH312,30867 Q1 state,11001
30867,JED-NTH-FRSH-37,30867_Y2-30853_ST,11002,JED-NTH ABH AH312,30867 Y2 state,11002
30867,JED-NTH-FRSH-37,30867_LR,11004,JED-NTH ABH AH312,30867 Remote/Local value,11004
30867,JED-NTH-FRSH-37,30867_Y1-30824_AMP_A,13015,JED-NTH ABH AH312,30867 Y1 i_a_value(A),13015
30867,JED-NTH-FRSH-37,30867_Y1-30824_AMP_B,13016,JED-NTH ABH AH312,30867 Y1 i_b_value(A),13016
30867,JED-NTH-FRSH-37,30867_Y1-30824_AMP_C,13017,JED-NTH ABH AH312,30867 Y1 i_c_value(A),13017
30867,JED-NTH-FRSH-37,30867_Y1-30824_AMP_N,13018,JED-NTH ABH AH312,30867 Y1 i_n_value(A),13018
30867,JED-NTH-FRSH-37,30867_TR1_AMP_A,13019,JED-NTH ABH AH312,30867 Q1 i_a_value(A),13019
30867,JED-NTH-FRSH-37,30867_TR1_AMP_B,13020,JED-NTH ABH AH312,30867 Q1 i_b_value(A),13020
30867,JED-NTH-FRSH-37,30867_TR1_AMP_C,13021,JED-NTH ABH AH312,30867 Q1 i_c_value(A),13021
30867,JED-NTH-FRSH-37,30867_TR1_AMP_N,13022,JED-NTH ABH AH312,30867 Q1 i_n_value(A),13022
30867,JED-NTH-FRSH-37,30867_Y2-30853_AMP_A,13023,JED-NTH ABH AH312,30867 Y2 i_a_value(A),13023
30867,JED-NTH-FRSH-37,30867_Y2-30853_AMP_B,13024,JED-NTH ABH AH312,30867 Y2 i_b_value(A),13024
30867,JED-NTH-FRSH-37,30867_Y2-30853_AMP_C,13025,JED-NTH ABH AH312,30867 Y2 i_c_value(A),13025
30867,JED-NTH-FRSH-37,30867_Y2-30853_AMP_N,13026,JED-NTH ABH AH312,30867 Y2 i_n_value(A),13026
30867,JED-NTH-FRSH-37,30867_Y1-30824_KVA,13057,JED-NTH ABH AH312,30867 Y1 S(kVA),13057
30867,JED-NTH-FRSH-37,30867_Y1-30824_KVAR,13057,,,
30867,JED-NTH-FRSH-37,30867_Y1-30824_KW,13058,JED-NTH ABH AH312,30867 Y1 P(kW),13058
30867,,,,JED-NTH ABH AH312,30867 Y1 Q(kVar),13059
30867,JED-NTH-FRSH-37,30867_TR1_VOLT_A,13060,JED-NTH ABH AH312,30867 Q1 u_ab_value(kV),13060
30867,JED-NTH-FRSH-37,30867_TR1_VOLT_B,13061,JED-NTH ABH AH312,30867 Q1 u_bc_value(kV),13061
30867,JED-NTH-FRSH-37,30867_TR1_VOLT_C,13062,JED-NTH ABH AH312,30867 Q1 u_ca_value(kV),13062
30867,JED-NTH-FRSH-37,30867_TR1_VN,13063,JED-NTH ABH AH312,30867 Q1 u_n_value(kV),13063
30867,JED-NTH-FRSH-37,30867_TR1_VOLT_N,13063,,,
30867,,,,JED-NTH ABH AH312,30867 Q1 S(kVA),13064
30867,JED-NTH-FRSH-37,30867_TR1_KW,13065,JED-NTH ABH AH312,30867 Q1 P(kW),13065
30867,JED-NTH-FRSH-37,30867_TR1_KVA,13066,JED-NTH ABH AH312,30867 Q1 Q(kVar),13066
30867,JED-NTH-FRSH-37,30867_TR1_KVAR,13066,,,
30867,JED-NTH-FRSH-37,30867_TR1_PF,13067,JED-NTH ABH AH312,30867 Q1 Power factor,13067
30867,JED-NTH-FRSH-37,30867_Y2-30853_KVA,13068,JED-NTH ABH AH312,30867 Y2 S(kVA),13068
30867,JED-NTH-FRSH-37,30867_Y2-30853_KVAR,13068,,,
30867,JED-NTH-FRSH-37,30867_Y2-30853_KW,13069,JED-NTH ABH AH312,30867 Y2 P(kW),13069
30867,,,,JED-NTH ABH AH312,30867 Y2 Q(kVar),13070
30869,JED-NTH-FRSH-37,30869_Y1-RMU30857_CMD,1,JED-NTH ABH AH312,30869 Y1 CMD,1
30869,JED-NTH-FRSH-37,30869_Y2-RMU30856_CMD,5,JED-NTH ABH AH312,30869 Y2 CMD,5
30869,JED-NTH-FRSH-37,30869_TR1-RMU30869_CMD,9,JED-NTH ABH AH312,30869 Q1 CMD,9
30869,JED-NTH-FRSH-37,30869_Y3-RMU30815_CMD,13,JED-NTH ABH AH312,30869 Y3 CMD,13
30869,JED-NTH-FRSH-37,30869_Y1-RMU30857_ST_LOCK,1000,JED-NTH ABH AH312,30869 Y1/Lock/Unlock indication value,1000
30869,JED-NTH-FRSH-37,30869_Y1-RMU30857_ST_GND,1001,JED-NTH ABH AH312,30869 KY1 state,1001
30869,JED-NTH-FRSH-37,30869_Y2-RMU30856_ST_LOCK,1002,JED-NTH ABH AH312,30869 Y2/Lock/Unlock indication value,1002
30869,JED-NTH-FRSH-37,30869_Y2-RMU30856_ST_GND,1003,JED-NTH ABH AH312,30869 KY2 state,1003
30869,JED-NTH-FRSH-37,30869_TR1-RMU30869_ST_LOCK,1004,JED-NTH ABH AH312,30869 Q1/Lock/Unlock indication value,1004
30869,JED-NTH-FRSH-37,30869_TR1-RMU30869_ST_GND,1005,JED-NTH ABH AH312,30869 KQ1 state,1005
30869,JED-NTH-FRSH-37,30869_Y3-RMU30815_ST_LOCK,1006,JED-NTH ABH AH312,30869 Y3/Lock/Unlock indication value,1006
30869,JED-NTH-FRSH-37,30869_Y3-RMU30815_ST_GND,1007,JED-NTH ABH AH312,30869 KY3 state,1007
30869,JED-NTH-FRSH-37,30869_BATT_LOW,1008,JED-NTH ABH AH312,30869 Battery low value,1008
30869,JED-NTH-FRSH-37,30869_GAS_LOW,1009,JED-NTH ABH AH312,30869 Gas low value,1009
30869,JED-NTH-FRSH-37,30869_AC_FAIL,1010,JED-NTH ABH AH312,30869 AC power fail value,1010
30869,JED-NTH-FRSH-37,30869_DOOR_OPENED,1011,JED-NTH ABH AH312,30869 Door open value,1011
30869,JED-NTH-FRSH-37,30869_DC_ST,1012,JED-NTH ABH AH312,30869 DC power fail value,1012
30869,JED-NTH-FRSH-37,30869_MOTOR_CRT_FAIL,1013,JED-NTH ABH AH312,30869 Motor circuit fail value,1013
30869,JED-NTH-FRSH-37,30869_RTU_FAIL,1277,JED-NTH ABH AH312,30869 RTU Self diagnostic value,1277
30869,JED-NTH-FRSH-37,30869_EFI,1278,JED-NTH ABH AH312,30869 EFI (Fault indication) value,1278
30869,JED-NTH-FRSH-37,30869_PROT_HEALTH,1279,JED-NTH ABH AH312,30869 Protection Health value,1279
30869,JED-NTH-FRSH-37,30869_PROT_TRIP_EFI,1280,JED-NTH ABH AH312,30869 Protection Trip (Earth fault) value,1280
30869,JED-NTH-FRSH-37,30869_PROT_TRIP_PH_FLT,1281,JED-NTH ABH AH312,30869 Protection Trip (Phase fault) value,1281
30869,JED-NTH-FRSH-37,30869_Y1-RMU30857_ST,11000,JED-NTH ABH AH312,30869 Y1 state,11000
30869,JED-NTH-FRSH-37,30869_Y2-RMU30856_ST,11001,JED-NTH ABH AH312,30869 Y2 state,11001
30869,JED-NTH-FRSH-37,30869_TR1-RMU30869_ST,11002,JED-NTH ABH AH312,30869 Q1 state,11002
30869,JED-NTH-FRSH-37,30869_Y3-RMU30815_ST,11003,JED-NTH ABH AH312,30869 Y3 state,11003
30869,JED-NTH-FRSH-37,30869_LR,11004,JED-NTH ABH AH312,30869 Remote/Local value,11004
30869,JED-NTH-FRSH-37,30869_Y1-RMU30857_AMP_A,13015,JED-NTH ABH AH312,30869 Y1 i_a_value(A),13015
30869,JED-NTH-FRSH-37,30869_Y1-RMU30857_AMP_B,13016,JED-NTH ABH AH312,30869 Y1 i_b_value(A),13016
30869,JED-NTH-FRSH-37,30869_Y1-RMU30857_AMP_C,13017,JED-NTH ABH AH312,30869 Y1 i_c_value(A),13017
30869,JED-NTH-FRSH-37,30869_Y1-RMU30857_AMP_N,13018,JED-NTH ABH AH312,30869 Y1 i_n_value(A),13018
30869,JED-NTH-FRSH-37,30869_Y2-RMU30856_AMP_A,13019,JED-NTH ABH AH312,30869 Y2 i_a_value(A),13019
30869,JED-NTH-FRSH-37,30869_Y2-RMU30856_AMP_B,13020,JED-NTH ABH AH312,30869 Y2 i_b_value(A),13020
30869,JED-NTH-FRSH-37,30869_Y2-RMU30856_AMP_C,13021,JED-NTH ABH AH312,30869 Y2 i_c_value(A),13021
30869,JED-NTH-FRSH-37,30869_Y2-RMU30856_AMP_N,13022,JED-NTH ABH AH312,30869 Y2 i_n_value(A),13022
30869,JED-NTH-FRSH-37,30869_TR1-RMU30869_AMP_A,13023,JED-NTH ABH AH312,30869 Q1 i_a_value(A),13023
30869,JED-NTH-FRSH-37,30869_TR1-RMU30869_AMP_B,13024,JED-NTH ABH AH312,30869 Q1 i_b_value(A),13024
30869,JED-NTH-FRSH-37,30869_TR1-RMU30869_AMP_C,13025,JED-NTH ABH AH312,30869 Q1 i_c_value(A),13025
30869,JED-NTH-FRSH-37,30869_TR1-RMU30869_AMP_N,13026,JED-NTH ABH AH312,30869 Q1 i_n_value(A),13026
30869,JED-NTH-FRSH-37,30869_Y3-RMU30815_AMP_A,13027,JED-NTH ABH AH312,30869 Y3 i_a_value(A),13027
30869,JED-NTH-FRSH-37,30869_Y3-RMU30815_AMP_B,13028,JED-NTH ABH AH312,30869 Y3 i_b_value(A),13028
30869,JED-NTH-FRSH-37,30869_Y3-RMU30815_AMP_C,13029,JED-NTH ABH AH312,30869 Y3 i_c_value(A),13029
30869,JED-NTH-FRSH-37,30869_Y3-RMU30815_AMP_N,13030,JED-NTH ABH AH312,30869 Y3 i_n_value(A),13030
30869,JED-NTH-FRSH-37,30869_Y1-RMU30857_KVA,13057,JED-NTH ABH AH312,30869 Y1 S(kVA),13057
30869,JED-NTH-FRSH-37,30869_Y1-RMU30857_KW,13058,JED-NTH ABH AH312,30869 Y1 P(kW),13058
30869,JED-NTH-FRSH-37,30869_Y1-RMU30857_KVAR,13059,JED-NTH ABH AH312,30869 Y1 Q(kVar),13059
30869,JED-NTH-FRSH-37,30869_Y2-RMU30856_KVA,13060,JED-NTH ABH AH312,30869 Y2 S(kVA),13060
30869,JED-NTH-FRSH-37,30869_Y2-RMU30856_KW,13061,JED-NTH ABH AH312,30869 Y2 P(kW),13061
30869,JED-NTH-FRSH-37,30869_Y2-RMU30856_KVAR,13062,JED-NTH ABH AH312,30869 Y2 Q(kVar),13062
30869,JED-NTH-FRSH-37,30869_TR1-RMU30869_VOLT_A,13063,JED-NTH ABH AH312,30869 Q1 u_ab_value(kV),13063
30869,JED-NTH-FRSH-37,30869_TR1-RMU30869_VOLT_B,13064,JED-NTH ABH AH312,30869 Q1 u_bc_value(kV),13064
30869,JED-NTH-FRSH-37,30869_TR1-RMU30869_VOLT_C,13065,JED-NTH ABH AH312,30869 Q1 u_ca_value(kV),13065
30869,JED-NTH-FRSH-37,30869_TR1-RMU30869_VOLT_N,13066,JED-NTH ABH AH312,30869 Q1 u_n_value(kV),13066
30869,JED-NTH-FRSH-37,30869_TR1-RMU30869_KVA,13067,JED-NTH ABH AH312,30869 Q1 S(kVA),13067
30869,JED-NTH-FRSH-37,30869_TR1-RMU30869_KW,13068,JED-NTH ABH AH312,30869 Q1 P(kW),13068
30869,JED-NTH-FRSH-37,30869_TR1-RMU30869_KVAR,13069,JED-NTH ABH AH312,30869 Q1 Q(kVar),13069
30869,JED-NTH-FRSH-37,30869_TR1-RMU30869_PF,13070,JED-NTH ABH AH312,30869 Q1 Power factor,13070
30869,JED-NTH-FRSH-37,30869_Y3-RMU30815_KVA,13071,JED-NTH ABH AH312,30869 Y3 S(kVA),13071
30869,JED-NTH-FRSH-37,30869_Y3-RMU30815_KW,13072,JED-NTH ABH AH312,30869 Y3 P(kW),13072
30869,JED-NTH-FRSH-37,30869_Y3-RMU30815_KVAR,13073,JED-NTH ABH AH312,30869 Y3 Q(kVar),13073
30873,JED-NTH-FRSH-37,30873_Y1-30825_CMD,1,JED-NTH ABH AH313,30873 Y1 CMD,1
30873,JED-NTH-FRSH-37,30873_Y2-30859_CMD,5,JED-NTH ABH AH313,30873 Y2 CMD,5
30873,JED-NTH-FRSH-37,30873_TR1_CMD,9,JED-NTH ABH AH313,30873 Q1 CMD,9
30873,JED-NTH-FRSH-37,30873_Y3-30833_CMD,13,JED-NTH ABH AH313,30873 Y3 CMD,13
30873,JED-NTH-FRSH-37,30873_Y1-30825_ST_LOCK,1000,JED-NTH ABH AH313,30873 Y1/Lock/Unlock indication value,1000
30873,JED-NTH-FRSH-37,30873_Y1-30825_ST_GND,1001,JED-NTH ABH AH313,30873 KY1 state,1001
30873,JED-NTH-FRSH-37,30873_Y2-30859_ST_LOCK,1002,JED-NTH ABH AH313,30873 Y2/Lock/Unlock indication value,1002
30873,JED-NTH-FRSH-37,30873_Y2-30859_ST_GND,1003,JED-NTH ABH AH313,30873 KY2 state,1003
30873,JED-NTH-FRSH-37,30873_TR1_ST_LOCK,1004,JED-NTH ABH AH313,30873 Q1/Lock/Unlock indication value,1004
30873,JED-NTH-FRSH-37,30873_TR1_ST_GND,1005,JED-NTH ABH AH313,30873 KQ1 state,1005
30873,JED-NTH-FRSH-37,30873_Y3-30833_ST_LOCK,1006,JED-NTH ABH AH313,30873 Y3/Lock/Unlock indication value,1006
30873,JED-NTH-FRSH-37,30873_Y3-30833_ST_GND,1007,JED-NTH ABH AH313,30873 KY3 state,1007
30873,JED-NTH-FRSH-37,30873_BATT_LOW,1008,JED-NTH ABH AH313,30873 Battery low value,1008
30873,JED-NTH-FRSH-37,30873_GAS_LOW,1009,JED-NTH ABH AH313,30873 Gas low value,1009
30873,JED-NTH-FRSH-37,30873_AC_FAIL,1010,JED-NTH ABH AH313,30873 AC power fail value,1010
30873,JED-NTH-FRSH-37,30873_DOOR_OPENED,1011,JED-NTH ABH AH313,30873 Door open value,1011
30873,JED-NTH-FRSH-37,30873_DC_ST,1012,JED-NTH ABH AH313,30873 DC power fail value,1012
30873,JED-NTH-FRSH-37,30873_MOTOR_CRT_FAIL,1013,JED-NTH ABH AH313,30873 Motor circuit fail value,1013
30873,JED-NTH-FRSH-37,30873_RTU_FAIL,1277,JED-NTH ABH AH313,30873 RTU Self diagnostic value,1277
30873,JED-NTH-FRSH-37,30873_EFI,1278,JED-NTH ABH AH313,30873 EFI (Fault indication) value,1278
30873,JED-NTH-FRSH-37,30873_PROT_HEALTH,1279,JED-NTH ABH AH313,30873 Protection Health value,1279
30873,JED-NTH-FRSH-37,30873_PROT_TRIP_EFI,1280,JED-NTH ABH AH313,30873 Protection Trip (Earth fault) value,1280
30873,JED-NTH-FRSH-37,30873_PROT_TRIP_PH_FLT,1281,JED-NTH ABH AH313,30873 Protection Trip (Phase fault) value,1281
30873,JED-NTH-FRSH-37,30873_Y1-30825_ST,11000,JED-NTH ABH AH313,30873 Y1 state,11000
30873,JED-NTH-FRSH-37,30873_Y2-30859_ST,11001,JED-NTH ABH AH313,30873 Y2 state,11001
30873,JED-NTH-FRSH-37,30873_TR1_ST,11002,JED-NTH ABH AH313,30873 Q1 state,11002
30873,JED-NTH-FRSH-37,30873_Y3-30833_ST,11003,JED-NTH ABH AH313,30873 Y3 state,11003
30873,JED-NTH-FRSH-37,30873_LR,11004,JED-NTH ABH AH313,30873 Remote/Local value,11004
30873,JED-NTH-FRSH-37,30873_Y1-30825_AMP_A,13015,JED-NTH ABH AH313,30873 Y1 i_a_value(A),13015
30873,JED-NTH-FRSH-37,30873_Y1-30825_AMP_B,13016,JED-NTH ABH AH313,30873 Y1 i_b_value(A),13016
30873,JED-NTH-FRSH-37,30873_Y1-30825_AMP_C,13017,JED-NTH ABH AH313,30873 Y1 i_c_value(A),13017
30873,JED-NTH-FRSH-37,30873_Y1-30825_AMP_N,13018,JED-NTH ABH AH313,30873 Y1 i_n_value(A),13018
30873,JED-NTH-FRSH-37,30873_Y2-30859_AMP_A,13019,JED-NTH ABH AH313,30873 Y2 i_a_value(A),13019
30873,JED-NTH-FRSH-37,30873_Y2-30859_AMP_B,13020,JED-NTH ABH AH313,30873 Y2 i_b_value(A),13020
30873,JED-NTH-FRSH-37,30873_Y2-30859_AMP_C,13021,JED-NTH ABH AH313,30873 Y2 i_c_value(A),13021
30873,JED-NTH-FRSH-37,30873_Y2-30859_AMP_N,13022,JED-NTH ABH AH313,30873 Y2 i_n_value(A),13022
30873,JED-NTH-FRSH-37,30873_TR1_AMP_A,13023,JED-NTH ABH AH313,30873 Q1 i_a_value(A),13023
30873,JED-NTH-FRSH-37,30873_TR1_AMP_B,13024,JED-NTH ABH AH313,30873 Q1 i_b_value(A),13024
30873,JED-NTH-FRSH-37,30873_TR1_AMP_C,13025,JED-NTH ABH AH313,30873 Q1 i_c_value(A),13025
30873,JED-NTH-FRSH-37,30873_TR1_AMP_N,13026,JED-NTH ABH AH313,30873 Q1 i_n_value(A),13026
30873,JED-NTH-FRSH-37,30873_Y3-30833_AMP_A,13027,JED-NTH ABH AH313,30873 Y3 i_a_value(A),13027
30873,JED-NTH-FRSH-37,30873_Y3-30833_AMP_B,13028,JED-NTH ABH AH313,30873 Y3 i_b_value(A),13028
30873,JED-NTH-FRSH-37,30873_Y3-30833_AMP_C,13029,JED-NTH ABH AH313,30873 Y3 i_c_value(A),13029
30873,JED-NTH-FRSH-37,30873_Y3-30833_AMP_N,13030,JED-NTH ABH AH313,30873 Y3 i_n_value(A),13030
30873,JED-NTH-FRSH-37,30873_Y1-30825_KVA,13057,JED-NTH ABH AH313,30873 Y1 S(kVA),13057
30873,JED-NTH-FRSH-37,30873_Y1-30825_KW,13058,JED-NTH ABH AH313,30873 Y1 P(kW),13058
30873,JED-NTH-FRSH-37,30873_Y1-30825_KVAR,13059,JED-NTH ABH AH313,30873 Y1 Q(kVar),13059
30873,JED-NTH-FRSH-37,30873_Y2-30859_KVA,13060,JED-NTH ABH AH313,30873 Y2 S(kVA),13060
30873,JED-NTH-FRSH-37,30873_Y2-30859_KW,13061,JED-NTH ABH AH313,30873 Y2 P(kW),13061
30873,JED-NTH-FRSH-37,30873_Y2-30859_KVAR,13062,JED-NTH ABH AH313,30873 Y2 Q(kVar),13062
30873,JED-NTH-FRSH-37,30873_TR1_VOLT_A,13063,JED-NTH ABH AH313,30873 Q1 u_ab_value(kV),13063
30873,JED-NTH-FRSH-37,30873_TR1_VOLT_B,13064,JED-NTH ABH AH313,30873 Q1 u_bc_value(kV),13064
30873,JED-NTH-FRSH-37,30873_TR1_VOLT_C,13065,JED-NTH ABH AH313,30873 Q1 u_ca_value(kV),13065
30873,JED-NTH-FRSH-37,30873_TR1_VOLT_N,13066,JED-NTH ABH AH313,30873 Q1 u_n_value(kV),13066
30873,JED-NTH-FRSH-37,30873_TR1_KVA,13067,JED-NTH ABH AH313,30873 Q1 S(kVA),13067
30873,JED-NTH-FRSH-37,30873_TR1_KW,13068,JED-NTH ABH AH313,30873 Q1 P(kW),13068
30873,JED-NTH-FRSH-37,30873_TR1_KVAR,13069,JED-NTH ABH AH313,30873 Q1 Q(kVar),13069
30873,JED-NTH-FRSH-37,30873_TR1_PF,13070,JED-NTH ABH AH313,30873 Q1 Power factor,13070
30873,JED-NTH-FRSH-37,30873_Y3-30833_KVA,13071,JED-NTH ABH AH313,30873 Y3 S(kVA),13071
30873,JED-NTH-FRSH-37,30873_Y3-30833_KW,13072,JED-NTH ABH AH313,30873 Y3 P(kW),13072
30873,JED-NTH-FRSH-37,30873_Y3-30833_KVAR,13073,JED-NTH ABH AH313,30873 Y3 Q(kVar),13073
30881,JED-NTH-FRSH-37,30881_Y1-30831_CMD,1,JED-NTH ABH AH312,30881 Y1 CMD,1
30881,JED-NTH-FRSH-37,30881_Y2-30815_CMD,5,JED-NTH ABH AH312,30881 Y2 CMD,5
30881,JED-NTH-FRSH-37,30881_TR1_CMD,9,JED-NTH ABH AH312,30881 Q1 CMD,9
30881,JED-NTH-FRSH-37,30881_Y3-30903_CMD,13,JED-NTH ABH AH312,30881 Y3 CMD,13
30881,JED-NTH-FRSH-37,30881_Y1-30831_ST_LOCK,1000,JED-NTH ABH AH312,30881 Y1/Lock/Unlock indication value,1000
30881,JED-NTH-FRSH-37,30881_Y1-30831_ST_GND,1001,JED-NTH ABH AH312,30881 KY1 state,1001
30881,JED-NTH-FRSH-37,30881_Y2-30815_ST_LOCK,1002,JED-NTH ABH AH312,30881 Y2/Lock/Unlock indication value,1002
30881,JED-NTH-FRSH-37,30881_Y2-30815_ST_GND,1003,JED-NTH ABH AH312,30881 KY2 state,1003
30881,JED-NTH-FRSH-37,30881_TR1_ST_LOCK,1004,JED-NTH ABH AH312,30881 Q1/Lock/Unlock indication value,1004
30881,JED-NTH-FRSH-37,30881_TR1_ST_GND,1005,JED-NTH ABH AH312,30881 KQ1 state,1005
30881,JED-NTH-FRSH-37,30881_Y3-30903_ST_LOCK,1006,JED-NTH ABH AH312,30881 Y3/Lock/Unlock indication value,1006
30881,JED-NTH-FRSH-37,30881_Y3-30903_ST_GND,1007,JED-NTH ABH AH312,30881 KY3 state,1007
30881,JED-NTH-FRSH-37,30881_BATT_LOW,1008,JED-NTH ABH AH312,30881 Battery low value,1008
30881,JED-NTH-FRSH-37,30881_GAS_LOW,1009,JED-NTH ABH AH312,30881 Gas low value,1009
30881,JED-NTH-FRSH-37,30881_AC_FAIL,1010,JED-NTH ABH AH312,30881 AC power fail value,1010
30881,JED-NTH-FRSH-37,30881_DOOR_OPENED,1011,JED-NTH ABH AH312,30881 Door open value,1011
30881,JED-NTH-FRSH-37,30881_DC_ST,1012,JED-NTH ABH AH312,30881 DC power fail value,1012
30881,JED-NTH-FRSH-37,30881_MOTOR_CRT_FAIL,1013,JED-NTH ABH AH312,30881 Motor circuit fail value,1013
30881,JED-NTH-FRSH-37,30881_RTU_FAIL,1277,JED-NTH ABH AH312,30881 RTU Self diagnostic value,1277
30881,JED-NTH-FRSH-37,30881_EFI,1278,JED-NTH ABH AH312,30881 EFI (Fault indication) value,1278
30881,JED-NTH-FRSH-37,30881_PROT_HEALTH,1279,JED-NTH ABH AH312,30881 Protection Health value,1279
30881,JED-NTH-FRSH-37,30881_PROT_TRIP_EFI,1280,JED-NTH ABH AH312,30881 Protection Trip (Earth fault) value,1280
30881,JED-NTH-FRSH-37,30881_PROT_TRIP_PH_FLT,1281,JED-NTH ABH AH312,30881 Protection Trip (Phase fault) value,1281
30881,JED-NTH-FRSH-37,30881_Y1-30831_ST,11000,JED-NTH ABH AH312,30881 Y1 state,11000
30881,JED-NTH-FRSH-37,30881_Y2-30815_ST,11001,JED-NTH ABH AH312,30881 Y2 state,11001
30881,JED-NTH-FRSH-37,30881_TR1_ST,11002,JED-NTH ABH AH312,30881 Q1 state,11002
30881,JED-NTH-FRSH-37,30881_Y3-30903_ST,11003,JED-NTH ABH AH312,30881 Y3 state,11003
30881,JED-NTH-FRSH-37,30881_LR,11004,JED-NTH ABH AH312,30881 Remote/Local value,11004
30881,JED-NTH-FRSH-37,30881_Y1-30831_AMP_A,13015,JED-NTH ABH AH312,30881 Y1 i_a_value(A),13015
30881,JED-NTH-FRSH-37,30881_Y1-30831_AMP_B,13016,JED-NTH ABH AH312,30881 Y1 i_b_value(A),13016
30881,JED-NTH-FRSH-37,30881_Y1-30831_AMP_C,13017,JED-NTH ABH AH312,30881 Y1 i_c_value(A),13017
30881,JED-NTH-FRSH-37,30881_Y1-30831_AMP_N,13018,JED-NTH ABH AH312,30881 Y1 i_n_value(A),13018
30881,JED-NTH-FRSH-37,30881_Y2-30815_AMP_A,13019,JED-NTH ABH AH312,30881 Y2 i_a_value(A),13019
30881,JED-NTH-FRSH-37,30881_Y2-30815_AMP_B,13020,JED-NTH ABH AH312,30881 Y2 i_b_value(A),13020
30881,JED-NTH-FRSH-37,30881_Y2-30815_AMP_C,13021,JED-NTH ABH AH312,30881 Y2 i_c_value(A),13021
30881,JED-NTH-FRSH-37,30881_Y2-30815_AMP_N,13022,JED-NTH ABH AH312,30881 Y2 i_n_value(A),13022
30881,JED-NTH-FRSH-37,30881_TR1_AMP_A,13023,JED-NTH ABH AH312,30881 Q1 i_a_value(A),13023
30881,JED-NTH-FRSH-37,30881_TR1_AMP_B,13024,JED-NTH ABH AH312,30881 Q1 i_b_value(A),13024
30881,JED-NTH-FRSH-37,30881_TR1_AMP_C,13025,JED-NTH ABH AH312,30881 Q1 i_c_value(A),13025
30881,JED-NTH-FRSH-37,30881_TR1_AMP_N,13026,JED-NTH ABH AH312,30881 Q1 i_n_value(A),13026
30881,JED-NTH-FRSH-37,30881_Y3-30903_AMP_A,13027,JED-NTH ABH AH312,30881 Y3 i_a_value(A),13027
30881,JED-NTH-FRSH-37,30881_Y3-30903_AMP_B,13028,JED-NTH ABH AH312,30881 Y3 i_b_value(A),13028
30881,JED-NTH-FRSH-37,30881_Y3-30903_AMP_C,13029,JED-NTH ABH AH312,30881 Y3 i_c_value(A),13029
30881,JED-NTH-FRSH-37,30881_Y3-30903_AMP_N,13030,JED-NTH ABH AH312,30881 Y3 i_n_value(A),13030
30881,JED-NTH-FRSH-37,30881_Y1-30831_KVA,13057,JED-NTH ABH AH312,30881 Y1 S(kVA),13057
30881,JED-NTH-FRSH-37,30881_Y1-30831_KW,13058,JED-NTH ABH AH312,30881 Y1 P(kW),13058
30881,JED-NTH-FRSH-37,30881_Y1-30831_KVAR,13059,JED-NTH ABH AH312,30881 Y1 Q(kVar),13059
30881,JED-NTH-FRSH-37,30881_Y2-30815_KVA,13060,JED-NTH ABH AH312,30881 Y2 S(kVA),13060
30881,JED-NTH-FRSH-37,30881_Y2-30815_KW,13061,JED-NTH ABH AH312,30881 Y2 P(kW),13061
30881,JED-NTH-FRSH-37,30881_Y2-30815_KVAR,13062,JED-NTH ABH AH312,30881 Y2 Q(kVar),13062
30881,JED-NTH-FRSH-37,30881_TR1_VOLT_A,13063,JED-NTH ABH AH312,30881 Q1 u_ab_value(kV),13063
30881,JED-NTH-FRSH-37,30881_TR1_VOLT_B,13064,JED-NTH ABH AH312,30881 Q1 u_bc_value(kV),13064
30881,JED-NTH-FRSH-37,30881_TR1_VOLT_C,13065,JED-NTH ABH AH312,30881 Q1 u_ca_value(kV),13065
30881,JED-NTH-FRSH-37,30881_TR1_VOLT_N,13066,JED-NTH ABH AH312,30881 Q1 u_n_value(kV),13066
30881,JED-NTH-FRSH-37,30881_TR1_KVA,13067,JED-NTH ABH AH312,30881 Q1 S(kVA),13067
30881,JED-NTH-FRSH-37,30881_TR1_KW,13068,JED-NTH ABH AH312,30881 Q1 P(kW),13068
30881,JED-NTH-FRSH-37,30881_TR1_KVAR,13069,JED-NTH ABH AH312,30881 Q1 Q(kVar),13069
30881,JED-NTH-FRSH-37,30881_TR1_PF,13070,JED-NTH ABH AH312,30881 Q1 Power factor,13070
30881,JED-NTH-FRSH-37,30881_Y3-30903_KVA,13071,JED-NTH ABH AH312,30881 Y3 S(kVA),13071
30881,JED-NTH-FRSH-37,30881_Y3-30903_KW,13072,JED-NTH ABH AH312,30881 Y3 P(kW),13072
30881,JED-NTH-FRSH-37,30881_Y3-30903_KVAR,13073,JED-NTH ABH AH312,30881 Y3 Q(kVar),13073
30904,JED-NTH-FRSH-37,30904_Y1-30857_CMD,1,JED-NTH ABH AH312,30904 Y1 CMD,1
30904,JED-NTH-FRSH-37,30904_Y2-30749_CMD,5,JED-NTH ABH AH312,30904 Y2 CMD,5
30904,JED-NTH-FRSH-37,30904_TR1_CMD,9,JED-NTH ABH AH312,30904 Q1 CMD,9
30904,JED-NTH-FRSH-37,30904_Y3-30886_CMD,13,JED-NTH ABH AH312,30904 Y3 CMD,13
30904,JED-NTH-FRSH-37,30904_Y1-30857_ST_LOCK,1000,JED-NTH ABH AH312,30904 Y1/Lock/Unlock indication value,1000
30904,JED-NTH-FRSH-37,30904_Y1-30857_ST_GND,1001,JED-NTH ABH AH312,30904 KY1 state,1001
30904,JED-NTH-FRSH-37,30904_Y2-30749_ST_LOCK,1002,JED-NTH ABH AH312,30904 Y2/Lock/Unlock indication value,1002
30904,JED-NTH-FRSH-37,30904_Y2-30749_ST_GND,1003,JED-NTH ABH AH312,30904 KY2 state,1003
30904,JED-NTH-FRSH-37,30904_TR1_ST_LOCK,1004,JED-NTH ABH AH312,30904 Q1/Lock/Unlock indication value,1004
30904,JED-NTH-FRSH-37,30904_TR1_ST_GND,1005,JED-NTH ABH AH312,30904 KQ1 state,1005
30904,JED-NTH-FRSH-37,30904_Y3-30886_ST_LOCK,1006,JED-NTH ABH AH312,30904 Y3/Lock/Unlock indication value,1006
30904,JED-NTH-FRSH-37,30904_Y3-30886_ST_GND,1007,JED-NTH ABH AH312,30904 KY3 state,1007
30904,JED-NTH-FRSH-37,30904_BATT_LOW,1008,JED-NTH ABH AH312,30904 Battery low value,1008
30904,JED-NTH-FRSH-37,30904_GAS_LOW,1009,JED-NTH ABH AH312,30904 Gas low value,1009
30904,JED-NTH-FRSH-37,30904_AC_FAIL,1010,JED-NTH ABH AH312,30904 AC power fail value,1010
30904,JED-NTH-FRSH-37,30904_DOOR_OPENED,1011,JED-NTH ABH AH312,30904 Door open value,1011
30904,JED-NTH-FRSH-37,30904_DC_ST,1012,JED-NTH ABH AH312,30904 DC power fail value,1012
30904,JED-NTH-FRSH-37,30904_MOTOR_CRT_FAIL,1013,JED-NTH ABH AH312,30904 Motor circuit fail value,1013
30904,JED-NTH-FRSH-37,30904_RTU_FAIL,1277,JED-NTH ABH AH312,30904 RTU Self diagnostic value,1277
30904,JED-NTH-FRSH-37,30904_EFI,1278,JED-NTH ABH AH312,30904 EFI (Fault indication) value,1278
30904,JED-NTH-FRSH-37,30904_PROT_HEALTH,1279,JED-NTH ABH AH312,30904 Protection Health value,1279
30904,JED-NTH-FRSH-37,30904_PROT_TRIP_EFI,1280,JED-NTH ABH AH312,30904 Protection Trip (Earth fault) value,1280
30904,JED-NTH-FRSH-37,30904_PROT_TRIP_PH_FLT,1281,JED-NTH ABH AH312,30904 Protection Trip (Phase fault) value,1281
30904,JED-NTH-FRSH-37,30904_Y1-30857_ST,11000,JED-NTH ABH AH312,30904 Y1 state,11000
30904,JED-NTH-FRSH-37,30904_Y2-30749_ST,11001,JED-NTH ABH AH312,30904 Y2 state,11001
30904,JED-NTH-FRSH-37,30904_TR1_ST,11002,JED-NTH ABH AH312,30904 Q1 state,11002
30904,JED-NTH-FRSH-37,30904_Y3-30886_ST,11003,JED-NTH ABH AH312,30904 Y3 state,11003
30904,JED-NTH-FRSH-37,30904_LR,11004,JED-NTH ABH AH312,30904 Remote/Local value,11004
30904,JED-NTH-FRSH-37,30904_Y1-30857_AMP_A,13015,JED-NTH ABH AH312,30904 Y1 i_a_value(A),13015
30904,JED-NTH-FRSH-37,30904_Y1-30857_AMP_B,13016,JED-NTH ABH AH312,30904 Y1 i_b_value(A),13016
30904,JED-NTH-FRSH-37,30904_Y1-30857_AMP_C,13017,JED-NTH ABH AH312,30904 Y1 i_c_value(A),13017
30904,JED-NTH-FRSH-37,30904_Y1-30857_AMP_N,13018,JED-NTH ABH AH312,30904 Y1 i_n_value(A),13018
30904,JED-NTH-FRSH-37,30904_Y2-30749_AMP_A,13019,JED-NTH ABH AH312,30904 Y2 i_a_value(A),13019
30904,JED-NTH-FRSH-37,30904_Y2-30749_AMP_B,13020,JED-NTH ABH AH312,30904 Y2 i_b_value(A),13020
30904,JED-NTH-FRSH-37,30904_Y2-30749_AMP_C,13021,JED-NTH ABH AH312,30904 Y2 i_c_value(A),13021
30904,JED-NTH-FRSH-37,30904_Y2-30749_AMP_N,13022,JED-NTH ABH AH312,30904 Y2 i_n_value(A),13022
30904,JED-NTH-FRSH-37,30904_TR1_AMP_A,13023,JED-NTH ABH AH312,30904 Q1 i_a_value(A),13023
30904,JED-NTH-FRSH-37,30904_TR1_AMP_B,13024,JED-NTH ABH AH312,30904 Q1 i_b_value(A),13024
30904,JED-NTH-FRSH-37,30904_TR1_AMP_C,13025,JED-NTH ABH AH312,30904 Q1 i_c_value(A),13025
30904,JED-NTH-FRSH-37,30904_TR1_AMP_N,13026,JED-NTH ABH AH312,30904 Q1 i_n_value(A),13026
30904,JED-NTH-FRSH-37,30904_Y3-30886_AMP_A,13027,JED-NTH ABH AH312,30904 Y3 i_a_value(A),13027
30904,JED-NTH-FRSH-37,30904_Y3-30886_AMP_B,13028,JED-NTH ABH AH312,30904 Y3 i_b_value(A),13028
30904,JED-NTH-FRSH-37,30904_Y3-30886_AMP_C,13029,JED-NTH ABH AH312,30904 Y3 i_c_value(A),13029
30904,JED-NTH-FRSH-37,30904_Y3-30886_AMP_N,13030,JED-NTH ABH AH312,30904 Y3 i_n_value(A),13030
30904,JED-NTH-FRSH-37,30904_Y1-30857_KVA,13057,JED-NTH ABH AH312,30904 Y1 S(kVA),13057
30904,JED-NTH-FRSH-37,30904_Y1-30857_KW,13058,JED-NTH ABH AH312,30904 Y1 P(kW),13058
30904,JED-NTH-FRSH-37,30904_Y1-30857_KVAR,13059,JED-NTH ABH AH312,30904 Y1 Q(kVar),13059
30904,JED-NTH-FRSH-37,30904_Y2-30749_KVA,13060,JED-NTH ABH AH312,30904 Y2 S(kVA),13060
30904,JED-NTH-FRSH-37,30904_Y2-30749_KW,13061,JED-NTH ABH AH312,30904 Y2 P(kW),13061
30904,JED-NTH-FRSH-37,30904_Y2-30749_KVAR,13062,JED-NTH ABH AH312,30904 Y2 Q(kVar),13062
30904,JED-NTH-FRSH-37,30904_TR1_VOLT_A,13063,JED-NTH ABH AH312,30904 Q1 u_ab_value(kV),13063
30904,JED-NTH-FRSH-37,30904_TR1_VOLT_B,13064,JED-NTH ABH AH312,30904 Q1 u_bc_value(kV),13064
30904,JED-NTH-FRSH-37,30904_TR1_VOLT_C,13065,JED-NTH ABH AH312,30904 Q1 u_ca_value(kV),13065
30904,JED-NTH-FRSH-37,30904_TR1_VOLT_N,13066,JED-NTH ABH AH312,30904 Q1 u_n_value(kV),13066
30904,JED-NTH-FRSH-37,30904_TR1_KVA,13067,JED-NTH ABH AH312,30904 Q1 S(kVA),13067
30904,JED-NTH-FRSH-37,30904_TR1_KW,13068,JED-NTH ABH AH312,30904 Q1 P(kW),13068
30904,JED-NTH-FRSH-37,30904_TR1_KVAR,13069,JED-NTH ABH AH312,30904 Q1 Q(kVar),13069
30904,JED-NTH-FRSH-37,30904_TR1_PF,13070,JED-NTH ABH AH312,30904 Q1 Power factor,13070
30904,JED-NTH-FRSH-37,30904_Y3-30886_KVA,13071,JED-NTH ABH AH312,30904 Y3 S(kVA),13071
30904,JED-NTH-FRSH-37,30904_Y3-30886_KW,13072,JED-NTH ABH AH312,30904 Y3 P(kW),13072
30904,JED-NTH-FRSH-37,30904_Y3-30886_KVAR,13073,JED-NTH ABH AH312,30904 Y3 Q(kVar),13073
30905,JED-NTH-FRSH-37,30905_Y1-RMU30817_CMD,1,JED-NTH ABH AH313,30905 Y1 CMD,1
30905,JED-NTH-FRSH-37,30905_TR1-RMU30905_CMD,5,JED-NTH ABH AH313,30905 Q1 CMD,5
30905,JED-NTH-FRSH-37,30905_Y2-RMU30896_CMD,9,JED-NTH ABH AH313,30905 Y2 CMD,9
30905,JED-NTH-FRSH-37,30905_Y1-RMU30817_ST_LOCK,1000,JED-NTH ABH AH313,30905 Y1/Lock/Unlock indication value,1000
30905,JED-NTH-FRSH-37,30905_Y1-RMU30817_ST_GND,1001,JED-NTH ABH AH313,30905 KY1 state,1001
30905,JED-NTH-FRSH-37,30905_TR1-RMU30905_ST_LOCK,1002,JED-NTH ABH AH313,30905 Q1/Lock/Unlock indication value,1002
30905,JED-NTH-FRSH-37,30905_TR1-RMU30905_ST_GND,1003,JED-NTH ABH AH313,30905 KQ1 state,1003
30905,JED-NTH-FRSH-37,30905_Y2-RMU30896_ST_LOCK,1004,JED-NTH ABH AH313,30905 Y2/Lock/Unlock indication value,1004
30905,JED-NTH-FRSH-37,30905_Y2-RMU30896_ST_GND,1005,JED-NTH ABH AH313,30905 KY2 state,1005
30905,JED-NTH-FRSH-37,30905_BATT_LOW,1008,JED-NTH ABH AH313,30905 Battery low value,1008
30905,JED-NTH-FRSH-37,30905_GAS_LOW,1009,JED-NTH ABH AH313,30905 Gas low value,1009
30905,JED-NTH-FRSH-37,30905_AC_FAIL,1010,JED-NTH ABH AH313,30905 AC power fail value,1010
30905,JED-NTH-FRSH-37,30905_DOOR_OPENED,1011,JED-NTH ABH AH313,30905 Door open value,1011
30905,JED-NTH-FRSH-37,30905_DC_ST,1012,JED-NTH ABH AH313,30905 DC power fail value,1012
30905,JED-NTH-FRSH-37,30905_MOTOR_CRT_FAIL,1013,JED-NTH ABH AH313,30905 Motor circuit fail value,1013
30905,JED-NTH-FRSH-37,30905_RTU_FAIL,1277,JED-NTH ABH AH313,30905 RTU Self diagnostic value,1277
30905,JED-NTH-FRSH-37,30905_EFI,1278,JED-NTH ABH AH313,30905 EFI (Fault indication) value,1278
30905,JED-NTH-FRSH-37,30905_PROT_HEALTH,1279,JED-NTH ABH AH313,30905 Protection Health value,1279
30905,JED-NTH-FRSH-37,30905_PROT_TRIP_EFI,1280,JED-NTH ABH AH313,30905 Protection Trip (Earth fault) value,1280
30905,JED-NTH-FRSH-37,30905_PROT_TRIP_PH_FLT,1281,JED-NTH ABH AH313,30905 Protection Trip (Phase fault) value,1281
30905,JED-NTH-FRSH-37,30905_Y1-RMU30817_ST,11000,JED-NTH ABH AH313,30905 Y1 state,11000
30905,JED-NTH-FRSH-37,30905_TR1-RMU30905_ST,11001,JED-NTH ABH AH313,30905 Q1 state,11001
30905,JED-NTH-FRSH-37,30905_Y2-RMU30896_ST,11002,JED-NTH ABH AH313,30905 Y2 state,11002
30905,JED-NTH-FRSH-37,30905_LR,11004,JED-NTH ABH AH313,30905 Remote/Local value,11004
30905,JED-NTH-FRSH-37,30905_Y1-RMU30817_AMP_A,13015,JED-NTH ABH AH313,30905 Y1 i_a_value(A),13015
30905,JED-NTH-FRSH-37,30905_Y1-RMU30817_AMP_B,13016,JED-NTH ABH AH313,30905 Y1 i_b_value(A),13016
30905,JED-NTH-FRSH-37,30905_Y1-RMU30817_AMP_C,13017,JED-NTH ABH AH313,30905 Y1 i_c_value(A),13017
30905,JED-NTH-FRSH-37,30905_Y1-RMU30817_AMP_N,13018,JED-NTH ABH AH313,30905 Y1 i_n_value(A),13018
30905,JED-NTH-FRSH-37,30905_TR1-RMU30905_AMP_A,13019,JED-NTH ABH AH313,30905 Q1 i_a_value(A),13019
30905,JED-NTH-FRSH-37,30905_TR1-RMU30905_AMP_B,13020,JED-NTH ABH AH313,30905 Q1 i_b_value(A),13020
30905,JED-NTH-FRSH-37,30905_TR1-RMU30905_AMP_C,13021,JED-NTH ABH AH313,30905 Q1 i_c_value(A),13021
30905,JED-NTH-FRSH-37,30905_TR1-RMU30905_AMP_N,13022,JED-NTH ABH AH313,30905 Q1 i_n_value(A),13022
30905,JED-NTH-FRSH-37,30905_Y2-RMU30896_AMP_A,13023,JED-NTH ABH AH313,30905 Y2 i_a_value(A),13023
30905,JED-NTH-FRSH-37,30905_Y2-RMU30896_AMP_B,13024,JED-NTH ABH AH313,30905 Y2 i_b_value(A),13024
30905,JED-NTH-FRSH-37,30905_Y2-RMU30896_AMP_C,13025,JED-NTH ABH AH313,30905 Y2 i_c_value(A),13025
30905,JED-NTH-FRSH-37,30905_Y2-RMU30896_AMP_N,13026,JED-NTH ABH AH313,30905 Y2 i_n_value(A),13026
30905,,,,JED-NTH ABH AH313,30905 Y1 S(kVA),13057
30905,,,,JED-NTH ABH AH313,30905 Y1 P(kW),13058
30905,,,,JED-NTH ABH AH313,30905 Y1 Q(kVar),13059
30905,JED-NTH-FRSH-37,30905_TR1-RMU30905_VOLT_A,13060,JED-NTH ABH AH313,30905 Q1 u_ab_value(kV),13060
30905,JED-NTH-FRSH-37,30905_TR1-RMU30905_VOLT_B,13061,JED-NTH ABH AH313,30905 Q1 u_bc_value(kV),13061
30905,JED-NTH-FRSH-37,30905_TR1-RMU30905_VOLT_C,13062,JED-NTH ABH AH313,30905 Q1 u_ca_value(kV),13062
30905,JED-NTH-FRSH-37,30905_TR1-RMU30905_VOLT_N,13063,JED-NTH ABH AH313,30905 Q1 u_n_value(kV),13063
30905,JED-NTH-FRSH-37,30905_TR1-RMU30905_KVA,13064,JED-NTH ABH AH313,30905 Q1 S(kVA),13064
30905,JED-NTH-FRSH-37,30905_Y1-RMU30817_KVA,13064,,,
30905,JED-NTH-FRSH-37,30905_TR1-RMU30905_KW,13065,JED-NTH ABH AH313,30905 Q1 P(kW),13065
30905,JED-NTH-FRSH-37,30905_Y1-RMU30817_KW,13065,,,
30905,JED-NTH-FRSH-37,30905_TR1-RMU30905_KVAR,13066,JED-NTH ABH AH313,30905 Q1 Q(kVar),13066
30905,JED-NTH-FRSH-37,30905_Y1-RMU30817_KVAR,13066,,,
30905,JED-NTH-FRSH-37,30905_TR1-RMU30905_PF,13067,JED-NTH ABH AH313,30905 Q1 Power factor,13067
30905,,,,JED-NTH ABH AH313,30905 Y2 S(kVA),13068
30905,,,,JED-NTH ABH AH313,30905 Y2 P(kW),13069
30905,,,,JED-NTH ABH AH313,30905 Y2 Q(kVar),13070
30907,JED-NTH-FRSH-37,30907_Y1-RMU30821_CMD,1,JED-NTH ABH AH312,30907 Y1 CMD,1
30907,JED-NTH-FRSH-37,30907_Y2-RMU30849_CMD,5,JED-NTH ABH AH312,30907 Y2 CMD,5
30907,JED-NTH-FRSH-37,30907_TR1-RMU30907_CMD,9,JED-NTH ABH AH312,30907 Q1 CMD,9
30907,JED-NTH-FRSH-37,30907_Y3-RMU30840_CMD,13,JED-NTH ABH AH312,30907 Y3 CMD,13
30907,JED-NTH-FRSH-37,30907_Y1-RMU30821_ST_LOCK,1000,JED-NTH ABH AH312,30907 Y1/Lock/Unlock indication value,1000
30907,JED-NTH-FRSH-37,30907_Y1-RMU30821_ST_GND,1001,JED-NTH ABH AH312,30907 KY1 state,1001
30907,JED-NTH-FRSH-37,30907_Y2-RMU30849_ST_LOCK,1002,JED-NTH ABH AH312,30907 Y2/Lock/Unlock indication value,1002
30907,JED-NTH-FRSH-37,30907_Y2-RMU30849_ST_GND,1003,JED-NTH ABH AH312,30907 KY2 state,1003
30907,JED-NTH-FRSH-37,30907_TR1-RMU30907_ST_LOCK,1004,JED-NTH ABH AH312,30907 Q1/Lock/Unlock indication value,1004
30907,JED-NTH-FRSH-37,30907_TR1-RMU30907_ST_GND,1005,JED-NTH ABH AH312,30907 KQ1 state,1005
30907,JED-NTH-FRSH-37,30907_Y3-RMU30840_ST_LOCK,1006,JED-NTH ABH AH312,30907 Y3/Lock/Unlock indication value,1006
30907,JED-NTH-FRSH-37,30907_Y3-RMU30840_ST_GND,1007,JED-NTH ABH AH312,30907 KY3 state,1007
30907,JED-NTH-FRSH-37,30907_BATT_LOW,1008,JED-NTH ABH AH312,30907 Battery low value,1008
30907,JED-NTH-FRSH-37,30907_GAS_LOW,1009,JED-NTH ABH AH312,30907 Gas low value,1009
30907,JED-NTH-FRSH-37,30907_AC_FAIL,1010,JED-NTH ABH AH312,30907 AC power fail value,1010
30907,JED-NTH-FRSH-37,30907_DOOR_OPENED,1011,JED-NTH ABH AH312,30907 Door open value,1011
30907,JED-NTH-FRSH-37,30907_DC_ST,1012,JED-NTH ABH AH312,30907 DC power fail value,1012
30907,JED-NTH-FRSH-37,30907_MOTOR_CRT_FAIL,1013,JED-NTH ABH AH312,30907 Motor circuit fail value,1013
30907,JED-NTH-FRSH-37,30907_RTU_FAIL,1277,JED-NTH ABH AH312,30907 RTU Self diagnostic value,1277
30907,JED-NTH-FRSH-37,30907_EFI,1278,JED-NTH ABH AH312,30907 EFI (Fault indication) value,1278
30907,JED-NTH-FRSH-37,30907_PROT_HEALTH,1279,JED-NTH ABH AH312,30907 Protection Health value,1279
30907,JED-NTH-FRSH-37,30907_PROT_TRIP_EFI,1280,JED-NTH ABH AH312,30907 Protection Trip (Earth fault) value,1280
30907,JED-NTH-FRSH-37,30907_PROT_TRIP_PH_FLT,1281,JED-NTH ABH AH312,30907 Protection Trip (Phase fault) value,1281
30907,JED-NTH-FRSH-37,30907_Y1-RMU30821_ST,11000,JED-NTH ABH AH312,30907 Y1 state,11000
30907,JED-NTH-FRSH-37,30907_Y2-RMU30849_ST,11001,JED-NTH ABH AH312,30907 Y2 state,11001
30907,JED-NTH-FRSH-37,30907_TR1-RMU30907_ST,11002,JED-NTH ABH AH312,30907 Q1 state,11002
30907,JED-NTH-FRSH-37,30907_Y3-RMU30840_ST,11003,JED-NTH ABH AH312,30907 Y3 state,11003
30907,JED-NTH-FRSH-37,30907_LR,11004,JED-NTH ABH AH312,30907 Remote/Local value,11004
30907,JED-NTH-FRSH-37,30907_Y1-RMU30821_AMP_A,13015,JED-NTH ABH AH312,30907 Y1 i_a_value(A),13015
30907,JED-NTH-FRSH-37,30907_Y1-RMU30821_AMP_B,13016,JED-NTH ABH AH312,30907 Y1 i_b_value(A),13016
30907,JED-NTH-FRSH-37,30907_Y1-RMU30821_AMP_C,13017,JED-NTH ABH AH312,30907 Y1 i_c_value(A),13017
30907,JED-NTH-FRSH-37,30907_Y1-RMU30821_AMP_N,13018,JED-NTH ABH AH312,30907 Y1 i_n_value(A),13018
30907,JED-NTH-FRSH-37,30907_Y2-RMU30849_AMP_A,13019,JED-NTH ABH AH312,30907 Y2 i_a_value(A),13019
30907,JED-NTH-FRSH-37,30907_Y2-RMU30849_AMP_B,13020,JED-NTH ABH AH312,30907 Y2 i_b_value(A),13020
30907,JED-NTH-FRSH-37,30907_Y2-RMU30849_AMP_C,13021,JED-NTH ABH AH312,30907 Y2 i_c_value(A),13021
30907,JED-NTH-FRSH-37,30907_Y2-RMU30849_AMP_N,13022,JED-NTH ABH AH312,30907 Y2 i_n_value(A),13022
30907,JED-NTH-FRSH-37,30907_TR1-RMU30907_AMP_A,13023,JED-NTH ABH AH312,30907 Q1 i_a_value(A),13023
30907,JED-NTH-FRSH-37,30907_TR1-RMU30907_AMP_B,13024,JED-NTH ABH AH312,30907 Q1 i_b_value(A),13024
30907,JED-NTH-FRSH-37,30907_TR1-RMU30907_AMP_C,13025,JED-NTH ABH AH312,30907 Q1 i_c_value(A),13025
30907,JED-NTH-FRSH-37,30907_TR1-RMU30907_AMP_N,13026,JED-NTH ABH AH312,30907 Q1 i_n_value(A),13026
30907,JED-NTH-FRSH-37,30907_Y3-RMU30840_AMP_A,13027,JED-NTH ABH AH312,30907 Y3 i_a_value(A),13027
30907,JED-NTH-FRSH-37,30907_Y3-RMU30840_AMP_B,13028,JED-NTH ABH AH312,30907 Y3 i_b_value(A),13028
30907,JED-NTH-FRSH-37,30907_Y3-RMU30840_AMP_C,13029,JED-NTH ABH AH312,30907 Y3 i_c_value(A),13029
30907,JED-NTH-FRSH-37,30907_Y3-RMU30840_AMP_N,13030,JED-NTH ABH AH312,30907 Y3 i_n_value(A),13030
30907,JED-NTH-FRSH-37,30907_Y1-RMU30821_KVA,13057,JED-NTH ABH AH312,30907 Y1 S(kVA),13057
30907,JED-NTH-FRSH-37,30907_Y1-RMU30821_KW,13058,JED-NTH ABH AH312,30907 Y1 P(kW),13058
30907,JED-NTH-FRSH-37,30907_Y1-RMU30821_KVAR,13059,JED-NTH ABH AH312,30907 Y1 Q(kVar),13059
30907,JED-NTH-FRSH-37,30907_Y2-RMU30849_KVA,13060,JED-NTH ABH AH312,30907 Y2 S(kVA),13060
30907,JED-NTH-FRSH-37,30907_Y2-RMU30849_KW,13061,JED-NTH ABH AH312,30907 Y2 P(kW),13061
30907,JED-NTH-FRSH-37,30907_Y2-RMU30849_KVAR,13062,JED-NTH ABH AH312,30907 Y2 Q(kVar),13062
30907,JED-NTH-FRSH-37,30907_TR1-RMU30907_VOLT_A,13063,JED-NTH ABH AH312,30907 Q1 u_ab_value(kV),13063
30907,JED-NTH-FRSH-37,30907_TR1-RMU30907_VOLT_B,13064,JED-NTH ABH AH312,30907 Q1 u_bc_value(kV),13064
30907,JED-NTH-FRSH-37,30907_TR1-RMU30907_VOLT_C,13065,JED-NTH ABH AH312,30907 Q1 u_ca_value(kV),13065
30907,JED-NTH-FRSH-37,30907_TR1-RMU30907_VOLT_N,13066,JED-NTH ABH AH312,30907 Q1 u_n_value(kV),13066
30907,JED-NTH-FRSH-37,30907_TR1-RMU30907_KVA,13067,JED-NTH ABH AH312,30907 Q1 S(kVA),13067
30907,JED-NTH-FRSH-37,30907_TR1-RMU30907_KW,13068,JED-NTH ABH AH312,30907 Q1 P(kW),13068
30907,JED-NTH-FRSH-37,30907_TR1-RMU30907_KVAR,13069,JED-NTH ABH AH312,30907 Q1 Q(kVar),13069
30907,JED-NTH-FRSH-37,30907_TR1-RMU30907_PF,13070,JED-NTH ABH AH312,30907 Q1 Power factor,13070
30907,JED-NTH-FRSH-37,30907_Y3-RMU30840_KVA,13071,JED-NTH ABH AH312,30907 Y3 S(kVA),13071
30907,JED-NTH-FRSH-37,30907_Y3-RMU30840_KW,13072,JED-NTH ABH AH312,30907 Y3 P(kW),13072
30907,JED-NTH-FRSH-37,30907_Y3-RMU30840_KVAR,13073,JED-NTH ABH AH312,30907 Y3 Q(kVar),13073
30911,JED-NTH-FRSH-37,30911_Y1-RMU30826_CMD,1,JED-NTH ABH AH313,30911 Y1 CMD,1
30911,JED-NTH-FRSH-37,30911_TR1-RMU30911_CMD,5,JED-NTH ABH AH313,30911 Q1 CMD,5
30911,JED-NTH-FRSH-37,30911_Y2-RMU30835_CMD,9,JED-NTH ABH AH313,30911 Y2 CMD,9
30911,JED-NTH-FRSH-37,30911_Y1-RMU30826_ST_LOCK,1000,JED-NTH ABH AH313,30911 Y1/Lock/Unlock indication value,1000
30911,JED-NTH-FRSH-37,30911_Y1-RMU30826_ST_GND,1001,JED-NTH ABH AH313,30911 KY1 state,1001
30911,JED-NTH-FRSH-37,30911_TR1-RMU30911_ST_LOCK,1002,JED-NTH ABH AH313,30911 Q1/Lock/Unlock indication value,1002
30911,JED-NTH-FRSH-37,30911_TR1-RMU30911_ST_GND,1003,JED-NTH ABH AH313,30911 KQ1 state,1003
30911,JED-NTH-FRSH-37,30911_Y2-RMU30835_ST_LOCK,1004,JED-NTH ABH AH313,30911 Y2/Lock/Unlock indication value,1004
30911,JED-NTH-FRSH-37,30911_Y2-RMU30835_ST_GND,1005,JED-NTH ABH AH313,30911 KY2 state,1005
30911,JED-NTH-FRSH-37,30911_BATT_LOW,1008,JED-NTH ABH AH313,30911 Battery low value,1008
30911,JED-NTH-FRSH-37,30911_GAS_LOW,1009,JED-NTH ABH AH313,30911 Gas low value,1009
30911,JED-NTH-FRSH-37,30911_AC_FAIL,1010,JED-NTH ABH AH313,30911 AC power fail value,1010
30911,JED-NTH-FRSH-37,30911_DOOR_OPENED,1011,JED-NTH ABH AH313,30911 Door open value,1011
30911,JED-NTH-FRSH-37,30911_DC_ST,1012,JED-NTH ABH AH313,30911 DC power fail value,1012
30911,JED-NTH-FRSH-37,30911_MOTOR_CRT_FAIL,1013,JED-NTH ABH AH313,30911 Motor circuit fail value,1013
30911,JED-NTH-FRSH-37,30911_RTU_FAIL,1277,JED-NTH ABH AH313,30911 RTU Self diagnostic value,1277
30911,JED-NTH-FRSH-37,30911_EFI,1278,JED-NTH ABH AH313,30911 EFI (Fault indication) value,1278
30911,JED-NTH-FRSH-37,30911_PROT_HEALTH,1279,JED-NTH ABH AH313,30911 Protection Health value,1279
30911,JED-NTH-FRSH-37,30911_PROT_TRIP_EFI,1280,JED-NTH ABH AH313,30911 Protection Trip (Earth fault) value,1280
30911,JED-NTH-FRSH-37,30911_PROT_TRIP_PH_FLT,1281,JED-NTH ABH AH313,30911 Protection Trip (Phase fault) value,1281
30911,JED-NTH-FRSH-37,30911_Y1-RMU30826_ST,11000,JED-NTH ABH AH313,30911 Y1 state,11000
30911,JED-NTH-FRSH-37,30911_TR1-RMU30911_ST,11001,JED-NTH ABH AH313,30911 Q1 state,11001
30911,JED-NTH-FRSH-37,30911_Y2-RMU30835_ST,11002,JED-NTH ABH AH313,30911 Y2 state,11002
30911,JED-NTH-FRSH-37,30911_LR,11004,JED-NTH ABH AH313,30911 Remote/Local value,11004
30911,JED-NTH-FRSH-37,30911_Y1-RMU30826_AMP_A,13015,JED-NTH ABH AH313,30911 Y1 i_a_value(A),13015
30911,JED-NTH-FRSH-37,30911_Y1-RMU30826_AMP_B,13016,JED-NTH ABH AH313,30911 Y1 i_b_value(A),13016
30911,JED-NTH-FRSH-37,30911_Y1-RMU30826_AMP_C,13017,JED-NTH ABH AH313,30911 Y1 i_c_value(A),13017
30911,JED-NTH-FRSH-37,30911_Y1-RMU30826_AMP_N,13018,JED-NTH ABH AH313,30911 Y1 i_n_value(A),13018
30911,JED-NTH-FRSH-37,30911_TR1-RMU30911_AMP_A,13019,JED-NTH ABH AH313,30911 Q1 i_a_value(A),13019
30911,JED-NTH-FRSH-37,30911_TR1-RMU30911_AMP_B,13020,JED-NTH ABH AH313,30911 Q1 i_b_value(A),13020
30911,JED-NTH-FRSH-37,30911_TR1-RMU30911_AMP_C,13021,JED-NTH ABH AH313,30911 Q1 i_c_value(A),13021
30911,JED-NTH-FRSH-37,30911_TR1-RMU30911_AMP_N,13022,JED-NTH ABH AH313,30911 Q1 i_n_value(A),13022
30911,JED-NTH-FRSH-37,30911_Y2-RMU30835_AMP_A,13023,JED-NTH ABH AH313,30911 Y2 i_a_value(A),13023
30911,JED-NTH-FRSH-37,30911_Y2-RMU30835_AMP_B,13024,JED-NTH ABH AH313,30911 Y2 i_b_value(A),13024
30911,JED-NTH-FRSH-37,30911_Y2-RMU30835_AMP_C,13025,JED-NTH ABH AH313,30911 Y2 i_c_value(A),13025
30911,JED-NTH-FRSH-37,30911_Y2-RMU30835_AMP_N,13026,JED-NTH ABH AH313,30911 Y2 i_n_value(A),13026
30911,,,,JED-NTH ABH AH313,30911 Y1 S(kVA),13057
30911,,,,JED-NTH ABH AH313,30911 Y1 P(kW),13058
30911,,,,JED-NTH ABH AH313,30911 Y1 Q(kVar),13059
30911,JED-NTH-FRSH-37,30911_TR1-RMU30911_VOLT_A,13060,JED-NTH ABH AH313,30911 Q1 u_ab_value(kV),13060
30911,JED-NTH-FRSH-37,30911_TR1-RMU30911_VOLT_B,13061,JED-NTH ABH AH313,30911 Q1 u_bc_value(kV),13061
30911,JED-NTH-FRSH-37,30911_TR1-RMU30911_VOLT_C,13062,JED-NTH ABH AH313,30911 Q1 u_ca_value(kV),13062
30911,JED-NTH-FRSH-37,30911_TR1-RMU30911_VOLT_N,13063,JED-NTH ABH AH313,30911 Q1 u_n_value(kV),13063
30911,JED-NTH-FRSH-37,30911_TR1-RMU30911_KVA,13064,JED-NTH ABH AH313,30911 Q1 S(kVA),13064
30911,JED-NTH-FRSH-37,30911_Y1-RMU30826_KVA,13064,,,
30911,JED-NTH-FRSH-37,30911_TR1-RMU30911_KW,13065,JED-NTH ABH AH313,30911 Q1 P(kW),13065
30911,JED-NTH-FRSH-37,30911_Y1-RMU30826_KW,13065,,,
30911,JED-NTH-FRSH-37,30911_TR1-RMU30911_KVAR,13066,JED-NTH ABH AH313,30911 Q1 Q(kVar),13066
30911,JED-NTH-FRSH-37,30911_Y1-RMU30826_KVAR,13066,,,
30911,JED-NTH-FRSH-37,30911_TR1-RMU30911_PF,13067,JED-NTH ABH AH313,30911 Q1 Power factor,13067
30911,,,,JED-NTH ABH AH313,30911 Y2 S(kVA),13068
30911,,,,JED-NTH ABH AH313,30911 Y2 P(kW),13069
30911,,,,JED-NTH ABH AH313,30911 Y2 Q(kVar),13070
31241,JED-NTH-ABN-30,31241_Y1-RMU33493_CMD,1,JED-NTH ABH AH308,31241 Y1 CMD,1
31241,JED-NTH-ABN-30,31241_TR1-RMU31241_CMD,5,JED-NTH ABH AH308,31241 Q1 CMD,5
31241,JED-NTH-ABN-30,31241_Y2-RMU10689_CMD,9,JED-NTH ABH AH308,31241 Y2 CMD,9
31241,JED-NTH-ABN-30,31241_Y1-RMU33493_ST_LOCK,1000,JED-NTH ABH AH308,31241 Y1/Lock/Unlock indication value,1000
31241,JED-NTH-ABN-30,31241_Y1-RMU33493_ST_GND,1001,JED-NTH ABH AH308,31241 KY1 state,1001
31241,JED-NTH-ABN-30,31241_TR1-RMU31241_ST_LOCK,1002,JED-NTH ABH AH308,31241 Q1/Lock/Unlock indication value,1002
31241,JED-NTH-ABN-30,31241_TR1-RMU31241_ST_GND,1003,JED-NTH ABH AH308,31241 KQ1 state,1003
31241,JED-NTH-ABN-30,31241_Y2-RMU10689_ST_LOCK,1004,JED-NTH ABH AH308,31241 Y2/Lock/Unlock indication value,1004
31241,JED-NTH-ABN-30,31241_Y2-RMU10689_ST_GND,1005,JED-NTH ABH AH308,31241 KY2 state,1005
31241,JED-NTH-ABN-30,31241_BATT_LOW,1008,JED-NTH ABH AH308,31241 Battery low value,1008
31241,JED-NTH-ABN-30,31241_GAS_LOW,1009,JED-NTH ABH AH308,31241 Gas low value,1009
31241,JED-NTH-ABN-30,31241_AC_FAIL,1010,JED-NTH ABH AH308,31241 AC power fail value,1010
31241,JED-NTH-ABN-30,31241_DOOR_OPENED,1011,JED-NTH ABH AH308,31241 Door open value,1011
31241,JED-NTH-ABN-30,31241_DC_ST,1012,JED-NTH ABH AH308,31241 DC power fail value,1012
31241,JED-NTH-ABN-30,31241_MOTOR_CRT_FAIL,1013,JED-NTH ABH AH308,31241 Motor circuit fail value,1013
31241,JED-NTH-ABN-30,31241_RTU_FAIL,1277,JED-NTH ABH AH308,31241 RTU Self diagnostic value,1277
31241,JED-NTH-ABN-30,31241_EFI,1278,JED-NTH ABH AH308,31241 EFI (Fault indication) value,1278
31241,JED-NTH-ABN-30,31241_PROT_HEALTH,1279,JED-NTH ABH AH308,31241 Protection Health value,1279
31241,JED-NTH-ABN-30,31241_PROT_TRIP_EFI,1280,JED-NTH ABH AH308,31241 Protection Trip (Earth fault) value,1280
31241,JED-NTH-ABN-30,31241_PROT_TRIP_PH_FLT,1281,JED-NTH ABH AH308,31241 Protection Trip (Phase fault) value,1281
31241,JED-NTH-ABN-30,31241_Y1-RMU33493_ST,11000,JED-NTH ABH AH308,31241 Y1 state,11000
31241,JED-NTH-ABN-30,31241_TR1-RMU31241_ST,11001,JED-NTH ABH AH308,31241 Q1 state,11001
31241,JED-NTH-ABN-30,31241_Y2-RMU10689_ST,11002,JED-NTH ABH AH308,31241 Y2 state,11002
31241,JED-NTH-ABN-30,31241_LR,11004,JED-NTH ABH AH308,31241 Remote/Local value,11004
31241,JED-NTH-ABN-30,31241_Y1-RMU33493_AMP_A,13015,JED-NTH ABH AH308,31241 Y1 i_a_value(A),13015
31241,JED-NTH-ABN-30,31241_Y1-RMU33493_AMP_B,13016,JED-NTH ABH AH308,31241 Y1 i_b_value(A),13016
31241,JED-NTH-ABN-30,31241_Y1-RMU33493_AMP_C,13017,JED-NTH ABH AH308,31241 Y1 i_c_value(A),13017
31241,JED-NTH-ABN-30,31241_Y1-RMU33493_AMP_N,13018,JED-NTH ABH AH308,31241 Y1 i_n_value(A),13018
31241,JED-NTH-ABN-30,31241_TR1-RMU31241_AMP_A,13019,JED-NTH ABH AH308,31241 Q1 i_a_value(A),13019
31241,JED-NTH-ABN-30,31241_TR1-RMU31241_AMP_B,13020,JED-NTH ABH AH308,31241 Q1 i_b_value(A),13020
31241,JED-NTH-ABN-30,31241_TR1-RMU31241_AMP_C,13021,JED-NTH ABH AH308,31241 Q1 i_c_value(A),13021
31241,JED-NTH-ABN-30,31241_TR1-RMU31241_AMP_N,13022,JED-NTH ABH AH308,31241 Q1 i_n_value(A),13022
31241,JED-NTH-ABN-30,31241_Y2-RMU10689_AMP_A,13023,JED-NTH ABH AH308,31241 Y2 i_a_value(A),13023
31241,JED-NTH-ABN-30,31241_Y2-RMU10689_AMP_B,13024,JED-NTH ABH AH308,31241 Y2 i_b_value(A),13024
31241,JED-NTH-ABN-30,31241_Y2-RMU10689_AMP_C,13025,JED-NTH ABH AH308,31241 Y2 i_c_value(A),13025
31241,JED-NTH-ABN-30,31241_Y2-RMU10689_AMP_N,13026,JED-NTH ABH AH308,31241 Y2 i_n_value(A),13026
31241,,,,JED-NTH ABH AH308,31241 Y1 S(kVA),13057
31241,,,,JED-NTH ABH AH308,31241 Y1 P(kW),13058
31241,,,,JED-NTH ABH AH308,31241 Y1 Q(kVar),13059
31241,JED-NTH-ABN-30,31241_TR1-RMU31241_VOLT_A,13060,JED-NTH ABH AH308,31241 Q1 u_ab_value(kV),13060
31241,JED-NTH-ABN-30,31241_TR1-RMU31241_VOLT_B,13061,JED-NTH ABH AH308,31241 Q1 u_bc_value(kV),13061
31241,JED-NTH-ABN-30,31241_TR1-RMU31241_VOLT_C,13062,JED-NTH ABH AH308,31241 Q1 u_ca_value(kV),13062
31241,JED-NTH-ABN-30,31241_TR1-RMU31241_VOLT_N,13063,JED-NTH ABH AH308,31241 Q1 u_n_value(kV),13063
31241,JED-NTH-ABN-30,31241_TR1-RMU31241_KVA,13064,JED-NTH ABH AH308,31241 Q1 S(kVA),13064
31241,JED-NTH-ABN-30,31241_Y2-RMU10689_KVA,13064,,,
31241,JED-NTH-ABN-30,31241_TR1-RMU31241_KW,13065,JED-NTH ABH AH308,31241 Q1 P(kW),13065
31241,JED-NTH-ABN-30,31241_Y2-RMU10689_KW,13065,,,
31241,JED-NTH-ABN-30,31241_TR1-RMU31241_KVAR,13066,JED-NTH ABH AH308,31241 Q1 Q(kVar),13066
31241,JED-NTH-ABN-30,31241_Y2-RMU10689_KVAR,13066,,,
31241,JED-NTH-ABN-30,31241_TR1-RMU31241_PF,13067,JED-NTH ABH AH308,31241 Q1 Power factor,13067
31241,,,,JED-NTH ABH AH308,31241 Y2 S(kVA),13068
31241,,,,JED-NTH ABH AH308,31241 Y2 P(kW),13069
31241,,,,JED-NTH ABH AH308,31241 Y2 Q(kVar),13070
32919,JED-NTH-JUAS-23,32919_Y1-RMU40170_CMD,1,JED-NTH ABH AH321,32919 Y1 CMD,1
32919,JED-NTH-JUAS-23,32919_TR1-RMU32919_CMD,5,JED-NTH ABH AH321,32919 Q1 CMD,5
32919,JED-NTH-JUAS-23,32919_TR2-RMU32919_CMD,9,JED-NTH ABH AH321,32919 Q2 CMD,9
32919,JED-NTH-JUAS-23,32919_Y2-RMU32937_CMD,13,JED-NTH ABH AH321,32919 Y2 CMD,13
32919,JED-NTH-JUAS-23,32919_Y1-RMU40170_ST_LOCK,1000,JED-NTH ABH AH321,32919 Y1/Lock/Unlock indication value,1000
32919,JED-NTH-JUAS-23,32919_Y1-RMU40170_ST_GND,1001,JED-NTH ABH AH321,32919 KY1 state,1001
32919,JED-NTH-JUAS-23,32919_TR1-RMU32919_ST_LOCK,1002,JED-NTH ABH AH321,32919 Q1/Lock/Unlock indication value,1002
32919,JED-NTH-JUAS-23,32919_TR1-RMU32919_ST_GND,1003,JED-NTH ABH AH321,32919 KQ1 state,1003
32919,JED-NTH-JUAS-23,32919_TR2-RMU32919_ST_LOCK,1004,JED-NTH ABH AH321,32919 Q2/Lock/Unlock indication value,1004
32919,JED-NTH-JUAS-23,32919_TR2-RMU32919_ST_GND,1005,JED-NTH ABH AH321,32919 KQ2 state,1005
32919,JED-NTH-JUAS-23,32919_Y2-RMU32937_ST_LOCK,1006,JED-NTH ABH AH321,32919 Y2/Lock/Unlock indication value,1006
32919,JED-NTH-JUAS-23,32919_Y2-RMU32937_ST_GND,1007,JED-NTH ABH AH321,32919 KY2 state,1007
32919,JED-NTH-JUAS-23,32919_BATT_LOW,1008,JED-NTH ABH AH321,32919 Battery low value,1008
32919,JED-NTH-JUAS-23,32919_GAS_LOW,1009,JED-NTH ABH AH321,32919 Gas low value,1009
32919,JED-NTH-JUAS-23,32919_AC_FAIL,1010,JED-NTH ABH AH321,32919 AC power fail value,1010
32919,JED-NTH-JUAS-23,32919_DOOR_OPENED,1011,JED-NTH ABH AH321,32919 Door open value,1011
32919,JED-NTH-JUAS-23,32919_DC_ST,1012,JED-NTH ABH AH321,32919 DC power fail value,1012
32919,JED-NTH-JUAS-23,32919_MOTOR_CRT_FAIL,1013,,,
32919,JED-NTH-JUAS-23,32919_RTU_FAIL,1277,JED-NTH ABH AH321,32919 RTU Self diagnostic value,1277
32919,JED-NTH-JUAS-23,32919_EFI,1278,JED-NTH ABH AH321,32919 EFI (Fault indication) value,1278
32919,JED-NTH-JUAS-23,32919_TR1-RMU32919_PROT_HEALTH,1279,JED-NTH ABH AH321,32919 Q1/Protection Health value,1279
32919,JED-NTH-JUAS-23,32919_TR1-RMU32919_PROT_TRIP_EFI,1280,JED-NTH ABH AH321,32919 Q1/Protection Trip (Earth fault) value,1280
32919,JED-NTH-JUAS-23,32919_TR1-RMU32919_PROT_TRIP_PH_FLT,1281,JED-NTH ABH AH321,32919 Q1/Protection Trip (Phase fault) value,1281
32919,JED-NTH-JUAS-23,32919_TR2-RMU32919_PROT_HEALTH,1282,JED-NTH ABH AH321,32919 Q2/Protection Health value,1282
32919,JED-NTH-JUAS-23,32919_TR2-RMU32919_PROT_TRIP_EFI,1283,JED-NTH ABH AH321,32919 Q2/Protection Trip (Earth fault) value,1283
32919,JED-NTH-JUAS-23,32919_TR2-RMU32919_PROT_TRIP_PH_FLT,1284,JED-NTH ABH AH321,32919 Q2/Protection Trip (Phase fault) value,1284
32919,JED-NTH-JUAS-23,32919_Y1-RMU40170_ST,11000,JED-NTH ABH AH321,32919 Y1 state,11000
32919,JED-NTH-JUAS-23,32919_TR1-RMU32919_ST,11001,JED-NTH ABH AH321,32919 Q1 state,11001
32919,JED-NTH-JUAS-23,32919_TR2-RMU32919_ST,11002,JED-NTH ABH AH321,32919 Q2 state,11002
32919,JED-NTH-JUAS-23,32919_Y2-RMU32937_ST,11003,JED-NTH ABH AH321,32919 Y2 state,11003
32919,JED-NTH-JUAS-23,32919_LR,11004,JED-NTH ABH AH321,32919 Remote/Local value,11004
32919,JED-NTH-JUAS-23,32919_Y1-RMU40170_AMP_A,13015,JED-NTH ABH AH321,32919 Y1 i_a_value(A),13015
32919,JED-NTH-JUAS-23,32919_Y1-RMU40170_AMP_B,13016,JED-NTH ABH AH321,32919 Y1 i_b_value(A),13016
32919,JED-NTH-JUAS-23,32919_Y1-RMU40170_AMP_C,13017,JED-NTH ABH AH321,32919 Y1 i_c_value(A),13017
32919,JED-NTH-JUAS-23,32919_Y1-RMU40170_AMP_N,13018,JED-NTH ABH AH321,32919 Y1 i_n_value(A),13018
32919,JED-NTH-JUAS-23,32919_TR1-RMU32919_AMP_A,13019,JED-NTH ABH AH321,32919 Q1 i_a_value(A),13019
32919,JED-NTH-JUAS-23,32919_TR1-RMU32919_AMP_B,13020,JED-NTH ABH AH321,32919 Q1 i_b_value(A),13020
32919,JED-NTH-JUAS-23,32919_TR1-RMU32919_AMP_C,13021,JED-NTH ABH AH321,32919 Q1 i_c_value(A),13021
32919,JED-NTH-JUAS-23,32919_TR1-RMU32919_AMP_N,13022,JED-NTH ABH AH321,32919 Q1 i_n_value(A),13022
32919,JED-NTH-JUAS-23,32919_TR2-RMU32919_AMP_A,13023,JED-NTH ABH AH321,32919 Q2 i_a_value(A),13023
32919,JED-NTH-JUAS-23,32919_TR2-RMU32919_AMP_B,13024,JED-NTH ABH AH321,32919 Q2 i_b_value(A),13024
32919,JED-NTH-JUAS-23,32919_TR2-RMU32919_AMP_C,13025,JED-NTH ABH AH321,32919 Q2 i_c_value(A),13025
32919,JED-NTH-JUAS-23,32919_TR2-RMU32919_AMP_N,13026,JED-NTH ABH AH321,32919 Q2 i_n_value(A),13026
32919,JED-NTH-JUAS-23,32919_Y2-RMU32937_AMP_A,13027,JED-NTH ABH AH321,32919 Y2 i_a_value(A),13027
32919,JED-NTH-JUAS-23,32919_Y2-RMU32937_AMP_B,13028,JED-NTH ABH AH321,32919 Y2 i_b_value(A),13028
32919,JED-NTH-JUAS-23,32919_Y2-RMU32937_AMP_C,13029,JED-NTH ABH AH321,32919 Y2 i_c_value(A),13029
32919,JED-NTH-JUAS-23,32919_Y2-RMU32937_AMP_N,13030,JED-NTH ABH AH321,32919 Y2 i_n_value(A),13030
32919,JED-NTH-JUAS-23,32919_Y1-RMU40170_KVA,13057,JED-NTH ABH AH321,32919 Y1 S(kVA),13057
32919,JED-NTH-JUAS-23,32919_Y1-RMU40170_KW,13058,JED-NTH ABH AH321,32919 Y1 P(kW),13058
32919,JED-NTH-JUAS-23,32919_Y1-RMU40170_KVAR,13059,JED-NTH ABH AH321,32919 Y1 Q(kVar),13059
32919,JED-NTH-JUAS-23,32919_TR1-RMU32919_KVA,13060,JED-NTH ABH AH321,32919 Q1 S(kVA),13060
32919,JED-NTH-JUAS-23,32919_TR1-RMU32919_KW,13061,JED-NTH ABH AH321,32919 Q1 P(kW),13061
32919,JED-NTH-JUAS-23,32919_TR1-RMU32919_KVAR,13062,JED-NTH ABH AH321,32919 Q1 Q(kVar),13062
32919,JED-NTH-JUAS-23,32919_TR2-RMU32919_VOLT_A,13063,JED-NTH ABH AH321,32919 Q2 u_ab_value(kV),13063
32919,JED-NTH-JUAS-23,32919_TR2-RMU32919_VOLT_B,13064,JED-NTH ABH AH321,32919 Q2 u_bc_value(kV),13064
32919,JED-NTH-JUAS-23,32919_TR2-RMU32919_VOLT_C,13065,JED-NTH ABH AH321,32919 Q2 u_ca_value(kV),13065
32919,JED-NTH-JUAS-23,32919_TR2-RMU32919_VOLT_N,13066,JED-NTH ABH AH321,32919 Q2 u_n_value(kV),13066
32919,JED-NTH-JUAS-23,32919_TR2-RMU32919_KVA,13067,JED-NTH ABH AH321,32919 Q2 S(kVA),13067
32919,JED-NTH-JUAS-23,32919_TR2-RMU32919_KW,13068,JED-NTH ABH AH321,32919 Q2 P(kW),13068
32919,JED-NTH-JUAS-23,32919_TR2-RMU32919_KVAR,13069,JED-NTH ABH AH321,32919 Q2 Q(kVar),13069
32919,JED-NTH-JUAS-23,32919_TR2-RMU32919_PF,13070,JED-NTH ABH AH321,32919 Q2 Power factor,13070
32919,JED-NTH-JUAS-23,32919_Y2-RMU32937_KVA,13071,JED-NTH ABH AH321,32919 Y2 S(kVA),13071
32919,JED-NTH-JUAS-23,32919_Y2-RMU32937_KW,13072,JED-NTH ABH AH321,32919 Y2 P(kW),13072
32919,JED-NTH-JUAS-23,32919_Y2-RMU32937_KVAR,13073,JED-NTH ABH AH321,32919 Y2 Q(kVar),13073
33198,JED-NTH-HHR2-44,33198_Y1-RMU29800_CMD,1,JED-NTH ABH AH314,33198 Y1 CMD,1
33198,JED-NTH-HHR2-44,33198_TR1-RMU333198_CMD,5,JED-NTH ABH AH314,33198 Y2 CMD,5
33198,JED-NTH-HHR2-44,33198_Y2-RMU39418_CMD,9,JED-NTH ABH AH314,33198 Q1 CMD,9
33198,,,,JED-NTH ABH AH314,33198 Y3 CMD,13
33198,JED-NTH-HHR2-44,33198_Y1-RMU29800_ST_LOCK,1000,JED-NTH ABH AH314,33198 Y1/Lock/Unlock indication value,1000
33198,JED-NTH-HHR2-44,33198_Y1-RMU29800_ST_GND,1001,JED-NTH ABH AH314,33198 KY1 state,1001
33198,JED-NTH-HHR2-44,33198_TR1-RMU333198_ST_LOCK,1002,JED-NTH ABH AH314,33198 Y2/Lock/Unlock indication value,1002
33198,JED-NTH-HHR2-44,33198_TR1-RMU333198_ST_GND,1003,JED-NTH ABH AH314,33198 KY2 state,1003
33198,JED-NTH-HHR2-44,33198_Y2-RMU39418_ST_LOCK,1004,JED-NTH ABH AH314,33198 Q1/Lock/Unlock indication value,1004
33198,JED-NTH-HHR2-44,33198_Y2-RMU39418_ST_GND,1005,JED-NTH ABH AH314,33198 KQ1 state,1005
33198,,,,JED-NTH ABH AH314,33198 Y3/Lock/Unlock indication value,1006
33198,,,,JED-NTH ABH AH314,33198 KY3 state,1007
33198,JED-NTH-HHR2-44,33198_BATT_LOW,1008,JED-NTH ABH AH314,33198 Battery low value,1008
33198,JED-NTH-HHR2-44,33198_GAS_LOW,1009,JED-NTH ABH AH314,33198 Gas low value,1009
33198,JED-NTH-HHR2-44,33198_AC_FAIL,1010,JED-NTH ABH AH314,33198 AC power fail value,1010
33198,JED-NTH-HHR2-44,33198_DOOR_OPENED,1011,JED-NTH ABH AH314,33198 Door open value,1011
33198,JED-NTH-HHR2-44,33198_DC_ST,1012,JED-NTH ABH AH314,33198 DC power fail value,1012
33198,JED-NTH-HHR2-44,33198_MOTOR_CRT_FAIL,1013,JED-NTH ABH AH314,33198 Motor circuit fail value,1013
33198,JED-NTH-HHR2-44,33198_RTU_FAIL,1277,JED-NTH ABH AH314,33198 RTU Self diagnostic value,1277
33198,JED-NTH-HHR2-44,33198_EFI,1278,JED-NTH ABH AH314,33198 EFI (Fault indication) value,1278
33198,JED-NTH-HHR2-44,33198_PROT_HEALTH,1279,JED-NTH ABH AH314,33198 Protection Health value,1279
33198,JED-NTH-HHR2-44,33198_PROT_TRIP_EFI,1280,JED-NTH ABH AH314,33198 Protection Trip (Earth fault) value,1280
33198,JED-NTH-HHR2-44,33198_PROT_TRIP_PH_FLT,1281,JED-NTH ABH AH314,33198 Protection Trip (Phase fault) value,1281
33198,JED-NTH-HHR2-44,33198_Y1-RMU29800_ST,11000,JED-NTH ABH AH314,33198 Y1 state,11000
33198,JED-NTH-HHR2-44,33198_TR1-RMU333198_ST,11001,JED-NTH ABH AH314,33198 Y2 state,11001
33198,JED-NTH-HHR2-44,33198_Y2-RMU39418_ST,11002,JED-NTH ABH AH314,33198 Q1 state,11002
33198,,,,JED-NTH ABH AH314,33198 Y3 state,11003
33198,JED-NTH-HHR2-44,33198_LR,11004,JED-NTH ABH AH314,33198 Remote/Local value,11004
33198,JED-NTH-HHR2-44,33198_Y1-RMU29800_AMP_A,13015,JED-NTH ABH AH314,33198 Y1 i_a_value(A),13015
33198,JED-NTH-HHR2-44,33198_Y1-RMU29800_AMP_B,13016,JED-NTH ABH AH314,33198 Y1 i_b_value(A),13016
33198,JED-NTH-HHR2-44,33198_Y1-RMU29800_AMP_C,13017,JED-NTH ABH AH314,33198 Y1 i_c_value(A),13017
33198,JED-NTH-HHR2-44,33198_Y1-RMU29800_AMP_N,13018,JED-NTH ABH AH314,33198 Y1 i_n_value(A),13018
33198,JED-NTH-HHR2-44,33198_TR1-RMU333198_AMP_A,13019,JED-NTH ABH AH314,33198 Y2 i_a_value(A),13019
33198,JED-NTH-HHR2-44,33198_TR1-RMU333198_AMP_B,13020,JED-NTH ABH AH314,33198 Y2 i_b_value(A),13020
33198,JED-NTH-HHR2-44,33198_TR1-RMU333198_AMP_C,13021,JED-NTH ABH AH314,33198 Y2 i_c_value(A),13021
33198,JED-NTH-HHR2-44,33198_TR1-RMU333198_AMP_N,13022,JED-NTH ABH AH314,33198 Y2 i_n_value(A),13022
33198,JED-NTH-HHR2-44,33198_Y2-RMU39418_AMP_A,13023,JED-NTH ABH AH314,33198 Q1 i_a_value(A),13023
33198,JED-NTH-HHR2-44,33198_Y2-RMU39418_AMP_B,13024,JED-NTH ABH AH314,33198 Q1 i_b_value(A),13024
33198,JED-NTH-HHR2-44,33198_Y2-RMU39418_AMP_C,13025,JED-NTH ABH AH314,33198 Q1 i_c_value(A),13025
33198,JED-NTH-HHR2-44,33198_Y2-RMU39418_AMP_N,13026,JED-NTH ABH AH314,33198 Q1 i_n_value(A),13026
33198,,,,JED-NTH ABH AH314,33198 Y3 i_a_value(A),13027
33198,,,,JED-NTH ABH AH314,33198 Y3 i_b_value(A),13028
33198,,,,JED-NTH ABH AH314,33198 Y3 i_c_value(A),13029
33198,,,,JED-NTH ABH AH314,33198 Y3 i_n_value(A),13030
33198,,,,JED-NTH ABH AH314,33198 Y1 S(kVA),13057
33198,,,,JED-NTH ABH AH314,33198 Y1 P(kW),13058
33198,,,,JED-NTH ABH AH314,33198 Y1 Q(kVar),13059
33198,JED-NTH-HHR2-44,33198_TR1-RMU333198_VOLT_A,13060,JED-NTH ABH AH314,33198 Y2 S(kVA),13060
33198,JED-NTH-HHR2-44,33198_TR1-RMU333198_VOLT_B,13061,JED-NTH ABH AH314,33198 Y2 P(kW),13061
33198,JED-NTH-HHR2-44,33198_TR1-RMU333198_VOLT_C,13062,JED-NTH ABH AH314,33198 Y2 Q(kVar),13062
33198,JED-NTH-HHR2-44,33198_TR1-RMU333198_VOLT_N,13063,JED-NTH ABH AH314,33198 Q1 u_ab_value(kV),13063
33198,JED-NTH-HHR2-44,33198_TR1-RMU333198_KVA,13064,JED-NTH ABH AH314,33198 Q1 u_bc_value(kV),13064
33198,JED-NTH-HHR2-44,33198_Y2-RMU39418_KVA,13064,,,
33198,JED-NTH-HHR2-44,33198_TR1-RMU333198_KW,13065,JED-NTH ABH AH314,33198 Q1 u_ca_value(kV),13065
33198,JED-NTH-HHR2-44,33198_Y2-RMU39418_KW,13065,,,
33198,JED-NTH-HHR2-44,33198_TR1-RMU333198_KVAR,13066,JED-NTH ABH AH314,33198 Q1 u_n_value(kV),13066
33198,JED-NTH-HHR2-44,33198_Y2-RMU39418_KVAR,13066,,,
33198,JED-NTH-HHR2-44,33198_TR1-RMU333198_PF,13067,JED-NTH ABH AH314,33198 Q1 S(kVA),13067
33198,,,,JED-NTH ABH AH314,33198 Q1 P(kW),13068
33198,,,,JED-NTH ABH AH314,33198 Q1 Q(kVar),13069
33198,,,,JED-NTH ABH AH314,33198 Q1 Power factor,13070
33198,,,,JED-NTH ABH AH314,33198 Y3 S(kVA),13071
33198,,,,JED-NTH ABH AH314,33198 Y3 P(kW),13072
33198,,,,JED-NTH ABH AH314,33198 Y3 Q(kVar),13073
33284,JED-NTH-FRDS-44,33284_Y1-RMU32010_CMD,1,JED-NTH ABH AH314,33284 Y1 CMD,1
33284,JED-NTH-FRDS-44,33284_TR1-RMU33284_CMD,5,JED-NTH ABH AH314,33284 Q1 CMD,5
33284,JED-NTH-FRDS-44,33284_Y2-RMU29776_CMD,9,JED-NTH ABH AH314,33284 Y2 CMD,9
33284,JED-NTH-FRDS-44,33284_Y1-RMU32010_ST_LOCK,1000,JED-NTH ABH AH314,33284 Y1/Lock/Unlock indication value,1000
33284,JED-NTH-FRDS-44,33284_Y1-RMU32010_ST_GND,1001,JED-NTH ABH AH314,33284 KY1 state,1001
33284,JED-NTH-FRDS-44,33284_TR1-RMU33284_ST_LOCK,1002,JED-NTH ABH AH314,33284 Q1/Lock/Unlock indication value,1002
33284,JED-NTH-FRDS-44,33284_TR1-RMU33284_ST_GND,1003,JED-NTH ABH AH314,33284 KQ1 state,1003
33284,JED-NTH-FRDS-44,33284_Y2-RMU29776_ST_LOCK,1004,JED-NTH ABH AH314,33284 Y2/Lock/Unlock indication value,1004
33284,JED-NTH-FRDS-44,33284_Y2-RMU29776_ST_GND,1005,JED-NTH ABH AH314,33284 KY2 state,1005
33284,JED-NTH-FRDS-44,33284_BATT_LOW,1008,JED-NTH ABH AH314,33284 Battery low value,1008
33284,JED-NTH-FRDS-44,33284_GAS_LOW,1009,JED-NTH ABH AH314,33284 Gas low value,1009
33284,JED-NTH-FRDS-44,33284_AC_FAIL,1010,JED-NTH ABH AH314,33284 AC power fail value,1010
33284,JED-NTH-FRDS-44,33284_DOOR_OPENED,1011,JED-NTH ABH AH314,33284 Door open value,1011
33284,JED-NTH-FRDS-44,33284_DC_ST,1012,JED-NTH ABH AH314,33284 DC power fail value,1012
33284,JED-NTH-FRDS-44,33284_MOTOR_CRT_FAIL,1013,JED-NTH ABH AH314,33284 Motor circuit fail value,1013
33284,JED-NTH-FRDS-44,33284_RTU_FAIL,1277,JED-NTH ABH AH314,33284 RTU Self diagnostic value,1277
33284,JED-NTH-FRDS-44,33284_EFI,1278,JED-NTH ABH AH314,33284 EFI (Fault indication) value,1278
33284,JED-NTH-FRDS-44,33284_PROT_HEALTH,1279,JED-NTH ABH AH314,33284 Protection Health value,1279
33284,JED-NTH-FRDS-44,33284_PROT_TRIP_EFI,1280,JED-NTH ABH AH314,33284 Protection Trip (Earth fault) value,1280
33284,JED-NTH-FRDS-44,33284_PROT_TRIP_PH_FLT,1281,JED-NTH ABH AH314,33284 Protection Trip (Phase fault) value,1281
33284,JED-NTH-FRDS-44,33284_Y1-RMU32010_ST,11000,JED-NTH ABH AH314,33284 Y1 state,11000
33284,JED-NTH-FRDS-44,33284_TR1-RMU33284_ST,11001,JED-NTH ABH AH314,33284 Q1 state,11001
33284,JED-NTH-FRDS-44,33284_Y2-RMU29776_ST,11002,JED-NTH ABH AH314,33284 Y2 state,11002
33284,JED-NTH-FRDS-44,33284_LR,11004,JED-NTH ABH AH314,33284 Remote/Local value,11004
33284,JED-NTH-FRDS-44,33284_Y1-RMU32010_AMP_A,13015,JED-NTH ABH AH314,33284 Y1 i_a_value(A),13015
33284,JED-NTH-FRDS-44,33284_Y1-RMU32010_AMP_B,13016,JED-NTH ABH AH314,33284 Y1 i_b_value(A),13016
33284,JED-NTH-FRDS-44,33284_Y1-RMU32010_AMP_C,13017,JED-NTH ABH AH314,33284 Y1 i_c_value(A),13017
33284,JED-NTH-FRDS-44,33284_Y1-RMU32010_AMP_N,13018,JED-NTH ABH AH314,33284 Y1 i_n_value(A),13018
33284,JED-NTH-FRDS-44,33284_TR1-RMU33284_AMP_A,13019,JED-NTH ABH AH314,33284 Q1 i_a_value(A),13019
33284,JED-NTH-FRDS-44,33284_TR1-RMU33284_AMP_B,13020,JED-NTH ABH AH314,33284 Q1 i_b_value(A),13020
33284,JED-NTH-FRDS-44,33284_TR1-RMU33284_AMP_C,13021,JED-NTH ABH AH314,33284 Q1 i_c_value(A),13021
33284,JED-NTH-FRDS-44,33284_TR1-RMU33284_AMP_N,13022,JED-NTH ABH AH314,33284 Q1 i_n_value(A),13022
33284,JED-NTH-FRDS-44,33284_Y2-RMU29776_AMP_A,13023,JED-NTH ABH AH314,33284 Y2 i_a_value(A),13023
33284,JED-NTH-FRDS-44,33284_Y2-RMU29776_AMP_B,13024,JED-NTH ABH AH314,33284 Y2 i_b_value(A),13024
33284,JED-NTH-FRDS-44,33284_Y2-RMU29776_AMP_C,13025,JED-NTH ABH AH314,33284 Y2 i_c_value(A),13025
33284,JED-NTH-FRDS-44,33284_Y2-RMU29776_AMP_N,13026,JED-NTH ABH AH314,33284 Y2 i_n_value(A),13026
33284,,,,JED-NTH ABH AH314,33284 Y1 S(kVA),13057
33284,,,,JED-NTH ABH AH314,33284 Y1 P(kW),13058
33284,,,,JED-NTH ABH AH314,33284 Y1 Q(kVar),13059
33284,JED-NTH-FRDS-44,33284_TR1-RMU33284_VOLT_A,13060,JED-NTH ABH AH314,33284 Q1 u_ab_value(kV),13060
33284,JED-NTH-FRDS-44,33284_TR1-RMU33284_VOLT_B,13061,JED-NTH ABH AH314,33284 Q1 u_bc_value(kV),13061
33284,JED-NTH-FRDS-44,33284_TR1-RMU33284_VOLT_C,13062,JED-NTH ABH AH314,33284 Q1 u_ca_value(kV),13062
33284,JED-NTH-FRDS-44,33284_TR1-RMU33284_VOLT_N,13063,JED-NTH ABH AH314,33284 Q1 u_n_value(kV),13063
33284,JED-NTH-FRDS-44,33284_TR1-RMU33284_KVA,13064,JED-NTH ABH AH314,33284 Q1 S(kVA),13064
33284,JED-NTH-FRDS-44,33284_Y2-RMU29776_KVA,13064,,,
33284,JED-NTH-FRDS-44,33284_TR1-RMU33284_KW,13065,JED-NTH ABH AH314,33284 Q1 P(kW),13065
33284,JED-NTH-FRDS-44,33284_Y2-RMU29776_KW,13065,,,
33284,JED-NTH-FRDS-44,33284_TR1-RMU33284_KVAR,13066,JED-NTH ABH AH314,33284 Q1 Q(kVar),13066
33284,JED-NTH-FRDS-44,33284_Y2-RMU29776_KVAR,13066,,,
33284,JED-NTH-FRDS-44,33284_TR1-RMU33284_PF,13067,JED-NTH ABH AH314,33284 Q1 Power factor,13067
33284,,,,JED-NTH ABH AH314,33284 Y2 S(kVA),13068
33284,,,,JED-NTH ABH AH314,33284 Y2 P(kW),13069
33284,,,,JED-NTH ABH AH314,33284 Y2 Q(kVar),13070
33343,JED-NTH-JEC-43,33343_Y1-RMU33375_CMD,1,JED-NTH ABH AH322,33343 Y1 CMD,1
33343,JED-NTH-JEC-43,33343_TR1-RMU33343_CMD,5,JED-NTH ABH AH322,33343 Q1 CMD,5
33343,JED-NTH-JEC-43,33343_Y2-RMU33340_CMD,9,JED-NTH ABH AH322,33343 Y2 CMD,9
33343,JED-NTH-JEC-43,33343_Y1-RMU33375_ST_LOCK,1000,JED-NTH ABH AH322,33343 Y1/Lock/Unlock indication value,1000
33343,JED-NTH-JEC-43,33343_Y1-RMU33375_ST_GND,1001,JED-NTH ABH AH322,33343 KY1 state,1001
33343,JED-NTH-JEC-43,33343_TR1-RMU33343_ST_LOCK,1002,JED-NTH ABH AH322,33343 Q1/Lock/Unlock indication value,1002
33343,JED-NTH-JEC-43,33343_TR1-RMU33343_ST_GND,1003,JED-NTH ABH AH322,33343 KQ1 state,1003
33343,JED-NTH-JEC-43,33343_Y2-RMU33340_ST_LOCK,1004,JED-NTH ABH AH322,33343 Y2/Lock/Unlock indication value,1004
33343,JED-NTH-JEC-43,33343_Y2-RMU33340_ST_GND,1005,JED-NTH ABH AH322,33343 KY2 state,1005
33343,JED-NTH-JEC-43,33343_BATT_LOW,1008,JED-NTH ABH AH322,33343 Battery low value,1008
33343,JED-NTH-JEC-43,33343_GAS_LOW,1009,JED-NTH ABH AH322,33343 Gas low value,1009
33343,JED-NTH-JEC-43,33343_AC_FAIL,1010,JED-NTH ABH AH322,33343 AC power fail value,1010
33343,JED-NTH-JEC-43,33343_DOOR_OPENED,1011,JED-NTH ABH AH322,33343 Door open value,1011
33343,JED-NTH-JEC-43,33343_DC_ST,1012,JED-NTH ABH AH322,33343 DC power fail value,1012
33343,JED-NTH-JEC-43,33343_MOTOR_CRT_FAIL,1013,JED-NTH ABH AH322,33343 Motor circuit fail value,1013
33343,JED-NTH-JEC-43,33343_RTU_FAIL,1277,JED-NTH ABH AH322,33343 RTU Self diagnostic value,1277
33343,JED-NTH-JEC-43,33343_EFI,1278,JED-NTH ABH AH322,33343 EFI (Fault indication) value,1278
33343,JED-NTH-JEC-43,33343_PROT_HEALTH,1279,JED-NTH ABH AH322,33343 Protection Health value,1279
33343,JED-NTH-JEC-43,33343_PROT_TRIP_EFI,1280,JED-NTH ABH AH322,33343 Protection Trip (Earth fault) value,1280
33343,JED-NTH-JEC-43,33343_PROT_TRIP_PH_FLT,1281,JED-NTH ABH AH322,33343 Protection Trip (Phase fault) value,1281
33343,JED-NTH-JEC-43,33343_Y1-RMU33375_ST,11000,JED-NTH ABH AH322,33343 Y1 state,11000
33343,JED-NTH-JEC-43,33343_TR1-RMU33343_ST,11001,JED-NTH ABH AH322,33343 Q1 state,11001
33343,JED-NTH-JEC-43,33343_Y2-RMU33340_ST,11002,JED-NTH ABH AH322,33343 Y2 state,11002
33343,JED-NTH-JEC-43,33343_LR,11004,JED-NTH ABH AH322,33343 Remote/Local value,11004
33343,JED-NTH-JEC-43,33343_Y1-RMU33375_AMP_A,13015,JED-NTH ABH AH322,33343 Y1 i_a_value(A),13015
33343,JED-NTH-JEC-43,33343_Y1-RMU33375_AMP_B,13016,JED-NTH ABH AH322,33343 Y1 i_b_value(A),13016
33343,JED-NTH-JEC-43,33343_Y1-RMU33375_AMP_C,13017,JED-NTH ABH AH322,33343 Y1 i_c_value(A),13017
33343,JED-NTH-JEC-43,33343_Y1-RMU33375_AMP_N,13018,JED-NTH ABH AH322,33343 Y1 i_n_value(A),13018
33343,JED-NTH-JEC-43,33343_TR1-RMU33343_AMP_A,13019,JED-NTH ABH AH322,33343 Q1 i_a_value(A),13019
33343,JED-NTH-JEC-43,33343_TR1-RMU33343_AMP_B,13020,JED-NTH ABH AH322,33343 Q1 i_b_value(A),13020
33343,JED-NTH-JEC-43,33343_TR1-RMU33343_AMP_C,13021,JED-NTH ABH AH322,33343 Q1 i_c_value(A),13021
33343,JED-NTH-JEC-43,33343_TR1-RMU33343_AMP_N,13022,JED-NTH ABH AH322,33343 Q1 i_n_value(A),13022
33343,JED-NTH-JEC-43,33343_Y2-RMU33340_AMP_A,13023,JED-NTH ABH AH322,33343 Y2 i_a_value(A),13023
33343,JED-NTH-JEC-43,33343_Y2-RMU33340_AMP_B,13024,JED-NTH ABH AH322,33343 Y2 i_b_value(A),13024
33343,JED-NTH-JEC-43,33343_Y2-RMU33340_AMP_C,13025,JED-NTH ABH AH322,33343 Y2 i_c_value(A),13025
33343,JED-NTH-JEC-43,33343_Y2-RMU33340_AMP_N,13026,JED-NTH ABH AH322,33343 Y2 i_n_value(A),13026
33343,,,,JED-NTH ABH AH322,33343 Y1 S(kVA),13057
33343,,,,JED-NTH ABH AH322,33343 Y1 P(kW),13058
33343,,,,JED-NTH ABH AH322,33343 Y1 Q(kVar),13059
33343,JED-NTH-JEC-43,33343_TR1-RMU33343_VOLT_A,13060,JED-NTH ABH AH322,33343 Q1 u_ab_value(kV),13060
33343,JED-NTH-JEC-43,33343_TR1-RMU33343_VOLT_B,13061,JED-NTH ABH AH322,33343 Q1 u_bc_value(kV),13061
33343,JED-NTH-JEC-43,33343_TR1-RMU33343_VOLT_C,13062,JED-NTH ABH AH322,33343 Q1 u_ca_value(kV),13062
33343,JED-NTH-JEC-43,33343_TR1-RMU33343_VOLT_N,13063,JED-NTH ABH AH322,33343 Q1 u_n_value(kV),13063
33343,JED-NTH-JEC-43,33343_TR1-RMU33343_KVA,13064,JED-NTH ABH AH322,33343 Q1 S(kVA),13064
33343,JED-NTH-JEC-43,33343_Y1-RMU33375_KVA,13064,,,
33343,JED-NTH-JEC-43,33343_TR1-RMU33343_KW,13065,JED-NTH ABH AH322,33343 Q1 P(kW),13065
33343,JED-NTH-JEC-43,33343_Y1-RMU33375_KW,13065,,,
33343,JED-NTH-JEC-43,33343_TR1-RMU33343_KVAR,13066,JED-NTH ABH AH322,33343 Q1 Q(kVar),13066
33343,JED-NTH-JEC-43,33343_Y1-RMU33375_KVAR,13066,,,
33343,JED-NTH-JEC-43,33343_TR1-RMU33343_PF,13067,JED-NTH ABH AH322,33343 Q1 Power factor,13067
33343,,,,JED-NTH ABH AH322,33343 Y2 S(kVA),13068
33343,,,,JED-NTH ABH AH322,33343 Y2 P(kW),13069
33343,,,,JED-NTH ABH AH322,33343 Y2 Q(kVar),13070
33345,JED-NTH-JEC-43,33345_Y1-33342_CMD,1,JED-NTH ABH AH322,33345 Y1 CMD,1
33345,JED-NTH-JEC-43,33345_Y2-33346_CMD,5,JED-NTH ABH AH322,33345 Y2 CMD,5
33345,JED-NTH-JEC-43,33345_TR1_CMD,9,JED-NTH ABH AH322,33345 Q1 CMD,9
33345,JED-NTH-JEC-43,33345_Y3-33394_CMD,13,JED-NTH ABH AH322,33345 Y3 CMD,13
33345,JED-NTH-JEC-43,33345_Y1-33342_ST_LOCK,1000,JED-NTH ABH AH322,33345 Y1/Lock/Unlock indication value,1000
33345,JED-NTH-JEC-43,33345_Y1-33342_ST_GND,1001,JED-NTH ABH AH322,33345 KY1 state,1001
33345,JED-NTH-JEC-43,33345_Y2-33346_ST_LOCK,1002,JED-NTH ABH AH322,33345 Y2/Lock/Unlock indication value,1002
33345,JED-NTH-JEC-43,33345_Y2-33346_ST_GND,1003,JED-NTH ABH AH322,33345 KY2 state,1003
33345,JED-NTH-JEC-43,33345_TR1_ST_LOCK,1004,JED-NTH ABH AH322,33345 Q1/Lock/Unlock indication value,1004
33345,JED-NTH-JEC-43,33345_TR1_ST_GND,1005,JED-NTH ABH AH322,33345 KQ1 state,1005
33345,JED-NTH-JEC-43,33345_Y3-33394_ST_LOCK,1006,JED-NTH ABH AH322,33345 Y3/Lock/Unlock indication value,1006
33345,JED-NTH-JEC-43,33345_Y3-33394_ST_GND,1007,JED-NTH ABH AH322,33345 KY3 state,1007
33345,JED-NTH-JEC-43,33345_BATT_LOW,1008,JED-NTH ABH AH322,33345 Battery low value,1008
33345,JED-NTH-JEC-43,33345_GAS_LOW,1009,JED-NTH ABH AH322,33345 Gas low value,1009
33345,JED-NTH-JEC-43,33345_AC_FAIL,1010,JED-NTH ABH AH322,33345 AC power fail value,1010
33345,JED-NTH-JEC-43,33345_DOOR_OPENED,1011,JED-NTH ABH AH322,33345 Door open value,1011
33345,JED-NTH-JEC-43,33345_DC_ST,1012,JED-NTH ABH AH322,33345 DC power fail value,1012
33345,JED-NTH-JEC-43,33345_MOTOR_CRT_FAIL,1013,JED-NTH ABH AH322,33345 Motor circuit fail value,1013
33345,JED-NTH-JEC-43,33345_RTU_FAIL,1277,JED-NTH ABH AH322,33345 RTU Self diagnostic value,1277
33345,JED-NTH-JEC-43,33345_EFI,1278,JED-NTH ABH AH322,33345 EFI (Fault indication) value,1278
33345,JED-NTH-JEC-43,33345_PROT_HEALTH,1279,JED-NTH ABH AH322,33345 Protection Health value,1279
33345,JED-NTH-JEC-43,33345_PROT_TRIP_EFI,1280,JED-NTH ABH AH322,33345 Protection Trip (Earth fault) value,1280
33345,JED-NTH-JEC-43,33345_PROT_TRIP_PH_FLT,1281,JED-NTH ABH AH322,33345 Protection Trip (Phase fault) value,1281
33345,JED-NTH-JEC-43,33345_Y1-33342_ST,11000,JED-NTH ABH AH322,33345 Y1 state,11000
33345,JED-NTH-JEC-43,33345_Y2-33346_ST,11001,JED-NTH ABH AH322,33345 Y2 state,11001
33345,JED-NTH-JEC-43,33345_TR1_ST,11002,JED-NTH ABH AH322,33345 Q1 state,11002
33345,JED-NTH-JEC-43,33345_Y3-33394_ST,11003,JED-NTH ABH AH322,33345 Y3 state,11003
33345,JED-NTH-JEC-43,33345_LR,11004,JED-NTH ABH AH322,33345 Remote/Local value,11004
33345,JED-NTH-JEC-43,33345_Y1-33342_AMP_A,13015,JED-NTH ABH AH322,33345 Y1 i_a_value(A),13015
33345,JED-NTH-JEC-43,33345_Y1-33342_AMP_B,13016,JED-NTH ABH AH322,33345 Y1 i_b_value(A),13016
33345,JED-NTH-JEC-43,33345_Y1-33342_AMP_C,13017,JED-NTH ABH AH322,33345 Y1 i_c_value(A),13017
33345,JED-NTH-JEC-43,33345_Y1-33342_AMP_N,13018,JED-NTH ABH AH322,33345 Y1 i_n_value(A),13018
33345,JED-NTH-JEC-43,33345_Y2-33346_AMP_A,13019,JED-NTH ABH AH322,33345 Y2 i_a_value(A),13019
33345,JED-NTH-JEC-43,33345_Y2-33346_AMP_B,13020,JED-NTH ABH AH322,33345 Y2 i_b_value(A),13020
33345,JED-NTH-JEC-43,33345_Y2-33346_AMP_C,13021,JED-NTH ABH AH322,33345 Y2 i_c_value(A),13021
33345,JED-NTH-JEC-43,33345_Y2-33346_AMP_N,13022,JED-NTH ABH AH322,33345 Y2 i_n_value(A),13022
33345,JED-NTH-JEC-43,33345_TR1_AMP_A,13023,JED-NTH ABH AH322,33345 Q1 i_a_value(A),13023
33345,JED-NTH-JEC-43,33345_TR1_AMP_B,13024,JED-NTH ABH AH322,33345 Q1 i_b_value(A),13024
33345,JED-NTH-JEC-43,33345_TR1_AMP_C,13025,JED-NTH ABH AH322,33345 Q1 i_c_value(A),13025
33345,JED-NTH-JEC-43,33345_TR1_AMP_N,13026,JED-NTH ABH AH322,33345 Q1 i_n_value(A),13026
33345,JED-NTH-JEC-43,33345_Y3-33394_AMP_A,13027,JED-NTH ABH AH322,33345 Y3 i_a_value(A),13027
33345,JED-NTH-JEC-43,33345_Y3-33394_AMP_B,13028,JED-NTH ABH AH322,33345 Y3 i_b_value(A),13028
33345,JED-NTH-JEC-43,33345_Y3-33394_AMP_C,13029,JED-NTH ABH AH322,33345 Y3 i_c_value(A),13029
33345,JED-NTH-JEC-43,33345_Y3-33394_AMP_N,13030,JED-NTH ABH AH322,33345 Y3 i_n_value(A),13030
33345,JED-NTH-JEC-43,33345_Y1-33342_KVA,13057,JED-NTH ABH AH322,33345 Y1 S(kVA),13057
33345,JED-NTH-JEC-43,33345_Y1-33342_KW,13058,JED-NTH ABH AH322,33345 Y1 P(kW),13058
33345,JED-NTH-JEC-43,33345_Y1-33342_KVAR,13059,JED-NTH ABH AH322,33345 Y1 Q(kVar),13059
33345,JED-NTH-JEC-43,33345_Y2-33346_KVA,13060,JED-NTH ABH AH322,33345 Y2 S(kVA),13060
33345,JED-NTH-JEC-43,33345_Y2-33346_KW,13061,JED-NTH ABH AH322,33345 Y2 P(kW),13061
33345,JED-NTH-JEC-43,33345_Y2-33346_KVAR,13062,JED-NTH ABH AH322,33345 Y2 Q(kVar),13062
33345,JED-NTH-JEC-43,33345_TR1_VOLT_A,13063,JED-NTH ABH AH322,33345 Q1 u_ab_value(kV),13063
33345,JED-NTH-JEC-43,33345_TR1_VOLT_B,13064,JED-NTH ABH AH322,33345 Q1 u_bc_value(kV),13064
33345,JED-NTH-JEC-43,33345_TR1_VOLT_C,13065,JED-NTH ABH AH322,33345 Q1 u_ca_value(kV),13065
33345,JED-NTH-JEC-43,33345_TR1_VOLT_N,13066,JED-NTH ABH AH322,33345 Q1 u_n_value(kV),13066
33345,JED-NTH-JEC-43,33345_TR1_KVA,13067,JED-NTH ABH AH322,33345 Q1 S(kVA),13067
33345,JED-NTH-JEC-43,33345_TR1_KW,13068,JED-NTH ABH AH322,33345 Q1 P(kW),13068
33345,JED-NTH-JEC-43,33345_TR1_KVAR,13069,JED-NTH ABH AH322,33345 Q1 Q(kVar),13069
33345,JED-NTH-JEC-43,33345_TR1_PF,13070,JED-NTH ABH AH322,33345 Q1 Power factor,13070
33345,JED-NTH-JEC-43,33345_Y3-33394_KVA,13071,JED-NTH ABH AH322,33345 Y3 S(kVA),13071
33345,JED-NTH-JEC-43,33345_Y3-33394_KW,13072,JED-NTH ABH AH322,33345 Y3 P(kW),13072
33345,JED-NTH-JEC-43,33345_Y3-33394_KVAR,13073,JED-NTH ABH AH322,33345 Y3 Q(kVar),13073
33346,JED-NTH-ABN2-18,33346_Y1-RMU33364_CMD,1,JED-NTH ABH AH322,33346 Y1 CMD,1
33346,JED-NTH-ABN2-18,33346_Y2-RMU33347_CMD,5,JED-NTH ABH AH322,33346 Y2 CMD,5
33346,JED-NTH-ABN2-18,33346_TR1-RMU33346_CMD,9,JED-NTH ABH AH322,33346 Q1 CMD,9
33346,JED-NTH-ABN2-18,33346_Y3-RMU33345_CMD,13,JED-NTH ABH AH322,33346 Y3 CMD,13
33346,JED-NTH-ABN2-18,33346_Y1-RMU33364_ST_LOCK,1000,JED-NTH ABH AH322,33346 Y1/Lock/Unlock indication value,1000
33346,JED-NTH-ABN2-18,33346_Y1-RMU33364_ST_GND,1001,JED-NTH ABH AH322,33346 KY1 state,1001
33346,JED-NTH-ABN2-18,33346_Y2-RMU33347_ST_LOCK,1002,JED-NTH ABH AH322,33346 Y2/Lock/Unlock indication value,1002
33346,JED-NTH-ABN2-18,33346_Y2-RMU33347_ST_GND,1003,JED-NTH ABH AH322,33346 KY2 state,1003
33346,JED-NTH-ABN2-18,33346_TR1-RMU33346_ST_LOCK,1004,JED-NTH ABH AH322,33346 Q1/Lock/Unlock indication value,1004
33346,JED-NTH-ABN2-18,33346_TR1-RMU33346_ST_GND,1005,JED-NTH ABH AH322,33346 KQ1 state,1005
33346,JED-NTH-ABN2-18,33346_Y3-RMU33345_ST_LOCK,1006,JED-NTH ABH AH322,33346 Y3/Lock/Unlock indication value,1006
33346,JED-NTH-ABN2-18,33346_Y3-RMU33345_ST_GND,1007,JED-NTH ABH AH322,33346 KY3 state,1007
33346,JED-NTH-ABN2-18,33346_BATT_LOW,1008,JED-NTH ABH AH322,33346 Battery low value,1008
33346,JED-NTH-ABN2-18,33346_GAS_LOW,1009,JED-NTH ABH AH322,33346 Gas low value,1009
33346,JED-NTH-ABN2-18,33346_AC_FAIL,1010,JED-NTH ABH AH322,33346 AC power fail value,1010
33346,JED-NTH-ABN2-18,33346_DOOR_OPENED,1011,JED-NTH ABH AH322,33346 Door open value,1011
33346,JED-NTH-ABN2-18,33346_DC_ST,1012,JED-NTH ABH AH322,33346 DC power fail value,1012
33346,JED-NTH-ABN2-18,33346_MOTOR_CRT_FAIL,1013,JED-NTH ABH AH322,33346 Motor circuit fail value,1013
33346,JED-NTH-ABN2-18,33346_RTU_FAIL,1277,JED-NTH ABH AH322,33346 RTU Self diagnostic value,1277
33346,JED-NTH-ABN2-18,33346_EFI,1278,JED-NTH ABH AH322,33346 EFI (Fault indication) value,1278
33346,JED-NTH-ABN2-18,33346_PROT_HEALTH,1279,JED-NTH ABH AH322,33346 Protection Health value,1279
33346,JED-NTH-ABN2-18,33346_PROT_TRIP_EFI,1280,JED-NTH ABH AH322,33346 Protection Trip (Earth fault) value,1280
33346,JED-NTH-ABN2-18,33346_PROT_TRIP_PH_FLT,1281,JED-NTH ABH AH322,33346 Protection Trip (Phase fault) value,1281
33346,JED-NTH-ABN2-18,33346_Y1-RMU33364_ST,11000,JED-NTH ABH AH322,33346 Y1 state,11000
33346,JED-NTH-ABN2-18,33346_Y2-RMU33347_ST,11001,JED-NTH ABH AH322,33346 Y2 state,11001
33346,JED-NTH-ABN2-18,33346_TR1-RMU33346_ST,11002,JED-NTH ABH AH322,33346 Q1 state,11002
33346,JED-NTH-ABN2-18,33346_Y3-RMU33345_ST,11003,JED-NTH ABH AH322,33346 Y3 state,11003
33346,JED-NTH-ABN2-18,33346_LR,11004,JED-NTH ABH AH322,33346 Remote/Local value,11004
33346,JED-NTH-ABN2-18,33346_Y1-RMU33364_AMP_A,13015,JED-NTH ABH AH322,33346 Y1 i_a_value(A),13015
33346,JED-NTH-ABN2-18,33346_Y1-RMU33364_AMP_B,13016,JED-NTH ABH AH322,33346 Y1 i_b_value(A),13016
33346,JED-NTH-ABN2-18,33346_Y1-RMU33364_AMP_C,13017,JED-NTH ABH AH322,33346 Y1 i_c_value(A),13017
33346,JED-NTH-ABN2-18,33346_Y1-RMU33364_AMP_N,13018,JED-NTH ABH AH322,33346 Y1 i_n_value(A),13018
33346,JED-NTH-ABN2-18,33346_Y2-RMU33347_AMP_A,13019,JED-NTH ABH AH322,33346 Y2 i_a_value(A),13019
33346,JED-NTH-ABN2-18,33346_Y2-RMU33347_AMP_B,13020,JED-NTH ABH AH322,33346 Y2 i_b_value(A),13020
33346,JED-NTH-ABN2-18,33346_Y2-RMU33347_AMP_C,13021,JED-NTH ABH AH322,33346 Y2 i_c_value(A),13021
33346,JED-NTH-ABN2-18,33346_Y2-RMU33347_AMP_N,13022,JED-NTH ABH AH322,33346 Y2 i_n_value(A),13022
33346,JED-NTH-ABN2-18,33346_TR1-RMU33346_AMP_A,13023,JED-NTH ABH AH322,33346 Q1 i_a_value(A),13023
33346,JED-NTH-ABN2-18,33346_TR1-RMU33346_AMP_B,13024,JED-NTH ABH AH322,33346 Q1 i_b_value(A),13024
33346,JED-NTH-ABN2-18,33346_TR1-RMU33346_AMP_C,13025,JED-NTH ABH AH322,33346 Q1 i_c_value(A),13025
33346,JED-NTH-ABN2-18,33346_TR1-RMU33346_AMP_N,13026,JED-NTH ABH AH322,33346 Q1 i_n_value(A),13026
33346,JED-NTH-ABN2-18,33346_Y3-RMU33345_AMP_A,13027,JED-NTH ABH AH322,33346 Y3 i_a_value(A),13027
33346,JED-NTH-ABN2-18,33346_Y3-RMU33345_AMP_B,13028,JED-NTH ABH AH322,33346 Y3 i_b_value(A),13028
33346,JED-NTH-ABN2-18,33346_Y3-RMU33345_AMP_C,13029,JED-NTH ABH AH322,33346 Y3 i_c_value(A),13029
33346,JED-NTH-ABN2-18,33346_Y3-RMU33345_AMP_N,13030,JED-NTH ABH AH322,33346 Y3 i_n_value(A),13030
33346,JED-NTH-ABN2-18,33346_Y1-RMU33364_KVA,13057,JED-NTH ABH AH322,33346 Y1 S(kVA),13057
33346,JED-NTH-ABN2-18,33346_Y1-RMU33364_KW,13058,JED-NTH ABH AH322,33346 Y1 P(kW),13058
33346,JED-NTH-ABN2-18,33346_Y1-RMU33364_KVAR,13059,JED-NTH ABH AH322,33346 Y1 Q(kVar),13059
33346,JED-NTH-ABN2-18,33346_Y2-RMU33347_KVA,13060,JED-NTH ABH AH322,33346 Y2 S(kVA),13060
33346,JED-NTH-ABN2-18,33346_Y2-RMU33347_KW,13061,JED-NTH ABH AH322,33346 Y2 P(kW),13061
33346,JED-NTH-ABN2-18,33346_Y2-RMU33347_KVAR,13062,JED-NTH ABH AH322,33346 Y2 Q(kVar),13062
33346,JED-NTH-ABN2-18,33346_TR1-RMU33346_VOLT_A,13063,JED-NTH ABH AH322,33346 Q1 u_ab_value(kV),13063
33346,JED-NTH-ABN2-18,33346_TR1-RMU33346_VOLT_B,13064,JED-NTH ABH AH322,33346 Q1 u_bc_value(kV),13064
33346,JED-NTH-ABN2-18,33346_TR1-RMU33346_VOLT_C,13065,JED-NTH ABH AH322,33346 Q1 u_ca_value(kV),13065
33346,JED-NTH-ABN2-18,33346_TR1-RMU33346_VOLT_N,13066,JED-NTH ABH AH322,33346 Q1 u_n_value(kV),13066
33346,JED-NTH-ABN2-18,33346_TR1-RMU33346_KVA,13067,JED-NTH ABH AH322,33346 Q1 S(kVA),13067
33346,JED-NTH-ABN2-18,33346_TR1-RMU33346_KW,13068,JED-NTH ABH AH322,33346 Q1 P(kW),13068
33346,JED-NTH-ABN2-18,33346_TR1-RMU33346_KVAR,13069,JED-NTH ABH AH322,33346 Q1 Q(kVar),13069
33346,JED-NTH-ABN2-18,33346_TR1-RMU33346_PF,13070,JED-NTH ABH AH322,33346 Q1 Power factor,13070
33346,JED-NTH-ABN2-18,33346_Y3-RMU33345_KVA,13071,JED-NTH ABH AH322,33346 Y3 S(kVA),13071
33346,JED-NTH-ABN2-18,33346_Y3-RMU33345_KW,13072,JED-NTH ABH AH322,33346 Y3 P(kW),13072
33346,JED-NTH-ABN2-18,33346_Y3-RMU33345_KVAR,13073,JED-NTH ABH AH322,33346 Y3 Q(kVar),13073
33350,JED-NTH-ABN2-18,33350_Y1-RMU33349_CMD,1,JED-NTH ABH AH322,33350 Y1 CMD,1
33350,JED-NTH-ABN2-18,33350_TR1-RMU33350_CMD,5,JED-NTH ABH AH322,33350 Q1 CMD,5
33350,JED-NTH-ABN2-18,33350_Y2-RMU33365_CMD,9,JED-NTH ABH AH322,33350 Y2 CMD,9
33350,JED-NTH-ABN2-18,33350_Y1-RMU33349_ST_LOCK,1000,JED-NTH ABH AH322,33350 Y1/Lock/Unlock indication value,1000
33350,JED-NTH-ABN2-18,33350_Y1-RMU33349_ST_GND,1001,JED-NTH ABH AH322,33350 KY1 state,1001
33350,JED-NTH-ABN2-18,33350_TR1-RMU33350_ST_LOCK,1002,JED-NTH ABH AH322,33350 Q1/Lock/Unlock indication value,1002
33350,JED-NTH-ABN2-18,33350_TR1-RMU33350_ST_GND,1003,JED-NTH ABH AH322,33350 KQ1 state,1003
33350,JED-NTH-ABN2-18,33350_Y2-RMU33365_ST_LOCK,1004,JED-NTH ABH AH322,33350 Y2/Lock/Unlock indication value,1004
33350,JED-NTH-ABN2-18,33350_Y2-RMU33365_ST_GND,1005,JED-NTH ABH AH322,33350 KY2 state,1005
33350,JED-NTH-ABN2-18,33350_BATT_LOW,1008,JED-NTH ABH AH322,33350 Battery low value,1008
33350,JED-NTH-ABN2-18,33350_GAS_LOW,1009,JED-NTH ABH AH322,33350 Gas low value,1009
33350,JED-NTH-ABN2-18,33350_AC_FAIL,1010,JED-NTH ABH AH322,33350 AC power fail value,1010
33350,JED-NTH-ABN2-18,33350_DOOR_OPENED,1011,JED-NTH ABH AH322,33350 Door open value,1011
33350,JED-NTH-ABN2-18,33350_DC_ST,1012,JED-NTH ABH AH322,33350 DC power fail value,1012
33350,JED-NTH-ABN2-18,33350_MOTOR_CRT_FAIL,1013,JED-NTH ABH AH322,33350 Motor circuit fail value,1013
33350,JED-NTH-ABN2-18,33350_RTU_FAIL,1277,JED-NTH ABH AH322,33350 RTU Self diagnostic value,1277
33350,JED-NTH-ABN2-18,33350_EFI,1278,JED-NTH ABH AH322,33350 EFI (Fault indication) value,1278
33350,JED-NTH-ABN2-18,33350_PROT_HEALTH,1279,JED-NTH ABH AH322,33350 Protection Health value,1279
33350,JED-NTH-ABN2-18,33350_PROT_TRIP_EFI,1280,JED-NTH ABH AH322,33350 Protection Trip (Earth fault) value,1280
33350,JED-NTH-ABN2-18,33350_PROT_TRIP_PH_FLT,1281,JED-NTH ABH AH322,33350 Protection Trip (Phase fault) value,1281
33350,JED-NTH-ABN2-18,33350_Y1-RMU33349_ST,11000,JED-NTH ABH AH322,33350 Y1 state,11000
33350,JED-NTH-ABN2-18,33350_TR1-RMU33350_ST,11001,JED-NTH ABH AH322,33350 Q1 state,11001
33350,JED-NTH-ABN2-18,33350_Y2-RMU33365_ST,11002,JED-NTH ABH AH322,33350 Y2 state,11002
33350,JED-NTH-ABN2-18,33350_LR,11004,JED-NTH ABH AH322,33350 Remote/Local value,11004
33350,JED-NTH-ABN2-18,33350_Y1-RMU33349_AMP_A,13015,JED-NTH ABH AH322,33350 Y1 i_a_value(A),13015
33350,JED-NTH-ABN2-18,33350_Y1-RMU33349_AMP_B,13016,JED-NTH ABH AH322,33350 Y1 i_b_value(A),13016
33350,JED-NTH-ABN2-18,33350_Y1-RMU33349_AMP_C,13017,JED-NTH ABH AH322,33350 Y1 i_c_value(A),13017
33350,JED-NTH-ABN2-18,33350_Y1-RMU33349_AMP_N,13018,JED-NTH ABH AH322,33350 Y1 i_n_value(A),13018
33350,JED-NTH-ABN2-18,33350_TR1-RMU33350_AMP_A,13019,JED-NTH ABH AH322,33350 Q1 i_a_value(A),13019
33350,JED-NTH-ABN2-18,33350_TR1-RMU33350_AMP_B,13020,JED-NTH ABH AH322,33350 Q1 i_b_value(A),13020
33350,JED-NTH-ABN2-18,33350_TR1-RMU33350_AMP_C,13021,JED-NTH ABH AH322,33350 Q1 i_c_value(A),13021
33350,JED-NTH-ABN2-18,33350_TR1-RMU33350_AMP_N,13022,JED-NTH ABH AH322,33350 Q1 i_n_value(A),13022
33350,JED-NTH-ABN2-18,33350_Y2-RMU33365_AMP_A,13023,JED-NTH ABH AH322,33350 Y2 i_a_value(A),13023
33350,JED-NTH-ABN2-18,33350_Y2-RMU33365_AMP_B,13024,JED-NTH ABH AH322,33350 Y2 i_b_value(A),13024
33350,JED-NTH-ABN2-18,33350_Y2-RMU33365_AMP_C,13025,JED-NTH ABH AH322,33350 Y2 i_c_value(A),13025
33350,JED-NTH-ABN2-18,33350_Y2-RMU33365_AMP_N,13026,JED-NTH ABH AH322,33350 Y2 i_n_value(A),13026
33350,,,,JED-NTH ABH AH322,33350 Y1 S(kVA),13057
33350,,,,JED-NTH ABH AH322,33350 Y1 P(kW),13058
33350,,,,JED-NTH ABH AH322,33350 Y1 Q(kVar),13059
33350,JED-NTH-ABN2-18,33350_TR1-RMU33350_VOLT_A,13060,JED-NTH ABH AH322,33350 Q1 u_ab_value(kV),13060
33350,JED-NTH-ABN2-18,33350_TR1-RMU33350_VOLT_B,13061,JED-NTH ABH AH322,33350 Q1 u_bc_value(kV),13061
33350,JED-NTH-ABN2-18,33350_TR1-RMU33350_VOLT_C,13062,JED-NTH ABH AH322,33350 Q1 u_ca_value(kV),13062
33350,JED-NTH-ABN2-18,33350_TR1-RMU33350_VOLT_N,13063,JED-NTH ABH AH322,33350 Q1 u_n_value(kV),13063
33350,JED-NTH-ABN2-18,33350_TR1-RMU33350_KVA,13064,JED-NTH ABH AH322,33350 Q1 S(kVA),13064
33350,JED-NTH-ABN2-18,33350_Y1-RMU33349_KVA,13064,,,
33350,JED-NTH-ABN2-18,33350_TR1-RMU33350_KW,13065,JED-NTH ABH AH322,33350 Q1 P(kW),13065
33350,JED-NTH-ABN2-18,33350_Y1-RMU33349_KW,13065,,,
33350,JED-NTH-ABN2-18,33350_TR1-RMU33350_KVAR,13066,JED-NTH ABH AH322,33350 Q1 Q(kVar),13066
33350,JED-NTH-ABN2-18,33350_Y1-RMU33349_KVAR,13066,,,
33350,JED-NTH-ABN2-18,33350_TR1-RMU33350_PF,13067,JED-NTH ABH AH322,33350 Q1 Power factor,13067
33350,,,,JED-NTH ABH AH322,33350 Y2 S(kVA),13068
33350,,,,JED-NTH ABH AH322,33350 Y2 P(kW),13069
33350,,,,JED-NTH ABH AH322,33350 Y2 Q(kVar),13070
33362,JED-NTH-ABN2-18,33362_Y1-RMU33361_CMD,1,JED-NTH ABH AH322,33362 Y1 CMD,1
33362,JED-NTH-ABN2-18,33362_Y2-RMU33435_CMD,5,JED-NTH ABH AH322,33362 Y2 CMD,5
33362,JED-NTH-ABN2-18,33362_TR1-RMU33362_CMD,9,JED-NTH ABH AH322,33362 Q1 CMD,9
33362,JED-NTH-ABN2-18,33362_Y3-RMU33364_CMD,13,JED-NTH ABH AH322,33362 Y3 CMD,13
33362,JED-NTH-ABN2-18,33362_Y1-RMU33361_ST_LOCK,1000,JED-NTH ABH AH322,33362 Y1/Lock/Unlock indication value,1000
33362,JED-NTH-ABN2-18,33362_Y1-RMU33361_ST_GND,1001,JED-NTH ABH AH322,33362 KY1 state,1001
33362,JED-NTH-ABN2-18,33362_Y2-RMU33435_ST_LOCK,1002,JED-NTH ABH AH322,33362 Y2/Lock/Unlock indication value,1002
33362,JED-NTH-ABN2-18,33362_Y2-RMU33435_ST_GND,1003,JED-NTH ABH AH322,33362 KY2 state,1003
33362,JED-NTH-ABN2-18,33362_TR1-RMU33362_ST_LOCK,1004,JED-NTH ABH AH322,33362 Q1/Lock/Unlock indication value,1004
33362,JED-NTH-ABN2-18,33362_TR1-RMU33362_ST_GND,1005,JED-NTH ABH AH322,33362 KQ1 state,1005
33362,JED-NTH-ABN2-18,33362_Y3-RMU33364_ST_LOCK,1006,JED-NTH ABH AH322,33362 Y3/Lock/Unlock indication value,1006
33362,JED-NTH-ABN2-18,33362_Y3-RMU33364_ST_GND,1007,JED-NTH ABH AH322,33362 KY3 state,1007
33362,JED-NTH-ABN2-18,33362_BATT_LOW,1008,JED-NTH ABH AH322,33362 Battery low value,1008
33362,JED-NTH-ABN2-18,33362_GAS_LOW,1009,JED-NTH ABH AH322,33362 Gas low value,1009
33362,JED-NTH-ABN2-18,33362_AC_FAIL,1010,JED-NTH ABH AH322,33362 AC power fail value,1010
33362,JED-NTH-ABN2-18,33362_DOOR_OPENED,1011,JED-NTH ABH AH322,33362 Door open value,1011
33362,JED-NTH-ABN2-18,33362_DC_ST,1012,JED-NTH ABH AH322,33362 DC power fail value,1012
33362,JED-NTH-ABN2-18,33362_MOTOR_CRT_FAIL,1013,JED-NTH ABH AH322,33362 Motor circuit fail value,1013
33362,JED-NTH-ABN2-18,33362_RTU_FAIL,1277,JED-NTH ABH AH322,33362 RTU Self diagnostic value,1277
33362,JED-NTH-ABN2-18,33362_EFI,1278,JED-NTH ABH AH322,33362 EFI (Fault indication) value,1278
33362,JED-NTH-ABN2-18,33362_PROT_HEALTH,1279,JED-NTH ABH AH322,33362 Protection Health value,1279
33362,JED-NTH-ABN2-18,33362_PROT_TRIP_EFI,1280,JED-NTH ABH AH322,33362 Protection Trip (Earth fault) value,1280
33362,JED-NTH-ABN2-18,33362_PROT_TRIP_PH_FLT,1281,JED-NTH ABH AH322,33362 Protection Trip (Phase fault) value,1281
33362,JED-NTH-ABN2-18,33362_Y1-RMU33361_ST,11000,JED-NTH ABH AH322,33362 Y1 state,11000
33362,JED-NTH-ABN2-18,33362_Y2-RMU33435_ST,11001,JED-NTH ABH AH322,33362 Y2 state,11001
33362,JED-NTH-ABN2-18,33362_TR1-RMU33362_ST,11002,JED-NTH ABH AH322,33362 Q1 state,11002
33362,JED-NTH-ABN2-18,33362_Y3-RMU33364_ST,11003,JED-NTH ABH AH322,33362 Y3 state,11003
33362,JED-NTH-ABN2-18,33362_LR,11004,JED-NTH ABH AH322,33362 Remote/Local value,11004
33362,JED-NTH-ABN2-18,33362_Y1-RMU33361_AMP_A,13015,JED-NTH ABH AH322,33362 Y1 i_a_value(A),13015
33362,JED-NTH-ABN2-18,33362_Y1-RMU33361_AMP_B,13016,JED-NTH ABH AH322,33362 Y1 i_b_value(A),13016
33362,JED-NTH-ABN2-18,33362_Y1-RMU33361_AMP_C,13017,JED-NTH ABH AH322,33362 Y1 i_c_value(A),13017
33362,JED-NTH-ABN2-18,33362_Y1-RMU33361_AMP_N,13018,JED-NTH ABH AH322,33362 Y1 i_n_value(A),13018
33362,JED-NTH-ABN2-18,33362_Y2-RMU33435_AMP_A,13019,JED-NTH ABH AH322,33362 Y2 i_a_value(A),13019
33362,JED-NTH-ABN2-18,33362_Y2-RMU33435_AMP_B,13020,JED-NTH ABH AH322,33362 Y2 i_b_value(A),13020
33362,JED-NTH-ABN2-18,33362_Y2-RMU33435_AMP_C,13021,JED-NTH ABH AH322,33362 Y2 i_c_value(A),13021
33362,JED-NTH-ABN2-18,33362_Y2-RMU33435_AMP_N,13022,JED-NTH ABH AH322,33362 Y2 i_n_value(A),13022
33362,JED-NTH-ABN2-18,33362_TR1-RMU33362_AMP_A,13023,JED-NTH ABH AH322,33362 Q1 i_a_value(A),13023
33362,JED-NTH-ABN2-18,33362_TR1-RMU33362_AMP_B,13024,JED-NTH ABH AH322,33362 Q1 i_b_value(A),13024
33362,JED-NTH-ABN2-18,33362_TR1-RMU33362_AMP_C,13025,JED-NTH ABH AH322,33362 Q1 i_c_value(A),13025
33362,JED-NTH-ABN2-18,33362_TR1-RMU33362_AMP_N,13026,JED-NTH ABH AH322,33362 Q1 i_n_value(A),13026
33362,JED-NTH-ABN2-18,33362_Y3-RMU33364_AMP_A,13027,JED-NTH ABH AH322,33362 Y3 i_a_value(A),13027
33362,JED-NTH-ABN2-18,33362_Y3-RMU33364_AMP_B,13028,JED-NTH ABH AH322,33362 Y3 i_b_value(A),13028
33362,JED-NTH-ABN2-18,33362_Y3-RMU33364_AMP_C,13029,JED-NTH ABH AH322,33362 Y3 i_c_value(A),13029
33362,JED-NTH-ABN2-18,33362_Y3-RMU33364_AMP_N,13030,JED-NTH ABH AH322,33362 Y3 i_n_value(A),13030
33362,JED-NTH-ABN2-18,33362_Y1-RMU33361_KVA,13057,JED-NTH ABH AH322,33362 Y1 S(kVA),13057
33362,JED-NTH-ABN2-18,33362_Y1-RMU33361_KW,13058,JED-NTH ABH AH322,33362 Y1 P(kW),13058
33362,JED-NTH-ABN2-18,33362_Y1-RMU33361_KVAR,13059,JED-NTH ABH AH322,33362 Y1 Q(kVar),13059
33362,JED-NTH-ABN2-18,33362_Y2-RMU33435_KVA,13060,JED-NTH ABH AH322,33362 Y2 S(kVA),13060
33362,JED-NTH-ABN2-18,33362_Y2-RMU33435_KW,13061,JED-NTH ABH AH322,33362 Y2 P(kW),13061
33362,JED-NTH-ABN2-18,33362_Y2-RMU33435_KVAR,13062,JED-NTH ABH AH322,33362 Y2 Q(kVar),13062
33362,JED-NTH-ABN2-18,33362_TR1-RMU33362_VOLT_A,13063,JED-NTH ABH AH322,33362 Q1 u_ab_value(kV),13063
33362,JED-NTH-ABN2-18,33362_TR1-RMU33362_VOLT_B,13064,JED-NTH ABH AH322,33362 Q1 u_bc_value(kV),13064
33362,JED-NTH-ABN2-18,33362_TR1-RMU33362_VOLT_C,13065,JED-NTH ABH AH322,33362 Q1 u_ca_value(kV),13065
33362,JED-NTH-ABN2-18,33362_TR1-RMU33362_VOLT_N,13066,JED-NTH ABH AH322,33362 Q1 u_n_value(kV),13066
33362,JED-NTH-ABN2-18,33362_TR1-RMU33362_KVA,13067,JED-NTH ABH AH322,33362 Q1 S(kVA),13067
33362,JED-NTH-ABN2-18,33362_TR1-RMU33362_KW,13068,JED-NTH ABH AH322,33362 Q1 P(kW),13068
33362,JED-NTH-ABN2-18,33362_TR1-RMU33362_KVAR,13069,JED-NTH ABH AH322,33362 Q1 Q(kVar),13069
33362,JED-NTH-ABN2-18,33362_TR1-RMU33362_PF,13070,JED-NTH ABH AH322,33362 Q1 Power factor,13070
33362,JED-NTH-ABN2-18,33362_Y3-RMU33364_KVA,13071,JED-NTH ABH AH322,33362 Y3 S(kVA),13071
33362,JED-NTH-ABN2-18,33362_Y3-RMU33364_KW,13072,JED-NTH ABH AH322,33362 Y3 P(kW),13072
33362,JED-NTH-ABN2-18,33362_Y3-RMU33364_KVAR,13073,JED-NTH ABH AH322,33362 Y3 Q(kVar),13073
33364,JED-NTH-ABN2-18,33364_Y1-RMU-33362_CMD,1,JED-NTH ABH AH322,33364 Y1 CMD,1
33364,JED-NTH-ABN2-18,33364_Y2-RMU33346_CMD,5,JED-NTH ABH AH322,33364 Y2 CMD,5
33364,JED-NTH-ABN2-18,33364_TR1-RMU33364_CMD,9,JED-NTH ABH AH322,33364 Q1 CMD,9
33364,JED-NTH-ABN2-18,33364_Y3-RMU33366_CMD,13,JED-NTH ABH AH322,33364 Y3 CMD,13
33364,JED-NTH-ABN2-18,33364_Y1-RMU-33362_ST_LOCK,1000,JED-NTH ABH AH322,33364 Y1/Lock/Unlock indication value,1000
33364,JED-NTH-ABN2-18,33364_Y1-RMU-33362_ST_GND,1001,JED-NTH ABH AH322,33364 KY1 state,1001
33364,JED-NTH-ABN2-18,33364_Y2-RMU33346_ST_LOCK,1002,JED-NTH ABH AH322,33364 Y2/Lock/Unlock indication value,1002
33364,JED-NTH-ABN2-18,33364_Y2-RMU33346_ST_GND,1003,JED-NTH ABH AH322,33364 KY2 state,1003
33364,JED-NTH-ABN2-18,33364_TR1-RMU33364_ST_LOCK,1004,JED-NTH ABH AH322,33364 Q1/Lock/Unlock indication value,1004
33364,JED-NTH-ABN2-18,33364_TR1-RMU33364_ST_GND,1005,JED-NTH ABH AH322,33364 KQ1 state,1005
33364,JED-NTH-ABN2-18,33364_Y3-RMU33366_ST_LOCK,1006,JED-NTH ABH AH322,33364 Y3/Lock/Unlock indication value,1006
33364,JED-NTH-ABN2-18,33364_Y3-RMU33366_ST_GND,1007,JED-NTH ABH AH322,33364 KY3 state,1007
33364,JED-NTH-ABN2-18,33364_BATT_LOW,1008,JED-NTH ABH AH322,33364 Battery low value,1008
33364,JED-NTH-ABN2-18,33364_GAS_LOW,1009,JED-NTH ABH AH322,33364 Gas low value,1009
33364,JED-NTH-ABN2-18,33364_AC_FAIL,1010,JED-NTH ABH AH322,33364 AC power fail value,1010
33364,JED-NTH-ABN2-18,33364_DOOR_OPENED,1011,JED-NTH ABH AH322,33364 Door open value,1011
33364,JED-NTH-ABN2-18,33364_DC_ST,1012,JED-NTH ABH AH322,33364 DC power fail value,1012
33364,JED-NTH-ABN2-18,33364_MOTOR_CRT_FAIL,1013,JED-NTH ABH AH322,33364 Motor circuit fail value,1013
33364,JED-NTH-ABN2-18,33364_RTU_FAIL,1277,JED-NTH ABH AH322,33364 RTU Self diagnostic value,1277
33364,JED-NTH-ABN2-18,33364_EFI,1278,JED-NTH ABH AH322,33364 EFI (Fault indication) value,1278
33364,JED-NTH-ABN2-18,33364_PROT_HEALTH,1279,JED-NTH ABH AH322,33364 Protection Health value,1279
33364,JED-NTH-ABN2-18,33364_PROT_TRIP_EFI,1280,JED-NTH ABH AH322,33364 Protection Trip (Earth fault) value,1280
33364,JED-NTH-ABN2-18,33364_PROT_TRIP_PH_FLT,1281,JED-NTH ABH AH322,33364 Protection Trip (Phase fault) value,1281
33364,JED-NTH-ABN2-18,33364_Y1-RMU-33362_ST,11000,JED-NTH ABH AH322,33364 Y1 state,11000
33364,JED-NTH-ABN2-18,33364_Y2-RMU33346_ST,11001,JED-NTH ABH AH322,33364 Y2 state,11001
33364,JED-NTH-ABN2-18,33364_TR1-RMU33364_ST,11002,JED-NTH ABH AH322,33364 Q1 state,11002
33364,JED-NTH-ABN2-18,33364_Y3-RMU33366_ST,11003,JED-NTH ABH AH322,33364 Y3 state,11003
33364,JED-NTH-ABN2-18,33364_LR,11004,JED-NTH ABH AH322,33364 Remote/Local value,11004
33364,JED-NTH-ABN2-18,33364_Y1-RMU-33362_AMP_A,13015,JED-NTH ABH AH322,33364 Y1 i_a_value(A),13015
33364,JED-NTH-ABN2-18,33364_Y1-RMU-33362_AMP_B,13016,JED-NTH ABH AH322,33364 Y1 i_b_value(A),13016
33364,JED-NTH-ABN2-18,33364_Y1-RMU-33362_AMP_C,13017,JED-NTH ABH AH322,33364 Y1 i_c_value(A),13017
33364,JED-NTH-ABN2-18,33364_Y1-RMU-33362_AMP_N,13018,JED-NTH ABH AH322,33364 Y1 i_n_value(A),13018
33364,JED-NTH-ABN2-18,33364_Y2-RMU33346_AMP_A,13019,JED-NTH ABH AH322,33364 Y2 i_a_value(A),13019
33364,JED-NTH-ABN2-18,33364_Y2-RMU33346_AMP_B,13020,JED-NTH ABH AH322,33364 Y2 i_b_value(A),13020
33364,JED-NTH-ABN2-18,33364_Y2-RMU33346_AMP_C,13021,JED-NTH ABH AH322,33364 Y2 i_c_value(A),13021
33364,JED-NTH-ABN2-18,33364_Y2-RMU33346_AMP_N,13022,JED-NTH ABH AH322,33364 Y2 i_n_value(A),13022
33364,JED-NTH-ABN2-18,33364_TR1-RMU33364_AMP_A,13023,JED-NTH ABH AH322,33364 Q1 i_a_value(A),13023
33364,JED-NTH-ABN2-18,33364_TR1-RMU33364_AMP_B,13024,JED-NTH ABH AH322,33364 Q1 i_b_value(A),13024
33364,JED-NTH-ABN2-18,33364_TR1-RMU33364_AMP_C,13025,JED-NTH ABH AH322,33364 Q1 i_c_value(A),13025
33364,JED-NTH-ABN2-18,33364_TR1-RMU33364_AMP_N,13025,,,
33364,,,,JED-NTH ABH AH322,33364 Q1 i_n_value(A),13026
33364,JED-NTH-ABN2-18,33364_Y3-RMU33366_AMP_A,13027,JED-NTH ABH AH322,33364 Y3 i_a_value(A),13027
33364,JED-NTH-ABN2-18,33364_Y3-RMU33366_AMP_B,13028,JED-NTH ABH AH322,33364 Y3 i_b_value(A),13028
33364,JED-NTH-ABN2-18,33364_Y3-RMU33366_AMP_C,13029,JED-NTH ABH AH322,33364 Y3 i_c_value(A),13029
33364,JED-NTH-ABN2-18,33364_Y3-RMU33366_AMP_N,13030,JED-NTH ABH AH322,33364 Y3 i_n_value(A),13030
33364,JED-NTH-ABN2-18,33364_Y1-RMU-33362_KVA,13057,JED-NTH ABH AH322,33364 Y1 S(kVA),13057
33364,JED-NTH-ABN2-18,33364_Y1-RMU-33362_KW,13058,JED-NTH ABH AH322,33364 Y1 P(kW),13058
33364,JED-NTH-ABN2-18,33364_Y1-RMU-33362_KVAR,13059,JED-NTH ABH AH322,33364 Y1 Q(kVar),13059
33364,JED-NTH-ABN2-18,33364_Y2-RMU33346_KVA,13060,JED-NTH ABH AH322,33364 Y2 S(kVA),13060
33364,JED-NTH-ABN2-18,33364_Y2-RMU33346_KW,13061,JED-NTH ABH AH322,33364 Y2 P(kW),13061
33364,JED-NTH-ABN2-18,33364_Y2-RMU33346_KVAR,13062,JED-NTH ABH AH322,33364 Y2 Q(kVar),13062
33364,JED-NTH-ABN2-18,33364_TR1-RMU33364_VOLT_A,13063,JED-NTH ABH AH322,33364 Q1 u_ab_value(kV),13063
33364,JED-NTH-ABN2-18,33364_TR1-RMU33364_VOLT_B,13064,JED-NTH ABH AH322,33364 Q1 u_bc_value(kV),13064
33364,JED-NTH-ABN2-18,33364_TR1-RMU33364_VOLT_C,13065,JED-NTH ABH AH322,33364 Q1 u_ca_value(kV),13065
33364,JED-NTH-ABN2-18,33364_TR1-RMU33364_VOLT_N,13066,JED-NTH ABH AH322,33364 Q1 u_n_value(kV),13066
33364,JED-NTH-ABN2-18,33364_TR1-RMU33364_KVA,13067,JED-NTH ABH AH322,33364 Q1 S(kVA),13067
33364,JED-NTH-ABN2-18,33364_TR1-RMU33364_KW,13068,JED-NTH ABH AH322,33364 Q1 P(kW),13068
33364,JED-NTH-ABN2-18,33364_TR1-RMU33364_KVAR,13069,JED-NTH ABH AH322,33364 Q1 Q(kVar),13069
33364,JED-NTH-ABN2-18,33364_TR1-RMU33364_PF,13070,JED-NTH ABH AH322,33364 Q1 Power factor,13070
33364,JED-NTH-ABN2-18,33364_Y3-RMU33366_KVA,13071,JED-NTH ABH AH322,33364 Y3 S(kVA),13071
33364,JED-NTH-ABN2-18,33364_Y3-RMU33366_KW,13072,JED-NTH ABH AH322,33364 Y3 P(kW),13072
33364,JED-NTH-ABN2-18,33364_Y3-RMU33366_KVAR,13073,JED-NTH ABH AH322,33364 Y3 Q(kVar),13073
33367,JED-NTH-ABN2-18,33367_Y1-RMU33348_CMD,1,JED-NTH ABH AH322,33367 Y1 CMD,1
33367,JED-NTH-ABN2-18,33367_TR1-RMU33367_CMD,5,JED-NTH ABH AH322,33367 Q1 CMD,5
33367,JED-NTH-ABN2-18,33367_Y2-RMU33368_CMD,9,JED-NTH ABH AH322,33367 Y2 CMD,9
33367,JED-NTH-ABN2-18,33367_Y1-RMU33348_ST_LOCK,1000,JED-NTH ABH AH322,33367 Y1/Lock/Unlock indication value,1000
33367,JED-NTH-ABN2-18,33367_Y1-RMU33348_ST_GND,1001,JED-NTH ABH AH322,33367 KY1 state,1001
33367,JED-NTH-ABN2-18,33367_TR1-RMU33367_ST_LOCK,1002,JED-NTH ABH AH322,33367 Q1/Lock/Unlock indication value,1002
33367,JED-NTH-ABN2-18,33367_TR1-RMU33367_ST_GND,1003,JED-NTH ABH AH322,33367 KQ1 state,1003
33367,JED-NTH-ABN2-18,33367_Y2-RMU33368_ST_LOCK,1004,JED-NTH ABH AH322,33367 Y2/Lock/Unlock indication value,1004
33367,JED-NTH-ABN2-18,33367_Y2-RMU33368_ST_GND,1005,JED-NTH ABH AH322,33367 KY2 state,1005
33367,JED-NTH-ABN2-18,33367_BATT_LOW,1008,JED-NTH ABH AH322,33367 Battery low value,1008
33367,JED-NTH-ABN2-18,33367_GAS_LOW,1009,JED-NTH ABH AH322,33367 Gas low value,1009
33367,JED-NTH-ABN2-18,33367_AC_FAIL,1010,JED-NTH ABH AH322,33367 AC power fail value,1010
33367,JED-NTH-ABN2-18,33367_DOOR_OPENED,1011,JED-NTH ABH AH322,33367 Door open value,1011
33367,JED-NTH-ABN2-18,33367_DC_ST,1012,JED-NTH ABH AH322,33367 DC power fail value,1012
33367,JED-NTH-ABN2-18,33367_MOTOR_CRT_FAIL,1013,JED-NTH ABH AH322,33367 Motor circuit fail value,1013
33367,JED-NTH-ABN2-18,33367_RTU_FAIL,1277,JED-NTH ABH AH322,33367 RTU Self diagnostic value,1277
33367,JED-NTH-ABN2-18,33367_EFI,1278,JED-NTH ABH AH322,33367 EFI (Fault indication) value,1278
33367,JED-NTH-ABN2-18,33367_PROT_HEALTH,1279,JED-NTH ABH AH322,33367 Protection Health value,1279
33367,JED-NTH-ABN2-18,33367_PROT_TRIP_EFI,1280,JED-NTH ABH AH322,33367 Protection Trip (Earth fault) value,1280
33367,JED-NTH-ABN2-18,33367_PROT_TRIP_PH_FLT,1281,JED-NTH ABH AH322,33367 Protection Trip (Phase fault) value,1281
33367,JED-NTH-ABN2-18,33367_Y1-RMU33348_ST,11000,JED-NTH ABH AH322,33367 Y1 state,11000
33367,JED-NTH-ABN2-18,33367_TR1-RMU33367_ST,11001,JED-NTH ABH AH322,33367 Q1 state,11001
33367,JED-NTH-ABN2-18,33367_Y2-RMU33368_ST,11002,JED-NTH ABH AH322,33367 Y2 state,11002
33367,JED-NTH-ABN2-18,33367_LR,11004,JED-NTH ABH AH322,33367 Remote/Local value,11004
33367,JED-NTH-ABN2-18,33367_Y1-RMU33348_AMP_A,13015,JED-NTH ABH AH322,33367 Y1 i_a_value(A),13015
33367,JED-NTH-ABN2-18,33367_Y1-RMU33348_AMP_B,13016,JED-NTH ABH AH322,33367 Y1 i_b_value(A),13016
33367,JED-NTH-ABN2-18,33367_Y1-RMU33348_AMP_C,13017,JED-NTH ABH AH322,33367 Y1 i_c_value(A),13017
33367,JED-NTH-ABN2-18,33367_Y1-RMU33348_AMP_N,13018,JED-NTH ABH AH322,33367 Y1 i_n_value(A),13018
33367,JED-NTH-ABN2-18,33367_TR1-RMU33367_AMP_A,13019,JED-NTH ABH AH322,33367 Q1 i_a_value(A),13019
33367,JED-NTH-ABN2-18,33367_TR1-RMU33367_AMP_B,13020,JED-NTH ABH AH322,33367 Q1 i_b_value(A),13020
33367,JED-NTH-ABN2-18,33367_TR1-RMU33367_AMP_C,13021,JED-NTH ABH AH322,33367 Q1 i_c_value(A),13021
33367,JED-NTH-ABN2-18,33367_TR1-RMU33367_AMP_N,13022,JED-NTH ABH AH322,33367 Q1 i_n_value(A),13022
33367,JED-NTH-ABN2-18,33367_Y2-RMU33368_AMP_A,13023,JED-NTH ABH AH322,33367 Y2 i_a_value(A),13023
33367,JED-NTH-ABN2-18,33367_Y2-RMU33368_AMP_B,13024,JED-NTH ABH AH322,33367 Y2 i_b_value(A),13024
33367,JED-NTH-ABN2-18,33367_Y2-RMU33368_AMP_C,13025,JED-NTH ABH AH322,33367 Y2 i_c_value(A),13025
33367,JED-NTH-ABN2-18,33367_Y2-RMU33368_AMP_N,13026,JED-NTH ABH AH322,33367 Y2 i_n_value(A),13026
33367,,,,JED-NTH ABH AH322,33367 Y1 S(kVA),13057
33367,,,,JED-NTH ABH AH322,33367 Y1 P(kW),13058
33367,,,,JED-NTH ABH AH322,33367 Y1 Q(kVar),13059
33367,JED-NTH-ABN2-18,33367_TR1-RMU33367_VOLT_A,13060,JED-NTH ABH AH322,33367 Q1 u_ab_value(kV),13060
33367,JED-NTH-ABN2-18,33367_TR1-RMU33367_VOLT_B,13061,JED-NTH ABH AH322,33367 Q1 u_bc_value(kV),13061
33367,JED-NTH-ABN2-18,33367_TR1-RMU33367_VOLT_C,13062,JED-NTH ABH AH322,33367 Q1 u_ca_value(kV),13062
33367,JED-NTH-ABN2-18,33367_TR1-RMU33367_VOLT_N,13063,JED-NTH ABH AH322,33367 Q1 u_n_value(kV),13063
33367,JED-NTH-ABN2-18,33367_TR1-RMU33367_KVA,13064,JED-NTH ABH AH322,33367 Q1 S(kVA),13064
33367,JED-NTH-ABN2-18,33367_Y1-RMU33348_KVA,13064,,,
33367,JED-NTH-ABN2-18,33367_TR1-RMU33367_KW,13065,JED-NTH ABH AH322,33367 Q1 P(kW),13065
33367,JED-NTH-ABN2-18,33367_Y1-RMU33348_KW,13065,,,
33367,JED-NTH-ABN2-18,33367_TR1-RMU33367_KVAR,13066,JED-NTH ABH AH322,33367 Q1 Q(kVar),13066
33367,JED-NTH-ABN2-18,33367_Y1-RMU33348_KVAR,13066,,,
33367,JED-NTH-ABN2-18,33367_TR1-RMU33367_PF,13067,JED-NTH ABH AH322,33367 Q1 Power factor,13067
33367,,,,JED-NTH ABH AH322,33367 Y2 S(kVA),13068
33367,,,,JED-NTH ABH AH322,33367 Y2 P(kW),13069
33367,,,,JED-NTH ABH AH322,33367 Y2 Q(kVar),13070
33370,JED-NTH-ABN2-18,33370_Y1-33347_CMD,1,JED-NTH ABH AH322,33370 Y1 CMD,1
33370,JED-NTH-ABN2-18,33370_TR1_CMD,5,JED-NTH ABH AH322,33370 Q1 CMD,5
33370,JED-NTH-ABN2-18,33370_Y2-33369_CMD,9,JED-NTH ABH AH322,33370 Y2 CMD,9
33370,JED-NTH-ABN2-18,33370_Y1-33347_ST_LOCK,1000,JED-NTH ABH AH322,33370 Y1/Lock/Unlock indication value,1000
33370,JED-NTH-ABN2-18,33370_Y1-33347_ST_GND,1001,JED-NTH ABH AH322,33370 KY1 state,1001
33370,JED-NTH-ABN2-18,33370_TR1_ST_LOCK,1002,JED-NTH ABH AH322,33370 Q1/Lock/Unlock indication value,1002
33370,JED-NTH-ABN2-18,33370_TR1_ST_GND,1003,JED-NTH ABH AH322,33370 KQ1 state,1003
33370,JED-NTH-ABN2-18,33370_Y2-33369_ST_LOCK,1004,JED-NTH ABH AH322,33370 Y2/Lock/Unlock indication value,1004
33370,JED-NTH-ABN2-18,33370_Y2-33369_ST_GND,1005,JED-NTH ABH AH322,33370 KY2 state,1005
33370,JED-NTH-ABN2-18,33370_BATT_LOW,1008,JED-NTH ABH AH322,33370 Battery low value,1008
33370,JED-NTH-ABN2-18,33370_GAS_LOW,1009,JED-NTH ABH AH322,33370 Gas low value,1009
33370,JED-NTH-ABN2-18,33370_AC_FAIL,1010,JED-NTH ABH AH322,33370 AC power fail value,1010
33370,JED-NTH-ABN2-18,33370_DOOR_OPENED,1011,JED-NTH ABH AH322,33370 Door open value,1011
33370,JED-NTH-ABN2-18,33370_DC_ST,1012,JED-NTH ABH AH322,33370 DC power fail value,1012
33370,JED-NTH-ABN2-18,33370_MOTOR_CRT_FAIL,1013,JED-NTH ABH AH322,33370 Motor circuit fail value,1013
33370,JED-NTH-ABN2-18,33370_RTU_FAIL,1277,JED-NTH ABH AH322,33370 RTU Self diagnostic value,1277
33370,JED-NTH-ABN2-18,33370_EFI,1278,JED-NTH ABH AH322,33370 EFI (Fault indication) value,1278
33370,JED-NTH-ABN2-18,33370_PROT_HEALTH,1279,JED-NTH ABH AH322,33370 Protection Health value,1279
33370,JED-NTH-ABN2-18,33370_PROT_TRIP_EFI,1280,JED-NTH ABH AH322,33370 Protection Trip (Earth fault) value,1280
33370,JED-NTH-ABN2-18,33370_PROT_TRIP_PH_FLT,1281,JED-NTH ABH AH322,33370 Protection Trip (Phase fault) value,1281
33370,JED-NTH-ABN2-18,33370_Y1-33347_ST,11000,JED-NTH ABH AH322,33370 Y1 state,11000
33370,JED-NTH-ABN2-18,33370_TR1_ST,11001,JED-NTH ABH AH322,33370 Q1 state,11001
33370,JED-NTH-ABN2-18,33370_Y2-33369_ST,11002,JED-NTH ABH AH322,33370 Y2 state,11002
33370,JED-NTH-ABN2-18,33370_LR,11004,JED-NTH ABH AH322,33370 Remote/Local value,11004
33370,JED-NTH-ABN2-18,33370_Y1-33347_AMP_A,13015,JED-NTH ABH AH322,33370 Y1 i_a_value(A),13015
33370,JED-NTH-ABN2-18,33370_Y1-33347_AMP_B,13016,JED-NTH ABH AH322,33370 Y1 i_b_value(A),13016
33370,JED-NTH-ABN2-18,33370_Y1-33347_AMP_C,13017,JED-NTH ABH AH322,33370 Y1 i_c_value(A),13017
33370,JED-NTH-ABN2-18,33370_Y1-33347_AMP_N,13018,JED-NTH ABH AH322,33370 Y1 i_n_value(A),13018
33370,JED-NTH-ABN2-18,33370_TR1_AMP_A,13019,JED-NTH ABH AH322,33370 Q1 i_a_value(A),13019
33370,JED-NTH-ABN2-18,33370_TR1_AMP_B,13020,JED-NTH ABH AH322,33370 Q1 i_b_value(A),13020
33370,JED-NTH-ABN2-18,33370_TR1_AMP_C,13021,JED-NTH ABH AH322,33370 Q1 i_c_value(A),13021
33370,JED-NTH-ABN2-18,33370_TR1_AMP_N,13022,JED-NTH ABH AH322,33370 Q1 i_n_value(A),13022
33370,JED-NTH-ABN2-18,33370_Y2-33369_AMP_A,13023,JED-NTH ABH AH322,33370 Y2 i_a_value(A),13023
33370,JED-NTH-ABN2-18,33370_Y2-33369_AMP_B,13024,JED-NTH ABH AH322,33370 Y2 i_b_value(A),13024
33370,JED-NTH-ABN2-18,33370_Y2-33369_AMP_C,13025,JED-NTH ABH AH322,33370 Y2 i_c_value(A),13025
33370,JED-NTH-ABN2-18,33370_Y2-33369_AMP_N,13026,JED-NTH ABH AH322,33370 Y2 i_n_value(A),13026
33370,JED-NTH-ABN2-18,33370_Y1-33347_KVA,13057,JED-NTH ABH AH322,33370 Y1 S(kVA),13057
33370,JED-NTH-ABN2-18,33370_Y1-33347_KVAR,13057,,,
33370,JED-NTH-ABN2-18,33370_Y1-33347_KW,13058,JED-NTH ABH AH322,33370 Y1 P(kW),13058
33370,,,,JED-NTH ABH AH322,33370 Y1 Q(kVar),13059
33370,JED-NTH-ABN2-18,33370_TR1_VOLT_A,13060,JED-NTH ABH AH322,33370 Q1 u_ab_value(kV),13060
33370,JED-NTH-ABN2-18,33370_TR1_VOLT_B,13061,JED-NTH ABH AH322,33370 Q1 u_bc_value(kV),13061
33370,JED-NTH-ABN2-18,33370_TR1_VOLT_C,13062,JED-NTH ABH AH322,33370 Q1 u_ca_value(kV),13062
33370,JED-NTH-ABN2-18,33370_TR1_VN,13063,JED-NTH ABH AH322,33370 Q1 u_n_value(kV),13063
33370,JED-NTH-ABN2-18,33370_TR1_VOLT_N,13063,,,
33370,,,,JED-NTH ABH AH322,33370 Q1 S(kVA),13064
33370,JED-NTH-ABN2-18,33370_TR1_KW,13065,JED-NTH ABH AH322,33370 Q1 P(kW),13065
33370,JED-NTH-ABN2-18,33370_TR1_KVA,13066,JED-NTH ABH AH322,33370 Q1 Q(kVar),13066
33370,JED-NTH-ABN2-18,33370_TR1_KVAR,13066,,,
33370,JED-NTH-ABN2-18,33370_TR1_PF,13067,JED-NTH ABH AH322,33370 Q1 Power factor,13067
33370,JED-NTH-ABN2-18,33370_Y2-33369_KVA,13068,JED-NTH ABH AH322,33370 Y2 S(kVA),13068
33370,JED-NTH-ABN2-18,33370_Y2-33369_KVAR,13068,,,
33370,JED-NTH-ABN2-18,33370_Y2-33369_KW,13069,JED-NTH ABH AH322,33370 Y2 P(kW),13069
33370,,,,JED-NTH ABH AH322,33370 Y2 Q(kVar),13070
33372,JED-NTH-ABN2-8,33372_Y1-RMU33371_CMD,1,JED-NTH ABH AH322,33372 Y1 CMD,1
33372,JED-NTH-ABN2-8,33372_TR1-RMU33372_CMD,5,JED-NTH ABH AH322,33372 Q1 CMD,5
33372,JED-NTH-ABN2-8,33372_Y2-RMU33373_CMD,9,JED-NTH ABH AH322,33372 Y2 CMD,9
33372,JED-NTH-ABN2-8,33372_Y1-RMU33371_ST_LOCK,1000,JED-NTH ABH AH322,33372 Y1/Lock/Unlock indication value,1000
33372,JED-NTH-ABN2-8,33372_Y1-RMU33371_ST_GND,1001,JED-NTH ABH AH322,33372 KY1 state,1001
33372,JED-NTH-ABN2-8,33372_TR1-RMU33372_ST_LOCK,1002,JED-NTH ABH AH322,33372 Q1/Lock/Unlock indication value,1002
33372,JED-NTH-ABN2-8,33372_TR1-RMU33372_ST_GND,1003,JED-NTH ABH AH322,33372 KQ1 state,1003
33372,JED-NTH-ABN2-8,33372_Y2-RMU33373_ST_LOCK,1004,JED-NTH ABH AH322,33372 Y2/Lock/Unlock indication value,1004
33372,JED-NTH-ABN2-8,33372_Y2-RMU33373_ST_GND,1005,JED-NTH ABH AH322,33372 KY2 state,1005
33372,JED-NTH-ABN2-8,33372_BATT_LOW,1008,JED-NTH ABH AH322,33372 Battery low value,1008
33372,JED-NTH-ABN2-8,33372_GAS_LOW,1009,JED-NTH ABH AH322,33372 Gas low value,1009
33372,JED-NTH-ABN2-8,33372_AC_FAIL,1010,JED-NTH ABH AH322,33372 AC power fail value,1010
33372,JED-NTH-ABN2-8,33372_DOOR_OPENED,1011,JED-NTH ABH AH322,33372 Door open value,1011
33372,JED-NTH-ABN2-8,33372_DC_ST,1012,JED-NTH ABH AH322,33372 DC power fail value,1012
33372,JED-NTH-ABN2-8,33372_MOTOR_CRT_FAIL,1013,JED-NTH ABH AH322,33372 Motor circuit fail value,1013
33372,JED-NTH-ABN2-8,33372_RTU_FAIL,1277,JED-NTH ABH AH322,33372 RTU Self diagnostic value,1277
33372,JED-NTH-ABN2-8,33372_EFI,1278,JED-NTH ABH AH322,33372 EFI (Fault indication) value,1278
33372,JED-NTH-ABN2-8,33372_PROT_HEALTH,1279,JED-NTH ABH AH322,33372 Protection Health value,1279
33372,JED-NTH-ABN2-8,33372_PROT_TRIP_EFI,1280,JED-NTH ABH AH322,33372 Protection Trip (Earth fault) value,1280
33372,JED-NTH-ABN2-8,33372_PROT_TRIP_PH_FLT,1281,JED-NTH ABH AH322,33372 Protection Trip (Phase fault) value,1281
33372,JED-NTH-ABN2-8,33372_Y1-RMU33371_ST,11000,JED-NTH ABH AH322,33372 Y1 state,11000
33372,JED-NTH-ABN2-8,33372_TR1-RMU33372_ST,11001,JED-NTH ABH AH322,33372 Q1 state,11001
33372,JED-NTH-ABN2-8,33372_Y2-RMU33373_ST,11002,JED-NTH ABH AH322,33372 Y2 state,11002
33372,JED-NTH-ABN2-8,33372_LR,11004,JED-NTH ABH AH322,33372 Remote/Local value,11004
33372,JED-NTH-ABN2-8,33372_Y1-RMU33371_AMP_A,13015,JED-NTH ABH AH322,33372 Y1 i_a_value(A),13015
33372,JED-NTH-ABN2-8,33372_Y1-RMU33371_AMP_B,13016,JED-NTH ABH AH322,33372 Y1 i_b_value(A),13016
33372,JED-NTH-ABN2-8,33372_Y1-RMU33371_AMP_C,13017,JED-NTH ABH AH322,33372 Y1 i_c_value(A),13017
33372,JED-NTH-ABN2-8,33372_Y1-RMU33371_AMP_N,13018,JED-NTH ABH AH322,33372 Y1 i_n_value(A),13018
33372,JED-NTH-ABN2-8,33372_TR1-RMU33372_AMP_A,13019,JED-NTH ABH AH322,33372 Q1 i_a_value(A),13019
33372,JED-NTH-ABN2-8,33372_TR1-RMU33372_AMP_B,13020,JED-NTH ABH AH322,33372 Q1 i_b_value(A),13020
33372,JED-NTH-ABN2-8,33372_TR1-RMU33372_AMP_C,13021,JED-NTH ABH AH322,33372 Q1 i_c_value(A),13021
33372,JED-NTH-ABN2-8,33372_TR1-RMU33372_AMP_N,13022,JED-NTH ABH AH322,33372 Q1 i_n_value(A),13022
33372,JED-NTH-ABN2-8,33372_Y2-RMU33373_AMP_A,13023,JED-NTH ABH AH322,33372 Y2 i_a_value(A),13023
33372,JED-NTH-ABN2-8,33372_Y2-RMU33373_AMP_B,13024,JED-NTH ABH AH322,33372 Y2 i_b_value(A),13024
33372,JED-NTH-ABN2-8,33372_Y2-RMU33373_AMP_C,13025,JED-NTH ABH AH322,33372 Y2 i_c_value(A),13025
33372,JED-NTH-ABN2-8,33372_Y2-RMU33373_AMP_N,13026,JED-NTH ABH AH322,33372 Y2 i_n_value(A),13026
33372,,,,JED-NTH ABH AH322,33372 Y1 S(kVA),13057
33372,,,,JED-NTH ABH AH322,33372 Y1 P(kW),13058
33372,,,,JED-NTH ABH AH322,33372 Y1 Q(kVar),13059
33372,JED-NTH-ABN2-8,33372_TR1-RMU33372_VOLT_A,13060,JED-NTH ABH AH322,33372 Q1 u_ab_value(kV),13060
33372,JED-NTH-ABN2-8,33372_TR1-RMU33372_VOLT_B,13061,JED-NTH ABH AH322,33372 Q1 u_bc_value(kV),13061
33372,JED-NTH-ABN2-8,33372_TR1-RMU33372_VOLT_C,13062,JED-NTH ABH AH322,33372 Q1 u_ca_value(kV),13062
33372,JED-NTH-ABN2-8,33372_TR1-RMU33372_VOLT_N,13063,JED-NTH ABH AH322,33372 Q1 u_n_value(kV),13063
33372,JED-NTH-ABN2-8,33372_TR1-RMU33372_KVA,13064,JED-NTH ABH AH322,33372 Q1 S(kVA),13064
33372,JED-NTH-ABN2-8,33372_TR1-RMU33372_KW,13065,JED-NTH ABH AH322,33372 Q1 P(kW),13065
33372,JED-NTH-ABN2-8,33372_TR1-RMU33372_KVAR,13066,JED-NTH ABH AH322,33372 Q1 Q(kVar),13066
33372,JED-NTH-ABN2-8,33372_TR1-RMU33372_PF,13067,JED-NTH ABH AH322,33372 Q1 Power factor,13067
33372,JED-NTH-ABN2-8,33372_Y2-RMU33373_KVA,13068,JED-NTH ABH AH322,33372 Y2 S(kVA),13068
33372,JED-NTH-ABN2-8,33372_Y2-RMU33373_KW,13069,JED-NTH ABH AH322,33372 Y2 P(kW),13069
33372,JED-NTH-ABN2-8,33372_Y2-RMU33373_KVAR,13070,JED-NTH ABH AH322,33372 Y2 Q(kVar),13070
33390,JED-NTH-JEC-43,33390_Y1-RMU33344_CMD,1,JED-NTH ABH AH322,33390 Y1 CMD,1
33390,JED-NTH-JEC-43,33390_TR1-RMU33390_CMD,5,JED-NTH ABH AH322,33390 Q1 CMD,5
33390,JED-NTH-JEC-43,33390_Y2-RMU33392_CMD,9,JED-NTH ABH AH322,33390 Y2 CMD,9
33390,JED-NTH-JEC-43,33390_Y1-RMU33344_ST_LOCK,1000,JED-NTH ABH AH322,33390 Y1/Lock/Unlock indication value,1000
33390,JED-NTH-JEC-43,33390_Y1-RMU33344_ST_GND,1001,JED-NTH ABH AH322,33390 KY1 state,1001
33390,JED-NTH-JEC-43,33390_TR1-RMU33390_ST_LOCK,1002,JED-NTH ABH AH322,33390 Q1/Lock/Unlock indication value,1002
33390,JED-NTH-JEC-43,33390_TR1-RMU33390_ST_GND,1003,JED-NTH ABH AH322,33390 KQ1 state,1003
33390,JED-NTH-JEC-43,33390_Y2-RMU33392_ST_LOCK,1004,JED-NTH ABH AH322,33390 Y2/Lock/Unlock indication value,1004
33390,JED-NTH-JEC-43,33390_Y2-RMU33392_ST_GND,1005,JED-NTH ABH AH322,33390 KY2 state,1005
33390,JED-NTH-JEC-43,33390_BATT_LOW,1008,JED-NTH ABH AH322,33390 Battery low value,1008
33390,JED-NTH-JEC-43,33390_GAS_LOW,1009,JED-NTH ABH AH322,33390 Gas low value,1009
33390,JED-NTH-JEC-43,33390_AC_FAIL,1010,JED-NTH ABH AH322,33390 AC power fail value,1010
33390,JED-NTH-JEC-43,33390_DOOR_OPENED,1011,JED-NTH ABH AH322,33390 Door open value,1011
33390,JED-NTH-JEC-43,33390_DC_ST,1012,JED-NTH ABH AH322,33390 DC power fail value,1012
33390,JED-NTH-JEC-43,33390_MOTOR_CRT_FAIL,1013,JED-NTH ABH AH322,33390 Motor circuit fail value,1013
33390,JED-NTH-JEC-43,33390_RTU_FAIL,1277,JED-NTH ABH AH322,33390 RTU Self diagnostic value,1277
33390,JED-NTH-JEC-43,33390_EFI,1278,JED-NTH ABH AH322,33390 EFI (Fault indication) value,1278
33390,JED-NTH-JEC-43,33390_PROT_HEALTH,1279,JED-NTH ABH AH322,33390 Protection Health value,1279
33390,JED-NTH-JEC-43,33390_PROT_TRIP_EFI,1280,JED-NTH ABH AH322,33390 Protection Trip (Earth fault) value,1280
33390,JED-NTH-JEC-43,33390_PROT_TRIP_PH_FLT,1281,JED-NTH ABH AH322,33390 Protection Trip (Phase fault) value,1281
33390,JED-NTH-JEC-43,33390_Y1-RMU33344_ST,11000,JED-NTH ABH AH322,33390 Y1 state,11000
33390,JED-NTH-JEC-43,33390_TR1-RMU33390_ST,11001,JED-NTH ABH AH322,33390 Q1 state,11001
33390,JED-NTH-JEC-43,33390_Y2-RMU33392_ST,11002,JED-NTH ABH AH322,33390 Y2 state,11002
33390,JED-NTH-JEC-43,33390_LR,11004,JED-NTH ABH AH322,33390 Remote/Local value,11004
33390,JED-NTH-JEC-43,33390_Y1-RMU33344_AMP_A,13015,JED-NTH ABH AH322,33390 Y1 i_a_value(A),13015
33390,JED-NTH-JEC-43,33390_Y1-RMU33344_AMP_B,13016,JED-NTH ABH AH322,33390 Y1 i_b_value(A),13016
33390,JED-NTH-JEC-43,33390_Y1-RMU33344_AMP_C,13017,JED-NTH ABH AH322,33390 Y1 i_c_value(A),13017
33390,JED-NTH-JEC-43,33390_Y1-RMU33344_AMP_N,13018,JED-NTH ABH AH322,33390 Y1 i_n_value(A),13018
33390,JED-NTH-JEC-43,33390_TR1-RMU33390_AMP_A,13019,JED-NTH ABH AH322,33390 Q1 i_a_value(A),13019
33390,JED-NTH-JEC-43,33390_TR1-RMU33390_AMP_B,13020,JED-NTH ABH AH322,33390 Q1 i_b_value(A),13020
33390,JED-NTH-JEC-43,33390_TR1-RMU33390_AMP_C,13021,JED-NTH ABH AH322,33390 Q1 i_c_value(A),13021
33390,JED-NTH-JEC-43,33390_TR1-RMU33390_AMP_N,13022,JED-NTH ABH AH322,33390 Q1 i_n_value(A),13022
33390,JED-NTH-JEC-43,33390_Y2-RMU33392_AMP_A,13023,JED-NTH ABH AH322,33390 Y2 i_a_value(A),13023
33390,JED-NTH-JEC-43,33390_Y2-RMU33392_AMP_B,13024,JED-NTH ABH AH322,33390 Y2 i_b_value(A),13024
33390,JED-NTH-JEC-43,33390_Y2-RMU33392_AMP_C,13025,JED-NTH ABH AH322,33390 Y2 i_c_value(A),13025
33390,JED-NTH-JEC-43,33390_Y2-RMU33392_AMP_N,13026,JED-NTH ABH AH322,33390 Y2 i_n_value(A),13026
33390,,,,JED-NTH ABH AH322,33390 Y1 S(kVA),13057
33390,,,,JED-NTH ABH AH322,33390 Y1 P(kW),13058
33390,,,,JED-NTH ABH AH322,33390 Y1 Q(kVar),13059
33390,JED-NTH-JEC-43,33390_TR1-RMU33390_VOLT_A,13060,JED-NTH ABH AH322,33390 Q1 u_ab_value(kV),13060
33390,JED-NTH-JEC-43,33390_TR1-RMU33390_VOLT_B,13061,JED-NTH ABH AH322,33390 Q1 u_bc_value(kV),13061
33390,JED-NTH-JEC-43,33390_TR1-RMU33390_VOLT_C,13062,JED-NTH ABH AH322,33390 Q1 u_ca_value(kV),13062
33390,JED-NTH-JEC-43,33390_TR1-RMU33390_VOLT_N,13063,JED-NTH ABH AH322,33390 Q1 u_n_value(kV),13063
33390,JED-NTH-JEC-43,33390_TR1-RMU33390_KVA,13064,JED-NTH ABH AH322,33390 Q1 S(kVA),13064
33390,JED-NTH-JEC-43,33390_Y1-RMU33344_KVA,13064,,,
33390,JED-NTH-JEC-43,33390_TR1-RMU33390_KW,13065,JED-NTH ABH AH322,33390 Q1 P(kW),13065
33390,JED-NTH-JEC-43,33390_Y1-RMU33344_KW,13065,,,
33390,JED-NTH-JEC-43,33390_TR1-RMU33390_KVAR,13066,JED-NTH ABH AH322,33390 Q1 Q(kVar),13066
33390,JED-NTH-JEC-43,33390_Y1-RMU33344_KVAR,13066,,,
33390,JED-NTH-JEC-43,33390_TR1-RMU33390_PF,13067,JED-NTH ABH AH322,33390 Q1 Power factor,13067
33390,,,,JED-NTH ABH AH322,33390 Y2 S(kVA),13068
33390,,,,JED-NTH ABH AH322,33390 Y2 P(kW),13069
33390,,,,JED-NTH ABH AH322,33390 Y2 Q(kVar),13070
33402,JED-NTH-JEC-43,33402_Y1-RMU33395_CMD,1,JED-NTH ABH AH323,33402 Y1 CMD,1
33402,JED-NTH-JEC-43,33402_TR1-RMU33402_CMD,5,JED-NTH ABH AH323,33402 Q1 CMD,5
33402,JED-NTH-JEC-43,33402_Y2-RMU33409_CMD,9,JED-NTH ABH AH323,33402 Y2 CMD,9
33402,JED-NTH-JEC-43,33402_Y1-RMU33395_ST_LOCK,1000,JED-NTH ABH AH323,33402 Y1/Lock/Unlock indication value,1000
33402,JED-NTH-JEC-43,33402_Y1-RMU33395_ST_GND,1001,JED-NTH ABH AH323,33402 KY1 state,1001
33402,JED-NTH-JEC-43,33402_TR1-RMU33402_ST_LOCK,1002,JED-NTH ABH AH323,33402 Q1/Lock/Unlock indication value,1002
33402,JED-NTH-JEC-43,33402_TR1-RMU33402_ST_GND,1003,JED-NTH ABH AH323,33402 KQ1 state,1003
33402,JED-NTH-JEC-43,33402_Y2-RMU33409_ST_LOCK,1004,JED-NTH ABH AH323,33402 Y2/Lock/Unlock indication value,1004
33402,JED-NTH-JEC-43,33402_Y2-RMU33409_ST_GND,1005,JED-NTH ABH AH323,33402 KY2 state,1005
33402,JED-NTH-JEC-43,33402_BATT_LOW,1008,JED-NTH ABH AH323,33402 Battery low value,1008
33402,JED-NTH-JEC-43,33402_GAS_LOW,1009,JED-NTH ABH AH323,33402 Gas low value,1009
33402,JED-NTH-JEC-43,33402_AC_FAIL,1010,JED-NTH ABH AH323,33402 AC power fail value,1010
33402,JED-NTH-JEC-43,33402_DOOR_OPENED,1011,JED-NTH ABH AH323,33402 Door open value,1011
33402,JED-NTH-JEC-43,33402_DC_ST,1012,JED-NTH ABH AH323,33402 DC power fail value,1012
33402,JED-NTH-JEC-43,33402_MOTOR_CRT_FAIL,1013,JED-NTH ABH AH323,33402 Motor circuit fail value,1013
33402,JED-NTH-JEC-43,33402_RTU_FAIL,1277,JED-NTH ABH AH323,33402 RTU Self diagnostic value,1277
33402,JED-NTH-JEC-43,33402_EFI,1278,JED-NTH ABH AH323,33402 EFI (Fault indication) value,1278
33402,JED-NTH-JEC-43,33402_PROT_HEALTH,1279,JED-NTH ABH AH323,33402 Protection Health value,1279
33402,JED-NTH-JEC-43,33402_PROT_TRIP_EFI,1280,JED-NTH ABH AH323,33402 Protection Trip (Earth fault) value,1280
33402,JED-NTH-JEC-43,33402_PROT_TRIP_PH_FLT,1281,JED-NTH ABH AH323,33402 Protection Trip (Phase fault) value,1281
33402,JED-NTH-JEC-43,33402_Y1-RMU33395_ST,11000,JED-NTH ABH AH323,33402 Y1 state,11000
33402,JED-NTH-JEC-43,33402_TR1-RMU33402_ST,11001,JED-NTH ABH AH323,33402 Q1 state,11001
33402,JED-NTH-JEC-43,33402_Y2-RMU33409_ST,11002,JED-NTH ABH AH323,33402 Y2 state,11002
33402,JED-NTH-JEC-43,33402_LR,11004,JED-NTH ABH AH323,33402 Remote/Local value,11004
33402,JED-NTH-JEC-43,33402_Y1-RMU33395_AMP_A,13015,JED-NTH ABH AH323,33402 Y1 i_a_value(A),13015
33402,JED-NTH-JEC-43,33402_Y1-RMU33395_AMP_B,13016,JED-NTH ABH AH323,33402 Y1 i_b_value(A),13016
33402,JED-NTH-JEC-43,33402_Y1-RMU33395_AMP_C,13017,JED-NTH ABH AH323,33402 Y1 i_c_value(A),13017
33402,JED-NTH-JEC-43,33402_Y1-RMU33395_AMP_N,13018,JED-NTH ABH AH323,33402 Y1 i_n_value(A),13018
33402,JED-NTH-JEC-43,33402_TR1-RMU33402_AMP_A,13019,JED-NTH ABH AH323,33402 Q1 i_a_value(A),13019
33402,JED-NTH-JEC-43,33402_TR1-RMU33402_AMP_B,13020,JED-NTH ABH AH323,33402 Q1 i_b_value(A),13020
33402,JED-NTH-JEC-43,33402_TR1-RMU33402_AMP_C,13021,JED-NTH ABH AH323,33402 Q1 i_c_value(A),13021
33402,JED-NTH-JEC-43,33402_TR1-RMU33402_AMP_N,13022,JED-NTH ABH AH323,33402 Q1 i_n_value(A),13022
33402,JED-NTH-JEC-43,33402_Y2-RMU33409_AMP_A,13023,JED-NTH ABH AH323,33402 Y2 i_a_value(A),13023
33402,JED-NTH-JEC-43,33402_Y2-RMU33409_AMP_B,13024,JED-NTH ABH AH323,33402 Y2 i_b_value(A),13024
33402,JED-NTH-JEC-43,33402_Y2-RMU33409_AMP_C,13025,JED-NTH ABH AH323,33402 Y2 i_c_value(A),13025
33402,JED-NTH-JEC-43,33402_Y2-RMU33409_AMP_N,13026,JED-NTH ABH AH323,33402 Y2 i_n_value(A),13026
33402,,,,JED-NTH ABH AH323,33402 Y1 S(kVA),13057
33402,,,,JED-NTH ABH AH323,33402 Y1 P(kW),13058
33402,,,,JED-NTH ABH AH323,33402 Y1 Q(kVar),13059
33402,JED-NTH-JEC-43,33402_TR1-RMU33402_VOLT_A,13060,JED-NTH ABH AH323,33402 Q1 u_ab_value(kV),13060
33402,JED-NTH-JEC-43,33402_TR1-RMU33402_VOLT_B,13061,JED-NTH ABH AH323,33402 Q1 u_bc_value(kV),13061
33402,JED-NTH-JEC-43,33402_TR1-RMU33402_VOLT_C,13062,JED-NTH ABH AH323,33402 Q1 u_ca_value(kV),13062
33402,JED-NTH-JEC-43,33402_TR1-RMU33402_VOLT_N,13063,JED-NTH ABH AH323,33402 Q1 u_n_value(kV),13063
33402,JED-NTH-JEC-43,33402_TR1-RMU33402_KVA,13064,JED-NTH ABH AH323,33402 Q1 S(kVA),13064
33402,JED-NTH-JEC-43,33402_TR1-RMU33402_KW,13065,JED-NTH ABH AH323,33402 Q1 P(kW),13065
33402,JED-NTH-JEC-43,33402_TR1-RMU33402_KVAR,13066,JED-NTH ABH AH323,33402 Q1 Q(kVar),13066
33402,JED-NTH-JEC-43,33402_TR1-RMU33402_PF,13067,JED-NTH ABH AH323,33402 Q1 Power factor,13067
33402,JED-NTH-JEC-43,33402_Y2-RMU33409_KVA,13068,JED-NTH ABH AH323,33402 Y2 S(kVA),13068
33402,JED-NTH-JEC-43,33402_Y2-RMU33409_KW,13069,JED-NTH ABH AH323,33402 Y2 P(kW),13069
33402,JED-NTH-JEC-43,33402_Y2-RMU33409_KVAR,13070,JED-NTH ABH AH323,33402 Y2 Q(kVar),13070
33404,JED-NTH-JEC-43,33404_Y1-33410_CMD,1,JED-NTH ABH AH323,33404 Y1 CMD,1
33404,JED-NTH-JEC-43,33404_Y2-33388_CMD,5,JED-NTH ABH AH323,33404 Y2 CMD,5
33404,JED-NTH-JEC-43,33404_TR1_CMD,9,JED-NTH ABH AH323,33404 Q1 CMD,9
33404,JED-NTH-JEC-43,33404_Y3-33395_CMD,13,JED-NTH ABH AH323,33404 Y3 CMD,13
33404,JED-NTH-JEC-43,33404_Y1-33410_ST_LOCK,1000,JED-NTH ABH AH323,33404 Y1/Lock/Unlock indication value,1000
33404,JED-NTH-JEC-43,33404_Y1-33410_ST_GND,1001,JED-NTH ABH AH323,33404 KY1 state,1001
33404,JED-NTH-JEC-43,33404_Y2-33388_ST_LOCK,1002,JED-NTH ABH AH323,33404 Y2/Lock/Unlock indication value,1002
33404,JED-NTH-JEC-43,33404_Y2-33388_ST_GND,1003,JED-NTH ABH AH323,33404 KY2 state,1003
33404,JED-NTH-JEC-43,33404_TR1_ST_LOCK,1004,JED-NTH ABH AH323,33404 Q1/Lock/Unlock indication value,1004
33404,JED-NTH-JEC-43,33404_TR1_ST_GND,1005,JED-NTH ABH AH323,33404 KQ1 state,1005
33404,JED-NTH-JEC-43,33404_Y3-33395_ST_LOCK,1006,JED-NTH ABH AH323,33404 Y3/Lock/Unlock indication value,1006
33404,JED-NTH-JEC-43,33404_Y3-33395_ST_GND,1007,JED-NTH ABH AH323,33404 KY3 state,1007
33404,JED-NTH-JEC-43,33404_BATT_LOW,1008,JED-NTH ABH AH323,33404 Battery low value,1008
33404,JED-NTH-JEC-43,33404_GAS_LOW,1009,JED-NTH ABH AH323,33404 Gas low value,1009
33404,JED-NTH-JEC-43,33404_AC_FAIL,1010,JED-NTH ABH AH323,33404 AC power fail value,1010
33404,JED-NTH-JEC-43,33404_DOOR_OPENED,1011,JED-NTH ABH AH323,33404 Door open value,1011
33404,JED-NTH-JEC-43,33404_DC_ST,1012,JED-NTH ABH AH323,33404 DC power fail value,1012
33404,JED-NTH-JEC-43,33404_MOTOR_CRT_FAIL,1013,JED-NTH ABH AH323,33404 Motor circuit fail value,1013
33404,JED-NTH-JEC-43,33404_RTU_FAIL,1277,JED-NTH ABH AH323,33404 RTU Self diagnostic value,1277
33404,JED-NTH-JEC-43,33404_EFI,1278,JED-NTH ABH AH323,33404 EFI (Fault indication) value,1278
33404,JED-NTH-JEC-43,33404_PROT_HEALTH,1279,JED-NTH ABH AH323,33404 Protection Health value,1279
33404,JED-NTH-JEC-43,33404_PROT_TRIP_EFI,1280,JED-NTH ABH AH323,33404 Protection Trip (Earth fault) value,1280
33404,JED-NTH-JEC-43,33404_PROT_TRIP_PH_FLT,1281,JED-NTH ABH AH323,33404 Protection Trip (Phase fault) value,1281
33404,JED-NTH-JEC-43,33404_Y1-33410_ST,11000,JED-NTH ABH AH323,33404 Y1 state,11000
33404,JED-NTH-JEC-43,33404_Y2-33388_ST,11001,JED-NTH ABH AH323,33404 Y2 state,11001
33404,JED-NTH-JEC-43,33404_TR1_ST,11002,JED-NTH ABH AH323,33404 Q1 state,11002
33404,JED-NTH-JEC-43,33404_Y3-33395_ST,11003,JED-NTH ABH AH323,33404 Y3 state,11003
33404,JED-NTH-JEC-43,33404_LR,11004,JED-NTH ABH AH323,33404 Remote/Local value,11004
33404,JED-NTH-JEC-43,33404_Y1-33410_AMP_A,13015,JED-NTH ABH AH323,33404 Y1 i_a_value(A),13015
33404,JED-NTH-JEC-43,33404_Y1-33410_AMP_B,13016,JED-NTH ABH AH323,33404 Y1 i_b_value(A),13016
33404,JED-NTH-JEC-43,33404_Y1-33410_AMP_C,13017,JED-NTH ABH AH323,33404 Y1 i_c_value(A),13017
33404,JED-NTH-JEC-43,33404_Y1-33410_AMP_N,13018,JED-NTH ABH AH323,33404 Y1 i_n_value(A),13018
33404,JED-NTH-JEC-43,33404_Y2-33388_AMP_A,13019,JED-NTH ABH AH323,33404 Y2 i_a_value(A),13019
33404,JED-NTH-JEC-43,33404_Y2-33388_AMP_B,13020,JED-NTH ABH AH323,33404 Y2 i_b_value(A),13020
33404,JED-NTH-JEC-43,33404_Y2-33388_AMP_C,13021,JED-NTH ABH AH323,33404 Y2 i_c_value(A),13021
33404,JED-NTH-JEC-43,33404_Y2-33388_AMP_N,13022,JED-NTH ABH AH323,33404 Y2 i_n_value(A),13022
33404,JED-NTH-JEC-43,33404_TR1_AMP_A,13023,JED-NTH ABH AH323,33404 Q1 i_a_value(A),13023
33404,JED-NTH-JEC-43,33404_TR1_AMP_B,13024,JED-NTH ABH AH323,33404 Q1 i_b_value(A),13024
33404,JED-NTH-JEC-43,33404_TR1_AMP_C,13025,JED-NTH ABH AH323,33404 Q1 i_c_value(A),13025
33404,JED-NTH-JEC-43,33404_TR1_AMP_N,13026,JED-NTH ABH AH323,33404 Q1 i_n_value(A),13026
33404,JED-NTH-JEC-43,33404_Y3-33395_AMP_A,13027,JED-NTH ABH AH323,33404 Y3 i_a_value(A),13027
33404,JED-NTH-JEC-43,33404_Y3-33395_AMP_B,13028,JED-NTH ABH AH323,33404 Y3 i_b_value(A),13028
33404,JED-NTH-JEC-43,33404_Y3-33395_AMP_C,13029,JED-NTH ABH AH323,33404 Y3 i_c_value(A),13029
33404,JED-NTH-JEC-43,33404_Y3-33395_AMP_N,13030,JED-NTH ABH AH323,33404 Y3 i_n_value(A),13030
33404,JED-NTH-JEC-43,33404_Y1-33410_KVA,13057,JED-NTH ABH AH323,33404 Y1 S(kVA),13057
33404,JED-NTH-JEC-43,33404_Y1-33410_KW,13058,JED-NTH ABH AH323,33404 Y1 P(kW),13058
33404,JED-NTH-JEC-43,33404_Y1-33410_KVAR,13059,JED-NTH ABH AH323,33404 Y1 Q(kVar),13059
33404,JED-NTH-JEC-43,33404_Y2-33388_KVA,13060,JED-NTH ABH AH323,33404 Y2 S(kVA),13060
33404,JED-NTH-JEC-43,33404_Y2-33388_KW,13061,JED-NTH ABH AH323,33404 Y2 P(kW),13061
33404,JED-NTH-JEC-43,33404_Y2-33388_KVAR,13062,JED-NTH ABH AH323,33404 Y2 Q(kVar),13062
33404,JED-NTH-JEC-43,33404_TR1_VOLT_A,13063,JED-NTH ABH AH323,33404 Q1 u_ab_value(kV),13063
33404,JED-NTH-JEC-43,33404_TR1_VOLT_B,13064,JED-NTH ABH AH323,33404 Q1 u_bc_value(kV),13064
33404,JED-NTH-JEC-43,33404_TR1_VOLT_C,13065,JED-NTH ABH AH323,33404 Q1 u_ca_value(kV),13065
33404,JED-NTH-JEC-43,33404_TR1_VOLT_N,13066,JED-NTH ABH AH323,33404 Q1 u_n_value(kV),13066
33404,JED-NTH-JEC-43,33404_TR1_KVA,13067,JED-NTH ABH AH323,33404 Q1 S(kVA),13067
33404,JED-NTH-JEC-43,33404_TR1_KW,13068,JED-NTH ABH AH323,33404 Q1 P(kW),13068
33404,JED-NTH-JEC-43,33404_TR1_KVAR,13069,JED-NTH ABH AH323,33404 Q1 Q(kVar),13069
33404,JED-NTH-JEC-43,33404_TR1_PF,13070,JED-NTH ABH AH323,33404 Q1 Power factor,13070
33404,JED-NTH-JEC-43,33404_Y3-33395_KVA,13071,JED-NTH ABH AH323,33404 Y3 S(kVA),13071
33404,JED-NTH-JEC-43,33404_Y3-33395_KW,13072,JED-NTH ABH AH323,33404 Y3 P(kW),13072
33404,JED-NTH-JEC-43,33404_Y3-33395_KVAR,13073,JED-NTH ABH AH323,33404 Y3 Q(kVar),13073
33410,JED-NTH-ABN2-18,33410_Y1-RMU33433_CMD,1,JED-NTH ABH AH323,33410 Y1 CMD,1
33410,JED-NTH-ABN2-18,33410_Y2-RMU33412_CMD,5,JED-NTH ABH AH323,33410 Y2 CMD,5
33410,JED-NTH-ABN2-18,33410_TR1-RMU33410_CMD,9,JED-NTH ABH AH323,33410 Q1 CMD,9
33410,JED-NTH-ABN2-18,33410_Y3-RMU23404_CMD,13,JED-NTH ABH AH323,33410 Y3 CMD,13
33410,JED-NTH-ABN2-18,33410_Y1-RMU33433_ST_LOCK,1000,JED-NTH ABH AH323,33410 Y1/Lock/Unlock indication value,1000
33410,JED-NTH-ABN2-18,33410_Y1-RMU33433_ST_GND,1001,JED-NTH ABH AH323,33410 KY1 state,1001
33410,JED-NTH-ABN2-18,33410_Y2-RMU33412_ST_LOCK,1002,JED-NTH ABH AH323,33410 Y2/Lock/Unlock indication value,1002
33410,JED-NTH-ABN2-18,33410_Y2-RMU33412_ST_GND,1003,JED-NTH ABH AH323,33410 KY2 state,1003
33410,JED-NTH-ABN2-18,33410_TR1-RMU33410_ST_LOCK,1004,JED-NTH ABH AH323,33410 Q1/Lock/Unlock indication value,1004
33410,JED-NTH-ABN2-18,33410_TR1-RMU33410_ST_GND,1005,JED-NTH ABH AH323,33410 KQ1 state,1005
33410,JED-NTH-ABN2-18,33410_Y3-RMU23404_ST_LOCK,1006,JED-NTH ABH AH323,33410 Y3/Lock/Unlock indication value,1006
33410,JED-NTH-ABN2-18,33410_Y3-RMU23404_ST_GND,1007,JED-NTH ABH AH323,33410 KY3 state,1007
33410,JED-NTH-ABN2-18,33410_BATT_LOW,1008,JED-NTH ABH AH323,33410 Battery low value,1008
33410,JED-NTH-ABN2-18,33410_GAS_LOW,1009,JED-NTH ABH AH323,33410 Gas low value,1009
33410,JED-NTH-ABN2-18,33410_AC_FAIL,1010,JED-NTH ABH AH323,33410 AC power fail value,1010
33410,JED-NTH-ABN2-18,33410_DOOR_OPENED,1011,JED-NTH ABH AH323,33410 Door open value,1011
33410,JED-NTH-ABN2-18,33410_DC_ST,1012,JED-NTH ABH AH323,33410 DC power fail value,1012
33410,JED-NTH-ABN2-18,33410_MOTOR_CRT_FAIL,1013,JED-NTH ABH AH323,33410 Motor circuit fail value,1013
33410,JED-NTH-ABN2-18,33410_RTU_FAIL,1277,JED-NTH ABH AH323,33410 RTU Self diagnostic value,1277
33410,JED-NTH-ABN2-18,33410_EFI,1278,JED-NTH ABH AH323,33410 EFI (Fault indication) value,1278
33410,JED-NTH-ABN2-18,33410_PROT_HEALTH,1279,JED-NTH ABH AH323,33410 Protection Health value,1279
33410,JED-NTH-ABN2-18,33410_PROT_TRIP_EFI,1280,JED-NTH ABH AH323,33410 Protection Trip (Earth fault) value,1280
33410,JED-NTH-ABN2-18,33410_PROT_TRIP_PH_FLT,1281,JED-NTH ABH AH323,33410 Protection Trip (Phase fault) value,1281
33410,JED-NTH-ABN2-18,33410_Y1-RMU33433_ST,11000,JED-NTH ABH AH323,33410 Y1 state,11000
33410,JED-NTH-ABN2-18,33410_Y2-RMU33412_ST,11001,JED-NTH ABH AH323,33410 Y2 state,11001
33410,JED-NTH-ABN2-18,33410_TR1-RMU33410_ST,11002,JED-NTH ABH AH323,33410 Q1 state,11002
33410,JED-NTH-ABN2-18,33410_Y3-RMU23404_ST,11003,JED-NTH ABH AH323,33410 Y3 state,11003
33410,JED-NTH-ABN2-18,33410_LR,11004,JED-NTH ABH AH323,33410 Remote/Local value,11004
33410,JED-NTH-ABN2-18,33410_Y1-RMU33433_AMP_A,13015,JED-NTH ABH AH323,33410 Y1 i_a_value(A),13015
33410,JED-NTH-ABN2-18,33410_Y1-RMU33433_AMP_B,13016,JED-NTH ABH AH323,33410 Y1 i_b_value(A),13016
33410,JED-NTH-ABN2-18,33410_Y1-RMU33433_AMP_C,13017,JED-NTH ABH AH323,33410 Y1 i_c_value(A),13017
33410,JED-NTH-ABN2-18,33410_Y1-RMU33433_AMP_N,13018,JED-NTH ABH AH323,33410 Y1 i_n_value(A),13018
33410,JED-NTH-ABN2-18,33410_Y2-RMU33412_AMP_A,13019,JED-NTH ABH AH323,33410 Y2 i_a_value(A),13019
33410,JED-NTH-ABN2-18,33410_Y2-RMU33412_AMP_B,13020,JED-NTH ABH AH323,33410 Y2 i_b_value(A),13020
33410,JED-NTH-ABN2-18,33410_Y2-RMU33412_AMP_C,13021,JED-NTH ABH AH323,33410 Y2 i_c_value(A),13021
33410,JED-NTH-ABN2-18,33410_Y2-RMU33412_AMP_N,13022,JED-NTH ABH AH323,33410 Y2 i_n_value(A),13022
33410,JED-NTH-ABN2-18,33410_TR1-RMU33410_AMP_A,13023,JED-NTH ABH AH323,33410 Q1 i_a_value(A),13023
33410,JED-NTH-ABN2-18,33410_TR1-RMU33410_AMP_B,13024,JED-NTH ABH AH323,33410 Q1 i_b_value(A),13024
33410,JED-NTH-ABN2-18,33410_TR1-RMU33410_AMP_C,13025,JED-NTH ABH AH323,33410 Q1 i_c_value(A),13025
33410,JED-NTH-ABN2-18,33410_TR1-RMU33410_AMP_N,13025,,,
33410,,,,JED-NTH ABH AH323,33410 Q1 i_n_value(A),13026
33410,JED-NTH-ABN2-18,33410_Y3-RMU23404_AMP_A,13027,JED-NTH ABH AH323,33410 Y3 i_a_value(A),13027
33410,JED-NTH-ABN2-18,33410_Y3-RMU23404_AMP_B,13028,JED-NTH ABH AH323,33410 Y3 i_b_value(A),13028
33410,JED-NTH-ABN2-18,33410_Y3-RMU23404_AMP_C,13029,JED-NTH ABH AH323,33410 Y3 i_c_value(A),13029
33410,JED-NTH-ABN2-18,33410_Y3-RMU23404_AMP_N,13030,JED-NTH ABH AH323,33410 Y3 i_n_value(A),13030
33410,JED-NTH-ABN2-18,33410_Y1-RMU33433_KVA,13057,JED-NTH ABH AH323,33410 Y1 S(kVA),13057
33410,JED-NTH-ABN2-18,33410_Y1-RMU33433_KW,13058,JED-NTH ABH AH323,33410 Y1 P(kW),13058
33410,JED-NTH-ABN2-18,33410_Y1-RMU33433_KVAR,13059,JED-NTH ABH AH323,33410 Y1 Q(kVar),13059
33410,JED-NTH-ABN2-18,33410_Y2-RMU33412_KVA,13060,JED-NTH ABH AH323,33410 Y2 S(kVA),13060
33410,JED-NTH-ABN2-18,33410_Y2-RMU33412_KW,13061,JED-NTH ABH AH323,33410 Y2 P(kW),13061
33410,JED-NTH-ABN2-18,33410_Y2-RMU33412_KVAR,13062,JED-NTH ABH AH323,33410 Y2 Q(kVar),13062
33410,JED-NTH-ABN2-18,33410_TR1-RMU33410_VOLT_A,13063,JED-NTH ABH AH323,33410 Q1 u_ab_value(kV),13063
33410,JED-NTH-ABN2-18,33410_TR1-RMU33410_VOLT_B,13064,JED-NTH ABH AH323,33410 Q1 u_bc_value(kV),13064
33410,JED-NTH-ABN2-18,33410_TR1-RMU33410_VOLT_C,13065,JED-NTH ABH AH323,33410 Q1 u_ca_value(kV),13065
33410,JED-NTH-ABN2-18,33410_TR1-RMU33410_VOLT_N,13066,JED-NTH ABH AH323,33410 Q1 u_n_value(kV),13066
33410,JED-NTH-ABN2-18,33410_TR1-RMU33410_KVA,13067,JED-NTH ABH AH323,33410 Q1 S(kVA),13067
33410,JED-NTH-ABN2-18,33410_TR1-RMU33410_KW,13068,JED-NTH ABH AH323,33410 Q1 P(kW),13068
33410,JED-NTH-ABN2-18,33410_TR1-RMU33410_KVAR,13069,JED-NTH ABH AH323,33410 Q1 Q(kVar),13069
33410,JED-NTH-ABN2-18,33410_TR1-RMU33410_PF,13070,JED-NTH ABH AH323,33410 Q1 Power factor,13070
33410,JED-NTH-ABN2-18,33410_Y3-RMU23404_KVA,13071,JED-NTH ABH AH323,33410 Y3 S(kVA),13071
33410,JED-NTH-ABN2-18,33410_Y3-RMU23404_KW,13072,JED-NTH ABH AH323,33410 Y3 P(kW),13072
33410,JED-NTH-ABN2-18,33410_Y3-RMU23404_KVAR,13073,JED-NTH ABH AH323,33410 Y3 Q(kVar),13073
33412,JED-NTH-JEC-43,33412_Y1-33410_CMD,1,JED-NTH ABH AH323,33412 Y1 CMD,1
33412,JED-NTH-JEC-43,33412_Y2-33411_CMD,5,JED-NTH ABH AH323,33412 Y2 CMD,5
33412,JED-NTH-JEC-43,33412_TR1_CMD,9,JED-NTH ABH AH323,33412 Q1 CMD,9
33412,JED-NTH-JEC-43,33412_Y3-33421_CMD,13,JED-NTH ABH AH323,33412 Y3 CMD,13
33412,JED-NTH-JEC-43,33412_Y1-33410_ST_LOCK,1000,JED-NTH ABH AH323,33412 Y1/Lock/Unlock indication value,1000
33412,JED-NTH-JEC-43,33412_Y1-33410_ST_GND,1001,JED-NTH ABH AH323,33412 KY1 state,1001
33412,JED-NTH-JEC-43,33412_Y2-33411_ST_LOCK,1002,JED-NTH ABH AH323,33412 Y2/Lock/Unlock indication value,1002
33412,JED-NTH-JEC-43,33412_Y2-33411_ST_GND,1003,JED-NTH ABH AH323,33412 KY2 state,1003
33412,JED-NTH-JEC-43,33412_TR1_ST_LOCK,1004,JED-NTH ABH AH323,33412 Q1/Lock/Unlock indication value,1004
33412,JED-NTH-JEC-43,33412_TR1_ST_GND,1005,JED-NTH ABH AH323,33412 KQ1 state,1005
33412,JED-NTH-JEC-43,33412_Y3-33421_ST_LOCK,1006,JED-NTH ABH AH323,33412 Y3/Lock/Unlock indication value,1006
33412,JED-NTH-JEC-43,33412_Y3-33421_ST_GND,1007,JED-NTH ABH AH323,33412 KY3 state,1007
33412,JED-NTH-JEC-43,33412_BATT_LOW,1008,JED-NTH ABH AH323,33412 Battery low value,1008
33412,JED-NTH-JEC-43,33412_GAS_LOW,1009,JED-NTH ABH AH323,33412 Gas low value,1009
33412,JED-NTH-JEC-43,33412_AC_FAIL,1010,JED-NTH ABH AH323,33412 AC power fail value,1010
33412,JED-NTH-JEC-43,33412_DOOR_OPENED,1011,JED-NTH ABH AH323,33412 Door open value,1011
33412,JED-NTH-JEC-43,33412_DC_ST,1012,JED-NTH ABH AH323,33412 DC power fail value,1012
33412,JED-NTH-JEC-43,33412_MOTOR_CRT_FAIL,1013,JED-NTH ABH AH323,33412 Motor circuit fail value,1013
33412,JED-NTH-JEC-43,33412_RTU_FAIL,1277,JED-NTH ABH AH323,33412 RTU Self diagnostic value,1277
33412,JED-NTH-JEC-43,33412_EFI,1278,JED-NTH ABH AH323,33412 EFI (Fault indication) value,1278
33412,JED-NTH-JEC-43,33412_PROT_HEALTH,1279,JED-NTH ABH AH323,33412 Protection Health value,1279
33412,JED-NTH-JEC-43,33412_PROT_TRIP_EFI,1280,JED-NTH ABH AH323,33412 Protection Trip (Earth fault) value,1280
33412,JED-NTH-JEC-43,33412_PROT_TRIP_PH_FLT,1281,JED-NTH ABH AH323,33412 Protection Trip (Phase fault) value,1281
33412,JED-NTH-JEC-43,33412_Y1-33410_ST,11000,JED-NTH ABH AH323,33412 Y1 state,11000
33412,JED-NTH-JEC-43,33412_Y2-33411_ST,11001,JED-NTH ABH AH323,33412 Y2 state,11001
33412,JED-NTH-JEC-43,33412_TR1_ST,11002,JED-NTH ABH AH323,33412 Q1 state,11002
33412,JED-NTH-JEC-43,33412_Y3-33421_ST,11003,JED-NTH ABH AH323,33412 Y3 state,11003
33412,JED-NTH-JEC-43,33412_LR,11004,JED-NTH ABH AH323,33412 Remote/Local value,11004
33412,JED-NTH-JEC-43,33412_Y1-33410_AMP_A,13015,JED-NTH ABH AH323,33412 Y1 i_a_value(A),13015
33412,JED-NTH-JEC-43,33412_Y1-33410_AMP_B,13016,JED-NTH ABH AH323,33412 Y1 i_b_value(A),13016
33412,JED-NTH-JEC-43,33412_Y1-33410_AMP_C,13017,JED-NTH ABH AH323,33412 Y1 i_c_value(A),13017
33412,JED-NTH-JEC-43,33412_Y1-33410_AMP_N,13018,JED-NTH ABH AH323,33412 Y1 i_n_value(A),13018
33412,JED-NTH-JEC-43,33412_Y2-33411_AMP_A,13019,JED-NTH ABH AH323,33412 Y2 i_a_value(A),13019
33412,JED-NTH-JEC-43,33412_Y2-33411_AMP_B,13020,JED-NTH ABH AH323,33412 Y2 i_b_value(A),13020
33412,JED-NTH-JEC-43,33412_Y2-33411_AMP_C,13021,JED-NTH ABH AH323,33412 Y2 i_c_value(A),13021
33412,JED-NTH-JEC-43,33412_Y2-33411_AMP_N,13022,JED-NTH ABH AH323,33412 Y2 i_n_value(A),13022
33412,JED-NTH-JEC-43,33412_TR1_AMP_A,13023,JED-NTH ABH AH323,33412 Q1 i_a_value(A),13023
33412,JED-NTH-JEC-43,33412_TR1_AMP_B,13024,JED-NTH ABH AH323,33412 Q1 i_b_value(A),13024
33412,JED-NTH-JEC-43,33412_TR1_AMP_C,13025,JED-NTH ABH AH323,33412 Q1 i_c_value(A),13025
33412,JED-NTH-JEC-43,33412_TR1_AMP_N,13026,JED-NTH ABH AH323,33412 Q1 i_n_value(A),13026
33412,JED-NTH-JEC-43,33412_Y3-33421_AMP_A,13027,JED-NTH ABH AH323,33412 Y3 i_a_value(A),13027
33412,JED-NTH-JEC-43,33412_Y3-33421_AMP_B,13028,JED-NTH ABH AH323,33412 Y3 i_b_value(A),13028
33412,JED-NTH-JEC-43,33412_Y3-33421_AMP_C,13029,JED-NTH ABH AH323,33412 Y3 i_c_value(A),13029
33412,JED-NTH-JEC-43,33412_Y3-33421_AMP_N,13030,JED-NTH ABH AH323,33412 Y3 i_n_value(A),13030
33412,JED-NTH-JEC-43,33412_Y1-33410_KVA,13057,JED-NTH ABH AH323,33412 Y1 S(kVA),13057
33412,JED-NTH-JEC-43,33412_Y1-33410_KW,13058,JED-NTH ABH AH323,33412 Y1 P(kW),13058
33412,JED-NTH-JEC-43,33412_Y1-33410_KVAR,13059,JED-NTH ABH AH323,33412 Y1 Q(kVar),13059
33412,JED-NTH-JEC-43,33412_Y2-33411_KVA,13060,JED-NTH ABH AH323,33412 Y2 S(kVA),13060
33412,JED-NTH-JEC-43,33412_Y2-33411_KW,13061,JED-NTH ABH AH323,33412 Y2 P(kW),13061
33412,JED-NTH-JEC-43,33412_Y2-33411_KVAR,13062,JED-NTH ABH AH323,33412 Y2 Q(kVar),13062
33412,JED-NTH-JEC-43,33412_TR1_VOLT_A,13063,JED-NTH ABH AH323,33412 Q1 u_ab_value(kV),13063
33412,JED-NTH-JEC-43,33412_TR1_VOLT_B,13064,JED-NTH ABH AH323,33412 Q1 u_bc_value(kV),13064
33412,JED-NTH-JEC-43,33412_TR1_VOLT_C,13065,JED-NTH ABH AH323,33412 Q1 u_ca_value(kV),13065
33412,JED-NTH-JEC-43,33412_TR1_VOLT_N,13066,JED-NTH ABH AH323,33412 Q1 u_n_value(kV),13066
33412,JED-NTH-JEC-43,33412_TR1_KVA,13067,JED-NTH ABH AH323,33412 Q1 S(kVA),13067
33412,JED-NTH-JEC-43,33412_TR1_KW,13068,JED-NTH ABH AH323,33412 Q1 P(kW),13068
33412,JED-NTH-JEC-43,33412_TR1_KVAR,13069,JED-NTH ABH AH323,33412 Q1 Q(kVar),13069
33412,JED-NTH-JEC-43,33412_TR1_PF,13070,JED-NTH ABH AH323,33412 Q1 Power factor,13070
33412,JED-NTH-JEC-43,33412_Y3-33421_KVA,13071,JED-NTH ABH AH323,33412 Y3 S(kVA),13071
33412,JED-NTH-JEC-43,33412_Y3-33421_KW,13072,JED-NTH ABH AH323,33412 Y3 P(kW),13072
33412,JED-NTH-JEC-43,33412_Y3-33421_KVAR,13073,JED-NTH ABH AH323,33412 Y3 Q(kVar),13073
33415,JED-NTH-JEC-43,33415_Y1_CMD,1,JED-NTH ABH AH323,33415 Y1 CMD,1
33415,JED-NTH-JEC-43,33415_TR1_CMD,5,JED-NTH ABH AH323,33415 Q1 CMD,5
33415,JED-NTH-JEC-43,33415_Y2_CMD,9,JED-NTH ABH AH323,33415 Y2 CMD,9
33415,JED-NTH-JEC-43,33415_Y1_ST_LOCK,1000,JED-NTH ABH AH323,33415 Y1/Lock/Unlock indication value,1000
33415,JED-NTH-JEC-43,33415_Y1_ST_GND,1001,JED-NTH ABH AH323,33415 KY1 state,1001
33415,JED-NTH-JEC-43,33415_TR1_ST_LOCK,1002,JED-NTH ABH AH323,33415 Q1/Lock/Unlock indication value,1002
33415,JED-NTH-JEC-43,33415_TR1_ST_GND,1003,JED-NTH ABH AH323,33415 KQ1 state,1003
33415,JED-NTH-JEC-43,33415_Y2_ST_LOCK,1004,JED-NTH ABH AH323,33415 Y2/Lock/Unlock indication value,1004
33415,JED-NTH-JEC-43,33415_Y2_ST_GND,1005,JED-NTH ABH AH323,33415 KY2 state,1005
33415,JED-NTH-JEC-43,33415_BATT_LOW,1008,JED-NTH ABH AH323,33415 Battery low value,1008
33415,JED-NTH-JEC-43,33415_GAS_LOW,1009,JED-NTH ABH AH323,33415 Gas low value,1009
33415,JED-NTH-JEC-43,33415_AC_FAIL,1010,JED-NTH ABH AH323,33415 AC power fail value,1010
33415,JED-NTH-JEC-43,33415_DOOR_OPENED,1011,JED-NTH ABH AH323,33415 Door open value,1011
33415,JED-NTH-JEC-43,33415_DC_ST,1012,JED-NTH ABH AH323,33415 DC power fail value,1012
33415,JED-NTH-JEC-43,33415_MOTOR_CRT_FAIL,1013,JED-NTH ABH AH323,33415 Motor circuit fail value,1013
33415,JED-NTH-JEC-43,33415_RTU_FAIL,1277,JED-NTH ABH AH323,33415 RTU Self diagnostic value,1277
33415,JED-NTH-JEC-43,33415_EFI,1278,JED-NTH ABH AH323,33415 EFI (Fault indication) value,1278
33415,JED-NTH-JEC-43,33415_PROT_HEALTH,1279,JED-NTH ABH AH323,33415 Protection Health value,1279
33415,JED-NTH-JEC-43,33415_PROT_TRIP_EFI,1280,JED-NTH ABH AH323,33415 Protection Trip (Earth fault) value,1280
33415,JED-NTH-JEC-43,33415_PROT_TRIP_PH_FLT,1281,JED-NTH ABH AH323,33415 Protection Trip (Phase fault) value,1281
33415,JED-NTH-JEC-43,33415_Y1_ST,11000,JED-NTH ABH AH323,33415 Y1 state,11000
33415,JED-NTH-JEC-43,33415_TR1_ST,11001,JED-NTH ABH AH323,33415 Q1 state,11001
33415,JED-NTH-JEC-43,33415_Y2_ST,11002,JED-NTH ABH AH323,33415 Y2 state,11002
33415,JED-NTH-JEC-43,33415_LR,11004,JED-NTH ABH AH323,33415 Remote/Local value,11004
33415,JED-NTH-JEC-43,33415_Y1_AMP_A,13015,JED-NTH ABH AH323,33415 Y1 i_a_value(A),13015
33415,JED-NTH-JEC-43,33415_Y1_AMP_B,13016,JED-NTH ABH AH323,33415 Y1 i_b_value(A),13016
33415,JED-NTH-JEC-43,33415_Y1_AMP_C,13017,JED-NTH ABH AH323,33415 Y1 i_c_value(A),13017
33415,JED-NTH-JEC-43,33415_Y1_AMP_N,13018,JED-NTH ABH AH323,33415 Y1 i_n_value(A),13018
33415,JED-NTH-JEC-43,33415_TR1_AMP_A,13019,JED-NTH ABH AH323,33415 Q1 i_a_value(A),13019
33415,JED-NTH-JEC-43,33415_TR1_AMP_B,13020,JED-NTH ABH AH323,33415 Q1 i_b_value(A),13020
33415,JED-NTH-JEC-43,33415_TR1_AMP_C,13021,JED-NTH ABH AH323,33415 Q1 i_c_value(A),13021
33415,JED-NTH-JEC-43,33415_TR1_AMP_N,13022,JED-NTH ABH AH323,33415 Q1 i_n_value(A),13022
33415,JED-NTH-JEC-43,33415_Y2_AMP_A,13023,JED-NTH ABH AH323,33415 Y2 i_a_value(A),13023
33415,JED-NTH-JEC-43,33415_Y2_AMP_B,13024,JED-NTH ABH AH323,33415 Y2 i_b_value(A),13024
33415,JED-NTH-JEC-43,33415_Y2_AMP_C,13025,JED-NTH ABH AH323,33415 Y2 i_c_value(A),13025
33415,JED-NTH-JEC-43,33415_Y2_AMP_N,13026,JED-NTH ABH AH323,33415 Y2 i_n_value(A),13026
33415,,,,JED-NTH ABH AH323,33415 Y1 S(kVA),13057
33415,,,,JED-NTH ABH AH323,33415 Y1 P(kW),13058
33415,,,,JED-NTH ABH AH323,33415 Y1 Q(kVar),13059
33415,JED-NTH-JEC-43,33415_TR1_VOLT_A,13060,JED-NTH ABH AH323,33415 Q1 u_ab_value(kV),13060
33415,JED-NTH-JEC-43,33415_TR1_VOLT_B,13061,JED-NTH ABH AH323,33415 Q1 u_bc_value(kV),13061
33415,JED-NTH-JEC-43,33415_TR1_VOLT_C,13062,JED-NTH ABH AH323,33415 Q1 u_ca_value(kV),13062
33415,JED-NTH-JEC-43,33415_TR1_VOLT_N,13063,JED-NTH ABH AH323,33415 Q1 u_n_value(kV),13063
33415,JED-NTH-JEC-43,33415_TR1_KVA,13064,JED-NTH ABH AH323,33415 Q1 S(kVA),13064
33415,JED-NTH-JEC-43,33415_Y2_KVA,13064,,,
33415,JED-NTH-JEC-43,33415_TR1_KW,13065,JED-NTH ABH AH323,33415 Q1 P(kW),13065
33415,JED-NTH-JEC-43,33415_Y2_KW,13065,,,
33415,JED-NTH-JEC-43,33415_TR1_KVAR,13066,JED-NTH ABH AH323,33415 Q1 Q(kVar),13066
33415,JED-NTH-JEC-43,33415_Y2_KVAR,13066,,,
33415,JED-NTH-JEC-43,33415_TR1_PF,13067,JED-NTH ABH AH323,33415 Q1 Power factor,13067
33415,,,,JED-NTH ABH AH323,33415 Y2 S(kVA),13068
33415,,,,JED-NTH ABH AH323,33415 Y2 P(kW),13069
33415,,,,JED-NTH ABH AH323,33415 Y2 Q(kVar),13070
33419,JED-NTH-JEC-43,33419_Y1-RMU33420_CMD,1,JED-NTH ABH AH323,33419 Y1 CMD,1
33419,JED-NTH-JEC-43,33419_TR1-RMU33419_CMD,5,JED-NTH ABH AH323,33419 Q1 CMD,5
33419,JED-NTH-JEC-43,33419_Y2-RMU33417_CMD,9,JED-NTH ABH AH323,33419 Y2 CMD,9
33419,JED-NTH-JEC-43,33419_Y1-RMU33420_ST_LOCK,1000,JED-NTH ABH AH323,33419 Y1/Lock/Unlock indication value,1000
33419,JED-NTH-JEC-43,33419_Y1-RMU33420_ST_GND,1001,JED-NTH ABH AH323,33419 KY1 state,1001
33419,JED-NTH-JEC-43,33419_TR1-RMU33419_ST_LOCK,1002,JED-NTH ABH AH323,33419 Q1/Lock/Unlock indication value,1002
33419,JED-NTH-JEC-43,33419_TR1-RMU33419_ST_GND,1003,JED-NTH ABH AH323,33419 KQ1 state,1003
33419,JED-NTH-JEC-43,33419_Y2-RMU33417_ST_LOCK,1004,JED-NTH ABH AH323,33419 Y2/Lock/Unlock indication value,1004
33419,JED-NTH-JEC-43,33419_Y2-RMU33417_ST_GND,1005,JED-NTH ABH AH323,33419 KY2 state,1005
33419,JED-NTH-JEC-43,33419_BATT_LOW,1008,JED-NTH ABH AH323,33419 Battery low value,1008
33419,JED-NTH-JEC-43,33419_GAS_LOW,1009,JED-NTH ABH AH323,33419 Gas low value,1009
33419,JED-NTH-JEC-43,33419_AC_FAIL,1010,JED-NTH ABH AH323,33419 AC power fail value,1010
33419,JED-NTH-JEC-43,33419_DOOR_OPENED,1011,JED-NTH ABH AH323,33419 Door open value,1011
33419,JED-NTH-JEC-43,33419_DC_ST,1012,JED-NTH ABH AH323,33419 DC power fail value,1012
33419,JED-NTH-JEC-43,33419_MOTOR_CRT_FAIL,1013,JED-NTH ABH AH323,33419 Motor circuit fail value,1013
33419,JED-NTH-JEC-43,33419_RTU_FAIL,1277,JED-NTH ABH AH323,33419 RTU Self diagnostic value,1277
33419,JED-NTH-JEC-43,33419_EFI,1278,JED-NTH ABH AH323,33419 EFI (Fault indication) value,1278
33419,JED-NTH-JEC-43,33419_PROT_HEALTH,1279,JED-NTH ABH AH323,33419 Protection Health value,1279
33419,JED-NTH-JEC-43,33419_PROT_TRIP_EFI,1280,JED-NTH ABH AH323,33419 Protection Trip (Earth fault) value,1280
33419,JED-NTH-JEC-43,33419_PROT_TRIP_PH_FLT,1281,JED-NTH ABH AH323,33419 Protection Trip (Phase fault) value,1281
33419,JED-NTH-JEC-43,33419_Y1-RMU33420_ST,11000,JED-NTH ABH AH323,33419 Y1 state,11000
33419,JED-NTH-JEC-43,33419_TR1-RMU33419_ST,11001,JED-NTH ABH AH323,33419 Q1 state,11001
33419,JED-NTH-JEC-43,33419_Y2-RMU33417_ST,11002,JED-NTH ABH AH323,33419 Y2 state,11002
33419,JED-NTH-JEC-43,33419_LR,11004,JED-NTH ABH AH323,33419 Remote/Local value,11004
33419,JED-NTH-JEC-43,33419_Y1-RMU33420_AMP_A,13015,JED-NTH ABH AH323,33419 Y1 i_a_value(A),13015
33419,JED-NTH-JEC-43,33419_Y1-RMU33420_AMP_B,13016,JED-NTH ABH AH323,33419 Y1 i_b_value(A),13016
33419,JED-NTH-JEC-43,33419_Y1-RMU33420_AMP_C,13017,JED-NTH ABH AH323,33419 Y1 i_c_value(A),13017
33419,JED-NTH-JEC-43,33419_Y1-RMU33420_AMP_N,13018,JED-NTH ABH AH323,33419 Y1 i_n_value(A),13018
33419,JED-NTH-JEC-43,33419_TR1-RMU33419_AMP_A,13019,JED-NTH ABH AH323,33419 Q1 i_a_value(A),13019
33419,JED-NTH-JEC-43,33419_TR1-RMU33419_AMP_B,13020,JED-NTH ABH AH323,33419 Q1 i_b_value(A),13020
33419,JED-NTH-JEC-43,33419_TR1-RMU33419_AMP_C,13021,JED-NTH ABH AH323,33419 Q1 i_c_value(A),13021
33419,JED-NTH-JEC-43,33419_TR1-RMU33419_AMP_N,13022,JED-NTH ABH AH323,33419 Q1 i_n_value(A),13022
33419,JED-NTH-JEC-43,33419_Y2-RMU33417_AMP_A,13023,JED-NTH ABH AH323,33419 Y2 i_a_value(A),13023
33419,JED-NTH-JEC-43,33419_Y2-RMU33417_AMP_B,13024,JED-NTH ABH AH323,33419 Y2 i_b_value(A),13024
33419,JED-NTH-JEC-43,33419_Y2-RMU33417_AMP_C,13025,JED-NTH ABH AH323,33419 Y2 i_c_value(A),13025
33419,JED-NTH-JEC-43,33419_Y2-RMU33417_AMP_N,13026,JED-NTH ABH AH323,33419 Y2 i_n_value(A),13026
33419,,,,JED-NTH ABH AH323,33419 Y1 S(kVA),13057
33419,,,,JED-NTH ABH AH323,33419 Y1 P(kW),13058
33419,,,,JED-NTH ABH AH323,33419 Y1 Q(kVar),13059
33419,JED-NTH-JEC-43,33419_TR1-RMU33419_VOLT_A,13060,JED-NTH ABH AH323,33419 Q1 u_ab_value(kV),13060
33419,JED-NTH-JEC-43,33419_TR1-RMU33419_VOLT_B,13061,JED-NTH ABH AH323,33419 Q1 u_bc_value(kV),13061
33419,JED-NTH-JEC-43,33419_TR1-RMU33419_VOLT_C,13062,JED-NTH ABH AH323,33419 Q1 u_ca_value(kV),13062
33419,JED-NTH-JEC-43,33419_TR1-RMU33419_VOLT_N,13063,JED-NTH ABH AH323,33419 Q1 u_n_value(kV),13063
33419,JED-NTH-JEC-43,33419_TR1-RMU33419_KVA,13064,JED-NTH ABH AH323,33419 Q1 S(kVA),13064
33419,JED-NTH-JEC-43,33419_Y1-RMU33420_KVA,13064,,,
33419,JED-NTH-JEC-43,33419_TR1-RMU33419_KW,13065,JED-NTH ABH AH323,33419 Q1 P(kW),13065
33419,JED-NTH-JEC-43,33419_Y1-RMU33420_KW,13065,,,
33419,JED-NTH-JEC-43,33419_TR1-RMU33419_KVAR,13066,JED-NTH ABH AH323,33419 Q1 Q(kVar),13066
33419,JED-NTH-JEC-43,33419_Y1-RMU33420_KVAR,13066,,,
33419,JED-NTH-JEC-43,33419_TR1-RMU33419_PF,13067,JED-NTH ABH AH323,33419 Q1 Power factor,13067
33419,,,,JED-NTH ABH AH323,33419 Y2 S(kVA),13068
33419,,,,JED-NTH ABH AH323,33419 Y2 P(kW),13069
33419,,,,JED-NTH ABH AH323,33419 Y2 Q(kVar),13070
33421,JED-NTH-JEC-43,33421_Y1-RMU33412_CMD,1,JED-NTH ABH AH323,33421 Y1 CMD,1
33421,JED-NTH-JEC-43,33421_Y2-RMU33418_CMD,5,JED-NTH ABH AH323,33421 Y2 CMD,5
33421,JED-NTH-JEC-43,33421_TR1-RMU33421_CMD,9,JED-NTH ABH AH323,33421 Q1 CMD,9
33421,JED-NTH-JEC-43,33421_Y3-RMU33423_CMD,13,JED-NTH ABH AH323,33421 Y3 CMD,13
33421,JED-NTH-JEC-43,33421_Y1-RMU33412_ST_LOCK,1000,JED-NTH ABH AH323,33421 Y1/Lock/Unlock indication value,1000
33421,JED-NTH-JEC-43,33421_Y1-RMU33412_ST_GND,1001,JED-NTH ABH AH323,33421 KY1 state,1001
33421,JED-NTH-JEC-43,33421_Y2-RMU33418_ST_LOCK,1002,JED-NTH ABH AH323,33421 Y2/Lock/Unlock indication value,1002
33421,JED-NTH-JEC-43,33421_Y2-RMU33418_ST_GND,1003,JED-NTH ABH AH323,33421 KY2 state,1003
33421,JED-NTH-JEC-43,33421_TR1-RMU33421_ST_LOCK,1004,JED-NTH ABH AH323,33421 Q1/Lock/Unlock indication value,1004
33421,JED-NTH-JEC-43,33421_TR1-RMU33421_ST_GND,1005,JED-NTH ABH AH323,33421 KQ1 state,1005
33421,JED-NTH-JEC-43,33421_Y3-RMU33423_ST_LOCK,1006,JED-NTH ABH AH323,33421 Y3/Lock/Unlock indication value,1006
33421,JED-NTH-JEC-43,33421_Y3-RMU33423_ST_GND,1007,JED-NTH ABH AH323,33421 KY3 state,1007
33421,JED-NTH-JEC-43,33421_BATT_LOW,1008,JED-NTH ABH AH323,33421 Battery low value,1008
33421,JED-NTH-JEC-43,33421_GAS_LOW,1009,JED-NTH ABH AH323,33421 Gas low value,1009
33421,JED-NTH-JEC-43,33421_AC_FAIL,1010,JED-NTH ABH AH323,33421 AC power fail value,1010
33421,JED-NTH-JEC-43,33421_DOOR_OPENED,1011,JED-NTH ABH AH323,33421 Door open value,1011
33421,JED-NTH-JEC-43,33421_DC_ST,1012,JED-NTH ABH AH323,33421 DC power fail value,1012
33421,JED-NTH-JEC-43,33421_MOTOR_CRT_FAIL,1013,JED-NTH ABH AH323,33421 Motor circuit fail value,1013
33421,JED-NTH-JEC-43,33421_RTU_FAIL,1277,JED-NTH ABH AH323,33421 RTU Self diagnostic value,1277
33421,JED-NTH-JEC-43,33421_EFI,1278,JED-NTH ABH AH323,33421 EFI (Fault indication) value,1278
33421,JED-NTH-JEC-43,33421_PROT_HEALTH,1279,JED-NTH ABH AH323,33421 Protection Health value,1279
33421,JED-NTH-JEC-43,33421_PROT_TRIP_EFI,1280,JED-NTH ABH AH323,33421 Protection Trip (Earth fault) value,1280
33421,JED-NTH-JEC-43,33421_PROT_TRIP_PH_FLT,1281,JED-NTH ABH AH323,33421 Protection Trip (Phase fault) value,1281
33421,JED-NTH-JEC-43,33421_Y1-RMU33412_ST,11000,JED-NTH ABH AH323,33421 Y1 state,11000
33421,JED-NTH-JEC-43,33421_Y2-RMU33418_ST,11001,JED-NTH ABH AH323,33421 Y2 state,11001
33421,JED-NTH-JEC-43,33421_TR1-RMU33421_ST,11002,JED-NTH ABH AH323,33421 Q1 state,11002
33421,JED-NTH-JEC-43,33421_Y3-RMU33423_ST,11003,JED-NTH ABH AH323,33421 Y3 state,11003
33421,JED-NTH-JEC-43,33421_LR,11004,JED-NTH ABH AH323,33421 Remote/Local value,11004
33421,JED-NTH-JEC-43,33421_Y1-RMU33412_AMP_A,13015,JED-NTH ABH AH323,33421 Y1 i_a_value(A),13015
33421,JED-NTH-JEC-43,33421_Y1-RMU33412_AMP_B,13016,JED-NTH ABH AH323,33421 Y1 i_b_value(A),13016
33421,JED-NTH-JEC-43,33421_Y1-RMU33412_AMP_C,13017,JED-NTH ABH AH323,33421 Y1 i_c_value(A),13017
33421,JED-NTH-JEC-43,33421_Y1-RMU33412_AMP_N,13018,JED-NTH ABH AH323,33421 Y1 i_n_value(A),13018
33421,JED-NTH-JEC-43,33421_Y2-RMU33418_AMP_A,13019,JED-NTH ABH AH323,33421 Y2 i_a_value(A),13019
33421,JED-NTH-JEC-43,33421_Y2-RMU33418_AMP_B,13020,JED-NTH ABH AH323,33421 Y2 i_b_value(A),13020
33421,JED-NTH-JEC-43,33421_Y2-RMU33418_AMP_C,13021,JED-NTH ABH AH323,33421 Y2 i_c_value(A),13021
33421,JED-NTH-JEC-43,33421_Y2-RMU33418_AMP_N,13022,JED-NTH ABH AH323,33421 Y2 i_n_value(A),13022
33421,JED-NTH-JEC-43,33421_TR1-RMU33421_AMP_A,13023,JED-NTH ABH AH323,33421 Q1 i_a_value(A),13023
33421,JED-NTH-JEC-43,33421_TR1-RMU33421_AMP_B,13024,JED-NTH ABH AH323,33421 Q1 i_b_value(A),13024
33421,JED-NTH-JEC-43,33421_TR1-RMU33421_AMP_C,13025,JED-NTH ABH AH323,33421 Q1 i_c_value(A),13025
33421,JED-NTH-JEC-43,33421_TR1-RMU33421_AMP_N,13026,JED-NTH ABH AH323,33421 Q1 i_n_value(A),13026
33421,JED-NTH-JEC-43,33421_Y3-RMU33423_AMP_A,13027,JED-NTH ABH AH323,33421 Y3 i_a_value(A),13027
33421,JED-NTH-JEC-43,33421_Y3-RMU33423_AMP_B,13028,JED-NTH ABH AH323,33421 Y3 i_b_value(A),13028
33421,JED-NTH-JEC-43,33421_Y3-RMU33423_AMP_C,13029,JED-NTH ABH AH323,33421 Y3 i_c_value(A),13029
33421,JED-NTH-JEC-43,33421_Y3-RMU33423_AMP_N,13030,JED-NTH ABH AH323,33421 Y3 i_n_value(A),13030
33421,JED-NTH-JEC-43,33421_Y1-RMU33412_KVA,13057,JED-NTH ABH AH323,33421 Y1 S(kVA),13057
33421,JED-NTH-JEC-43,33421_Y1-RMU33412_KW,13058,JED-NTH ABH AH323,33421 Y1 P(kW),13058
33421,JED-NTH-JEC-43,33421_Y1-RMU33412_KVAR,13059,JED-NTH ABH AH323,33421 Y1 Q(kVar),13059
33421,JED-NTH-JEC-43,33421_Y2-RMU33418_KVA,13060,JED-NTH ABH AH323,33421 Y2 S(kVA),13060
33421,JED-NTH-JEC-43,33421_Y2-RMU33418_KW,13061,JED-NTH ABH AH323,33421 Y2 P(kW),13061
33421,JED-NTH-JEC-43,33421_Y2-RMU33418_KVAR,13062,JED-NTH ABH AH323,33421 Y2 Q(kVar),13062
33421,JED-NTH-JEC-43,33421_TR1-RMU33421_VOLT_A,13063,JED-NTH ABH AH323,33421 Q1 u_ab_value(kV),13063
33421,JED-NTH-JEC-43,33421_TR1-RMU33421_VOLT_B,13064,JED-NTH ABH AH323,33421 Q1 u_bc_value(kV),13064
33421,JED-NTH-JEC-43,33421_TR1-RMU33421_VOLT_C,13065,JED-NTH ABH AH323,33421 Q1 u_ca_value(kV),13065
33421,JED-NTH-JEC-43,33421_TR1-RMU33421_VOLT_N,13066,JED-NTH ABH AH323,33421 Q1 u_n_value(kV),13066
33421,JED-NTH-JEC-43,33421_TR1-RMU33421_KVA,13067,JED-NTH ABH AH323,33421 Q1 S(kVA),13067
33421,JED-NTH-JEC-43,33421_TR1-RMU33421_KW,13068,JED-NTH ABH AH323,33421 Q1 P(kW),13068
33421,JED-NTH-JEC-43,33421_TR1-RMU33421_KVAR,13069,JED-NTH ABH AH323,33421 Q1 Q(kVar),13069
33421,JED-NTH-JEC-43,33421_TR1-RMU33421_PF,13070,JED-NTH ABH AH323,33421 Q1 Power factor,13070
33421,JED-NTH-JEC-43,33421_Y3-RMU33423_KVA,13071,JED-NTH ABH AH323,33421 Y3 S(kVA),13071
33421,JED-NTH-JEC-43,33421_Y3-RMU33423_KW,13072,JED-NTH ABH AH323,33421 Y3 P(kW),13072
33421,JED-NTH-JEC-43,33421_Y3-RMU33423_KVAR,13073,JED-NTH ABH AH323,33421 Y3 Q(kVar),13073
33432,JED-NTH-ABN2-18,33432_Y1-RMU33434_CMD,1,JED-NTH ABH AH323,33432 Y1 CMD,1
33432,JED-NTH-ABN2-18,33432_TR1-RMU33432_CMD,5,JED-NTH ABH AH323,33432 Q1 CMD,5
33432,JED-NTH-ABN2-18,33432_Y2-RMU33429_CMD,9,JED-NTH ABH AH323,33432 Y2 CMD,9
33432,JED-NTH-ABN2-18,33432_Y1-RMU33434_ST_LOCK,1000,JED-NTH ABH AH323,33432 Y1/Lock/Unlock indication value,1000
33432,JED-NTH-ABN2-18,33432_Y1-RMU33434_ST_GND,1001,JED-NTH ABH AH323,33432 KY1 state,1001
33432,JED-NTH-ABN2-18,33432_TR1-RMU33432_ST_LOCK,1002,JED-NTH ABH AH323,33432 Q1/Lock/Unlock indication value,1002
33432,JED-NTH-ABN2-18,33432_TR1-RMU33432_ST_GND,1003,JED-NTH ABH AH323,33432 KQ1 state,1003
33432,JED-NTH-ABN2-18,33432_Y2-RMU33429_ST_LOCK,1004,JED-NTH ABH AH323,33432 Y2/Lock/Unlock indication value,1004
33432,JED-NTH-ABN2-18,33432_Y2-RMU33429_ST_GND,1005,JED-NTH ABH AH323,33432 KY2 state,1005
33432,JED-NTH-ABN2-18,33432_BATT_LOW,1008,JED-NTH ABH AH323,33432 Battery low value,1008
33432,JED-NTH-ABN2-18,33432_GAS_LOW,1009,JED-NTH ABH AH323,33432 Gas low value,1009
33432,JED-NTH-ABN2-18,33432_AC_FAIL,1010,JED-NTH ABH AH323,33432 AC power fail value,1010
33432,JED-NTH-ABN2-18,33432_DOOR_OPENED,1011,JED-NTH ABH AH323,33432 Door open value,1011
33432,JED-NTH-ABN2-18,33432_DC_ST,1012,JED-NTH ABH AH323,33432 DC power fail value,1012
33432,JED-NTH-ABN2-18,33432_MOTOR_CRT_FAIL,1013,JED-NTH ABH AH323,33432 Motor circuit fail value,1013
33432,JED-NTH-ABN2-18,33432_RTU_FAIL,1277,JED-NTH ABH AH323,33432 RTU Self diagnostic value,1277
33432,JED-NTH-ABN2-18,33432_EFI,1278,JED-NTH ABH AH323,33432 EFI (Fault indication) value,1278
33432,JED-NTH-ABN2-18,33432_PROT_HEALTH,1279,JED-NTH ABH AH323,33432 Protection Health value,1279
33432,JED-NTH-ABN2-18,33432_PROT_TRIP_EFI,1280,JED-NTH ABH AH323,33432 Protection Trip (Earth fault) value,1280
33432,JED-NTH-ABN2-18,33432_PROT_TRIP_PH_FLT,1281,JED-NTH ABH AH323,33432 Protection Trip (Phase fault) value,1281
33432,JED-NTH-ABN2-18,33432_Y1-RMU33434_ST,11000,JED-NTH ABH AH323,33432 Y1 state,11000
33432,JED-NTH-ABN2-18,33432_TR1-RMU33432_ST,11001,JED-NTH ABH AH323,33432 Q1 state,11001
33432,JED-NTH-ABN2-18,33432_Y2-RMU33429_ST,11002,JED-NTH ABH AH323,33432 Y2 state,11002
33432,JED-NTH-ABN2-18,33432_LR,11004,JED-NTH ABH AH323,33432 Remote/Local value,11004
33432,JED-NTH-ABN2-18,33432_Y1-RMU33434_AMP_A,13015,JED-NTH ABH AH323,33432 Y1 i_a_value(A),13015
33432,JED-NTH-ABN2-18,33432_Y1-RMU33434_AMP_B,13016,JED-NTH ABH AH323,33432 Y1 i_b_value(A),13016
33432,JED-NTH-ABN2-18,33432_Y1-RMU33434_AMP_C,13017,JED-NTH ABH AH323,33432 Y1 i_c_value(A),13017
33432,JED-NTH-ABN2-18,33432_Y1-RMU33434_AMP_N,13018,JED-NTH ABH AH323,33432 Y1 i_n_value(A),13018
33432,JED-NTH-ABN2-18,33432_TR1-RMU33432_AMP_A,13019,JED-NTH ABH AH323,33432 Q1 i_a_value(A),13019
33432,JED-NTH-ABN2-18,33432_TR1-RMU33432_AMP_B,13020,JED-NTH ABH AH323,33432 Q1 i_b_value(A),13020
33432,JED-NTH-ABN2-18,33432_TR1-RMU33432_AMP_C,13021,JED-NTH ABH AH323,33432 Q1 i_c_value(A),13021
33432,JED-NTH-ABN2-18,33432_TR1-RMU33432_AMP_N,13022,JED-NTH ABH AH323,33432 Q1 i_n_value(A),13022
33432,JED-NTH-ABN2-18,33432_Y2-RMU33429_AMP_A,13023,JED-NTH ABH AH323,33432 Y2 i_a_value(A),13023
33432,JED-NTH-ABN2-18,33432_Y2-RMU33429_AMP_B,13024,JED-NTH ABH AH323,33432 Y2 i_b_value(A),13024
33432,JED-NTH-ABN2-18,33432_Y2-RMU33429_AMP_C,13025,JED-NTH ABH AH323,33432 Y2 i_c_value(A),13025
33432,JED-NTH-ABN2-18,33432_Y2-RMU33429_AMP_N,13026,JED-NTH ABH AH323,33432 Y2 i_n_value(A),13026
33432,,,,JED-NTH ABH AH323,33432 Y1 S(kVA),13057
33432,,,,JED-NTH ABH AH323,33432 Y1 P(kW),13058
33432,,,,JED-NTH ABH AH323,33432 Y1 Q(kVar),13059
33432,JED-NTH-ABN2-18,33432_TR1-RMU33432_VOLT_A,13060,JED-NTH ABH AH323,33432 Q1 u_ab_value(kV),13060
33432,JED-NTH-ABN2-18,33432_TR1-RMU33432_VOLT_B,13061,JED-NTH ABH AH323,33432 Q1 u_bc_value(kV),13061
33432,JED-NTH-ABN2-18,33432_TR1-RMU33432_VOLT_C,13062,JED-NTH ABH AH323,33432 Q1 u_ca_value(kV),13062
33432,JED-NTH-ABN2-18,33432_TR1-RMU33432_VOLT_N,13063,JED-NTH ABH AH323,33432 Q1 u_n_value(kV),13063
33432,JED-NTH-ABN2-18,33432_TR1-RMU33432_KVA,13064,JED-NTH ABH AH323,33432 Q1 S(kVA),13064
33432,JED-NTH-ABN2-18,33432_Y2-RMU33429_KVA,13064,,,
33432,JED-NTH-ABN2-18,33432_TR1-RMU33432_KW,13065,JED-NTH ABH AH323,33432 Q1 P(kW),13065
33432,JED-NTH-ABN2-18,33432_Y2-RMU33429_KW,13065,,,
33432,JED-NTH-ABN2-18,33432_TR1-RMU33432_KVAR,13066,JED-NTH ABH AH323,33432 Q1 Q(kVar),13066
33432,JED-NTH-ABN2-18,33432_Y2-RMU33429_KVAR,13066,,,
33432,JED-NTH-ABN2-18,33432_TR1-RMU33432_PF,13067,JED-NTH ABH AH323,33432 Q1 Power factor,13067
33432,,,,JED-NTH ABH AH323,33432 Y2 S(kVA),13068
33432,,,,JED-NTH ABH AH323,33432 Y2 P(kW),13069
33432,,,,JED-NTH ABH AH323,33432 Y2 Q(kVar),13070
33862,JED-NTH-MDNAS-12,33862_Y1-RMU31992_CMD,1,JED-NTH ABH AH320,33862 Y1 CMD,1
33862,JED-NTH-MDNAS-12,33862_Y2-RMU18585_CMD,5,JED-NTH ABH AH320,33862 Y2 CMD,5
33862,JED-NTH-MDNAS-12,33862_TR1-RMU33862_CMD,9,JED-NTH ABH AH320,33862 Q1 CMD,9
33862,JED-NTH-MDNAS-12,33862_Y3-RMUAH12_CMD,13,JED-NTH ABH AH320,33862 Y3 CMD,13
33862,JED-NTH-MDNAS-12,33862_Y1-RMU31992_ST_LOCK,1000,JED-NTH ABH AH320,33862 Y1/Lock/Unlock indication value,1000
33862,JED-NTH-MDNAS-12,33862_Y1-RMU31992_ST_GND,1001,JED-NTH ABH AH320,33862 KY1 state,1001
33862,JED-NTH-MDNAS-12,33862_Y2-RMU18585_ST_LOCK,1002,JED-NTH ABH AH320,33862 Y2/Lock/Unlock indication value,1002
33862,JED-NTH-MDNAS-12,33862_Y2-RMU18585_ST_GND,1003,JED-NTH ABH AH320,33862 KY2 state,1003
33862,JED-NTH-MDNAS-12,33862_TR1-RMU33862_ST_LOCK,1004,JED-NTH ABH AH320,33862 Q1/Lock/Unlock indication value,1004
33862,JED-NTH-MDNAS-12,33862_TR1-RMU33862_ST_GND,1005,JED-NTH ABH AH320,33862 KQ1 state,1005
33862,JED-NTH-MDNAS-12,33862_Y3-RMUAH12_ST_LOCK,1006,JED-NTH ABH AH320,33862 Y3/Lock/Unlock indication value,1006
33862,JED-NTH-MDNAS-12,33862_Y3-RMUAH12_ST_GND,1007,JED-NTH ABH AH320,33862 KY3 state,1007
33862,JED-NTH-MDNAS-12,33862_BATT_LOW,1008,JED-NTH ABH AH320,33862 Battery low value,1008
33862,JED-NTH-MDNAS-12,33862_GAS_LOW,1009,JED-NTH ABH AH320,33862 Gas low value,1009
33862,JED-NTH-MDNAS-12,33862_AC_FAIL,1010,JED-NTH ABH AH320,33862 AC power fail value,1010
33862,JED-NTH-MDNAS-12,33862_DOOR_OPENED,1011,JED-NTH ABH AH320,33862 Door open value,1011
33862,JED-NTH-MDNAS-12,33862_DC_ST,1012,JED-NTH ABH AH320,33862 DC power fail value,1012
33862,JED-NTH-MDNAS-12,33862_MOTOR_CRT_FAIL,1013,JED-NTH ABH AH320,33862 Motor circuit fail value,1013
33862,JED-NTH-MDNAS-12,33862_RTU_FAIL,1277,JED-NTH ABH AH320,33862 RTU Self diagnostic value,1277
33862,JED-NTH-MDNAS-12,33862_EFI,1278,JED-NTH ABH AH320,33862 EFI (Fault indication) value,1278
33862,JED-NTH-MDNAS-12,33862_PROT_HEALTH,1279,JED-NTH ABH AH320,33862 Protection Health value,1279
33862,JED-NTH-MDNAS-12,33862_PROT_TRIP_EFI,1280,JED-NTH ABH AH320,33862 Protection Trip (Earth fault) value,1280
33862,JED-NTH-MDNAS-12,33862_PROT_TRIP_PH_FLT,1281,JED-NTH ABH AH320,33862 Protection Trip (Phase fault) value,1281
33862,JED-NTH-MDNAS-12,33862_Y1-RMU31992_ST,11000,JED-NTH ABH AH320,33862 Y1 state,11000
33862,JED-NTH-MDNAS-12,33862_Y2-RMU18585_ST,11001,JED-NTH ABH AH320,33862 Y2 state,11001
33862,JED-NTH-MDNAS-12,33862_TR1-RMU33862_ST,11002,JED-NTH ABH AH320,33862 Q1 state,11002
33862,JED-NTH-MDNAS-12,33862_Y3-RMUAH12_ST,11003,JED-NTH ABH AH320,33862 Y3 state,11003
33862,JED-NTH-MDNAS-12,33862_LR,11004,JED-NTH ABH AH320,33862 Remote/Local value,11004
33862,JED-NTH-MDNAS-12,33862_Y1-RMU31992_AMP_A,13015,JED-NTH ABH AH320,33862 Y1 i_a_value(A),13015
33862,JED-NTH-MDNAS-12,33862_Y1-RMU31992_AMP_B,13016,JED-NTH ABH AH320,33862 Y1 i_b_value(A),13016
33862,JED-NTH-MDNAS-12,33862_Y1-RMU31992_AMP_C,13017,JED-NTH ABH AH320,33862 Y1 i_c_value(A),13017
33862,JED-NTH-MDNAS-12,33862_Y1-RMU31992_AMP_N,13018,JED-NTH ABH AH320,33862 Y1 i_n_value(A),13018
33862,JED-NTH-MDNAS-12,33862_Y2-RMU18585_AMP_A,13019,JED-NTH ABH AH320,33862 Y2 i_a_value(A),13019
33862,JED-NTH-MDNAS-12,33862_Y2-RMU18585_AMP_B,13020,JED-NTH ABH AH320,33862 Y2 i_b_value(A),13020
33862,JED-NTH-MDNAS-12,33862_Y2-RMU18585_AMP_C,13021,JED-NTH ABH AH320,33862 Y2 i_c_value(A),13021
33862,JED-NTH-MDNAS-12,33862_Y2-RMU18585_AMP_N,13022,JED-NTH ABH AH320,33862 Y2 i_n_value(A),13022
33862,JED-NTH-MDNAS-12,33862_TR1-RMU33862_AMP_A,13023,JED-NTH ABH AH320,33862 Q1 i_a_value(A),13023
33862,JED-NTH-MDNAS-12,33862_TR1-RMU33862_AMP_B,13024,JED-NTH ABH AH320,33862 Q1 i_b_value(A),13024
33862,JED-NTH-MDNAS-12,33862_TR1-RMU33862_AMP_C,13025,JED-NTH ABH AH320,33862 Q1 i_c_value(A),13025
33862,JED-NTH-MDNAS-12,33862_TR1-RMU33862_AMP_N,13026,JED-NTH ABH AH320,33862 Q1 i_n_value(A),13026
33862,JED-NTH-MDNAS-12,33862_Y3-RMUAH12_AMP_A,13027,JED-NTH ABH AH320,33862 Y3 i_a_value(A),13027
33862,JED-NTH-MDNAS-12,33862_Y3-RMUAH12_AMP_B,13028,JED-NTH ABH AH320,33862 Y3 i_b_value(A),13028
33862,JED-NTH-MDNAS-12,33862_Y3-RMUAH12_AMP_C,13029,JED-NTH ABH AH320,33862 Y3 i_c_value(A),13029
33862,JED-NTH-MDNAS-12,33862_Y3-RMUAH12_AMP_N,13030,JED-NTH ABH AH320,33862 Y3 i_n_value(A),13030
33862,JED-NTH-MDNAS-12,33862_Y1-RMU31992_KVA,13057,JED-NTH ABH AH320,33862 Y1 S(kVA),13057
33862,JED-NTH-MDNAS-12,33862_Y1-RMU31992_KW,13058,JED-NTH ABH AH320,33862 Y1 P(kW),13058
33862,JED-NTH-MDNAS-12,33862_Y1-RMU31992_KVAR,13059,JED-NTH ABH AH320,33862 Y1 Q(kVar),13059
33862,JED-NTH-MDNAS-12,33862_Y2-RMU18585_KVA,13060,JED-NTH ABH AH320,33862 Y2 S(kVA),13060
33862,JED-NTH-MDNAS-12,33862_Y2-RMU18585_KW,13061,JED-NTH ABH AH320,33862 Y2 P(kW),13061
33862,JED-NTH-MDNAS-12,33862_Y2-RMU18585_KVAR,13062,JED-NTH ABH AH320,33862 Y2 Q(kVar),13062
33862,JED-NTH-MDNAS-12,33862_TR1-RMU33862_VOLT_A,13063,JED-NTH ABH AH320,33862 Q1 u_ab_value(kV),13063
33862,JED-NTH-MDNAS-12,33862_TR1-RMU33862_VOLT_B,13064,JED-NTH ABH AH320,33862 Q1 u_bc_value(kV),13064
33862,JED-NTH-MDNAS-12,33862_TR1-RMU33862_VOLT_C,13065,JED-NTH ABH AH320,33862 Q1 u_ca_value(kV),13065
33862,JED-NTH-MDNAS-12,33862_TR1-RMU33862_VOLT_N,13066,JED-NTH ABH AH320,33862 Q1 u_n_value(kV),13066
33862,JED-NTH-MDNAS-12,33862_TR1-RMU33862_KVA,13067,JED-NTH ABH AH320,33862 Q1 S(kVA),13067
33862,JED-NTH-MDNAS-12,33862_TR1-RMU33862_KW,13068,JED-NTH ABH AH320,33862 Q1 P(kW),13068
33862,JED-NTH-MDNAS-12,33862_TR1-RMU33862_KVAR,13069,JED-NTH ABH AH320,33862 Q1 Q(kVar),13069
33862,JED-NTH-MDNAS-12,33862_TR1-RMU33862_PF,13070,JED-NTH ABH AH320,33862 Q1 Power factor,13070
33862,JED-NTH-MDNAS-12,33862_Y3-RMUAH12_KVA,13071,JED-NTH ABH AH320,33862 Y3 S(kVA),13071
33862,JED-NTH-MDNAS-12,33862_Y3-RMUAH12_KW,13072,JED-NTH ABH AH320,33862 Y3 P(kW),13072
33862,JED-NTH-MDNAS-12,33862_Y3-RMUAH12_KVAR,13073,JED-NTH ABH AH320,33862 Y3 Q(kVar),13073
34661,JED-NTH-DHN-40,34661_Y1-RMU34002_CMD,1,JED-NTH ABH AH303,34661 Y1 CMD,1
34661,JED-NTH-DHN-40,34661_TR1-RMU34661_CMD,5,JED-NTH ABH AH303,34661 Q1 CMD,5
34661,JED-NTH-DHN-40,34661_Y2-RMU14858_CMD,9,JED-NTH ABH AH303,34661 Y2 CMD,9
34661,JED-NTH-DHN-40,34661_Y1-RMU34002_ST_LOCK,1000,JED-NTH ABH AH303,34661 Y1/Lock/Unlock indication value,1000
34661,JED-NTH-DHN-40,34661_Y1-RMU34002_ST_GND,1001,JED-NTH ABH AH303,34661 KY1 state,1001
34661,JED-NTH-DHN-40,34661_TR1-RMU34661_ST_LOCK,1002,JED-NTH ABH AH303,34661 Q1/Lock/Unlock indication value,1002
34661,JED-NTH-DHN-40,34661_TR1-RMU34661_ST_GND,1003,JED-NTH ABH AH303,34661 KQ1 state,1003
34661,JED-NTH-DHN-40,34661_Y2-RMU14858_ST_LOCK,1004,JED-NTH ABH AH303,34661 Y2/Lock/Unlock indication value,1004
34661,JED-NTH-DHN-40,34661_Y2-RMU14858_ST_GND,1005,JED-NTH ABH AH303,34661 KY2 state,1005
34661,JED-NTH-DHN-40,34661_BATT_LOW,1008,JED-NTH ABH AH303,34661 Battery low value,1008
34661,JED-NTH-DHN-40,34661_GAS_LOW,1009,JED-NTH ABH AH303,34661 Gas low value,1009
34661,JED-NTH-DHN-40,34661_AC_FAIL,1010,JED-NTH ABH AH303,34661 AC power fail value,1010
34661,JED-NTH-DHN-40,34661_DOOR_OPENED,1011,JED-NTH ABH AH303,34661 Door open value,1011
34661,JED-NTH-DHN-40,34661_DC_ST,1012,JED-NTH ABH AH303,34661 DC power fail value,1012
34661,JED-NTH-DHN-40,34661_MOTOR_CRT_FAIL,1013,JED-NTH ABH AH303,34661 Motor circuit fail value,1013
34661,JED-NTH-DHN-40,34661_RTU_FAIL,1277,JED-NTH ABH AH303,34661 RTU Self diagnostic value,1277
34661,JED-NTH-DHN-40,34661_EFI,1278,JED-NTH ABH AH303,34661 EFI (Fault indication) value,1278
34661,JED-NTH-DHN-40,34661_PROT_HEALTH,1279,JED-NTH ABH AH303,34661 Protection Health value,1279
34661,JED-NTH-DHN-40,34661_PROT_TRIP_EFI,1280,JED-NTH ABH AH303,34661 Protection Trip (Earth fault) value,1280
34661,JED-NTH-DHN-40,34661_PROT_TRIP_PH_FLT,1281,JED-NTH ABH AH303,34661 Protection Trip (Phase fault) value,1281
34661,JED-NTH-DHN-40,34661_Y1-RMU34002_ST,11000,JED-NTH ABH AH303,34661 Y1 state,11000
34661,JED-NTH-DHN-40,34661_TR1-RMU34661_ST,11001,JED-NTH ABH AH303,34661 Q1 state,11001
34661,JED-NTH-DHN-40,34661_Y2-RMU14858_ST,11002,JED-NTH ABH AH303,34661 Y2 state,11002
34661,JED-NTH-DHN-40,34661_LR,11004,JED-NTH ABH AH303,34661 Remote/Local value,11004
34661,JED-NTH-DHN-40,34661_Y1-RMU34002_AMP_A,13015,JED-NTH ABH AH303,34661 Y1 i_a_value(A),13015
34661,JED-NTH-DHN-40,34661_Y1-RMU34002_AMP_B,13016,JED-NTH ABH AH303,34661 Y1 i_b_value(A),13016
34661,JED-NTH-DHN-40,34661_Y1-RMU34002_AMP_C,13017,JED-NTH ABH AH303,34661 Y1 i_c_value(A),13017
34661,JED-NTH-DHN-40,34661_Y1-RMU34002_AMP_N,13018,JED-NTH ABH AH303,34661 Y1 i_n_value(A),13018
34661,JED-NTH-DHN-40,34661_TR1-RMU34661_AMP_A,13019,JED-NTH ABH AH303,34661 Q1 i_a_value(A),13019
34661,JED-NTH-DHN-40,34661_TR1-RMU34661_AMP_B,13020,JED-NTH ABH AH303,34661 Q1 i_b_value(A),13020
34661,JED-NTH-DHN-40,34661_TR1-RMU34661_AMP_C,13021,JED-NTH ABH AH303,34661 Q1 i_c_value(A),13021
34661,JED-NTH-DHN-40,34661_TR1-RMU34661_AMP_N,13022,JED-NTH ABH AH303,34661 Q1 i_n_value(A),13022
34661,JED-NTH-DHN-40,34661_Y2-RMU14858_AMP_A,13023,JED-NTH ABH AH303,34661 Y2 i_a_value(A),13023
34661,JED-NTH-DHN-40,34661_Y2-RMU14858_AMP_B,13024,JED-NTH ABH AH303,34661 Y2 i_b_value(A),13024
34661,JED-NTH-DHN-40,34661_Y2-RMU14858_AMP_C,13025,JED-NTH ABH AH303,34661 Y2 i_c_value(A),13025
34661,JED-NTH-DHN-40,34661_Y2-RMU14858_AMP_N,13026,JED-NTH ABH AH303,34661 Y2 i_n_value(A),13026
34661,,,,JED-NTH ABH AH303,34661 Y1 S(kVA),13057
34661,,,,JED-NTH ABH AH303,34661 Y1 P(kW),13058
34661,,,,JED-NTH ABH AH303,34661 Y1 Q(kVar),13059
34661,JED-NTH-DHN-40,34661_TR1-RMU34661_VOLT_A,13060,JED-NTH ABH AH303,34661 Q1 u_ab_value(kV),13060
34661,JED-NTH-DHN-40,34661_TR1-RMU34661_VOLT_B,13061,JED-NTH ABH AH303,34661 Q1 u_bc_value(kV),13061
34661,JED-NTH-DHN-40,34661_TR1-RMU34661_VOLT_C,13062,JED-NTH ABH AH303,34661 Q1 u_ca_value(kV),13062
34661,JED-NTH-DHN-40,34661_TR1-RMU34661_VOLT_N,13063,JED-NTH ABH AH303,34661 Q1 u_n_value(kV),13063
34661,JED-NTH-DHN-40,34661_TR1-RMU34661_KVA,13064,JED-NTH ABH AH303,34661 Q1 S(kVA),13064
34661,JED-NTH-DHN-40,34661_Y2-RMU14858_KVA,13064,,,
34661,JED-NTH-DHN-40,34661_TR1-RMU34661_KW,13065,JED-NTH ABH AH303,34661 Q1 P(kW),13065
34661,JED-NTH-DHN-40,34661_Y2-RMU14858_KW,13065,,,
34661,JED-NTH-DHN-40,34661_TR1-RMU34661_KVAR,13066,JED-NTH ABH AH303,34661 Q1 Q(kVar),13066
34661,JED-NTH-DHN-40,34661_Y2-RMU14858_KVAR,13066,,,
34661,JED-NTH-DHN-40,34661_TR1-RMU34661_PF,13067,JED-NTH ABH AH303,34661 Q1 Power factor,13067
34661,,,,JED-NTH ABH AH303,34661 Y2 S(kVA),13068
34661,,,,JED-NTH ABH AH303,34661 Y2 P(kW),13069
34661,,,,JED-NTH ABH AH303,34661 Y2 Q(kVar),13070
34802,,,,JED-NTH ABH AH314,34802 Y1 CMD,1
34802,JED-NTH-FRDS-44,34802_TR1-RMU34802_CMD,5,JED-NTH ABH AH314,34802 Q1 CMD,5
34802,JED-NTH-FRDS-44,34802_TR2-RMU34802_CMD,9,JED-NTH ABH AH314,34802 Y2 CMD,9
34802,JED-NTH-FRDS-44,34802_Y2-RMU33888_CMD,13,,,
34802,JED-NTH-FRDS-44,34802_Y1-RMU29802_ST_LOCK,1000,JED-NTH ABH AH314,34802 Y1/Lock/Unlock indication value,1000
34802,JED-NTH-FRDS-44,34802_Y1-RMU29802_ST_GND,1001,JED-NTH ABH AH314,34802 KY1 state,1001
34802,JED-NTH-FRDS-44,34802_TR1-RMU34802_ST_LOCK,1002,JED-NTH ABH AH314,34802 Q1/Lock/Unlock indication value,1002
34802,JED-NTH-FRDS-44,34802_TR1-RMU34802_ST_GND,1003,JED-NTH ABH AH314,34802 KQ1 state,1003
34802,JED-NTH-FRDS-44,34802_TR2-RMU34802_ST_LOCK,1004,JED-NTH ABH AH314,34802 Y2/Lock/Unlock indication value,1004
34802,JED-NTH-FRDS-44,34802_TR2-RMU34802_ST_GND,1005,JED-NTH ABH AH314,34802 KY2 state,1005
34802,JED-NTH-FRDS-44,34802_Y2-RMU33888_ST_LOCK,1006,,,
34802,JED-NTH-FRDS-44,34802_Y2-RMU33888_ST_GND,1007,,,
34802,JED-NTH-FRDS-44,34802_BATT_LOW,1008,JED-NTH ABH AH314,34802 Battery low value,1008
34802,JED-NTH-FRDS-44,34802_GAS_LOW,1009,JED-NTH ABH AH314,34802 Gas low value,1009
34802,JED-NTH-FRDS-44,34802_AC_FAIL,1010,JED-NTH ABH AH314,34802 AC power fail value,1010
34802,JED-NTH-FRDS-44,34802_DOOR_OPENED,1011,JED-NTH ABH AH314,34802 Door open value,1011
34802,JED-NTH-FRDS-44,34802_DC_ST,1012,JED-NTH ABH AH314,34802 DC power fail value,1012
34802,JED-NTH-FRDS-44,34802_MOTOR_CRT_FAIL,1013,JED-NTH ABH AH314,34802 Motor circuit fail value,1013
34802,JED-NTH-FRDS-44,34802_RTU_FAIL,1277,JED-NTH ABH AH314,34802 RTU Self diagnostic value,1277
34802,JED-NTH-FRDS-44,34802_EFI,1278,JED-NTH ABH AH314,34802 EFI (Fault indication) value,1278
34802,JED-NTH-FRDS-44,34802_TR1-RMU34802_PROT_HEALTH,1279,JED-NTH ABH AH314,34802 Protection Health value,1279
34802,JED-NTH-FRDS-44,34802_TR1-RMU34802_PROT_TRIP_EFI,1280,JED-NTH ABH AH314,34802 Protection Trip (Earth fault) value,1280
34802,JED-NTH-FRDS-44,34802_TR1-RMU34802_PROT_TRIP_PH_FLT,1281,JED-NTH ABH AH314,34802 Protection Trip (Phase fault) value,1281
34802,JED-NTH-FRDS-44,34802_TR2-RMU34802_PROT_HEALTH,1282,,,
34802,JED-NTH-FRDS-44,34802_TR2-RMU34802_PROT_TRIP_EFI,1283,,,
34802,JED-NTH-FRDS-44,34802_TR2-RMU34802_PROT_TRIP_PH_FLT,1284,,,
34802,JED-NTH-FRDS-44,34802_Y1-RMU29802_ST,11000,JED-NTH ABH AH314,34802 Y1 state,11000
34802,JED-NTH-FRDS-44,34802_TR1-RMU34802_ST,11001,JED-NTH ABH AH314,34802 Q1 state,11001
34802,JED-NTH-FRDS-44,34802_TR2-RMU34802_ST,11002,JED-NTH ABH AH314,34802 Y2 state,11002
34802,JED-NTH-FRDS-44,34802_Y2-RMU33888_ST,11003,,,
34802,JED-NTH-FRDS-44,34802_LR,11004,JED-NTH ABH AH314,34802 Remote/Local value,11004
34802,JED-NTH-FRDS-44,34802_Y1-RMU29802_AMP_A,13015,JED-NTH ABH AH314,34802 Y1 i_a_value(A),13015
34802,JED-NTH-FRDS-44,34802_Y1-RMU29802_AMP_B,13016,JED-NTH ABH AH314,34802 Y1 i_b_value(A),13016
34802,JED-NTH-FRDS-44,34802_Y1-RMU29802_AMP_C,13017,JED-NTH ABH AH314,34802 Y1 i_c_value(A),13017
34802,JED-NTH-FRDS-44,34802_Y1-RMU29802_AMP_N,13018,JED-NTH ABH AH314,34802 Y1 i_n_value(A),13018
34802,JED-NTH-FRDS-44,34802_TR1-RMU34802_AMP_A,13019,JED-NTH ABH AH314,34802 Q1 i_a_value(A),13019
34802,JED-NTH-FRDS-44,34802_TR1-RMU34802_AMP_B,13020,JED-NTH ABH AH314,34802 Q1 i_b_value(A),13020
34802,JED-NTH-FRDS-44,34802_TR1-RMU34802_AMP_C,13021,JED-NTH ABH AH314,34802 Q1 i_c_value(A),13021
34802,JED-NTH-FRDS-44,34802_TR1-RMU34802_AMP_N,13022,JED-NTH ABH AH314,34802 Q1 i_n_value(A),13022
34802,JED-NTH-FRDS-44,34802_TR2-RMU34802_AMP_A,13023,JED-NTH ABH AH314,34802 Y2 i_a_value(A),13023
34802,JED-NTH-FRDS-44,34802_TR2-RMU34802_AMP_B,13024,JED-NTH ABH AH314,34802 Y2 i_b_value(A),13024
34802,JED-NTH-FRDS-44,34802_TR2-RMU34802_AMP_C,13025,JED-NTH ABH AH314,34802 Y2 i_c_value(A),13025
34802,JED-NTH-FRDS-44,34802_TR2-RMU34802_AMP_N,13026,JED-NTH ABH AH314,34802 Y2 i_n_value(A),13026
34802,JED-NTH-FRDS-44,34802_Y2-RMU33888_AMP_A,13027,,,
34802,JED-NTH-FRDS-44,34802_Y2-RMU33888_AMP_B,13028,,,
34802,JED-NTH-FRDS-44,34802_Y2-RMU33888_AMP_C,13029,,,
34802,JED-NTH-FRDS-44,34802_Y2-RMU33888_AMP_N,13030,,,
34802,JED-NTH-FRDS-44,34802_Y1-RMU29802_KVA,13057,JED-NTH ABH AH314,34802 Y1 S(kVA),13057
34802,JED-NTH-FRDS-44,34802_Y1-RMU29802_KW,13058,JED-NTH ABH AH314,34802 Y1 P(kW),13058
34802,JED-NTH-FRDS-44,34802_Y1-RMU29802_KVAR,13059,JED-NTH ABH AH314,34802 Y1 Q(kVar),13059
34802,JED-NTH-FRDS-44,34802_TR1-RMU34802_KVA,13060,JED-NTH ABH AH314,34802 Q1 u_ab_value(kV),13060
34802,JED-NTH-FRDS-44,34802_TR1-RMU34802_KW,13061,JED-NTH ABH AH314,34802 Q1 u_bc_value(kV),13061
34802,JED-NTH-FRDS-44,34802_TR1-RMU34802_KVAR,13062,JED-NTH ABH AH314,34802 Q1 u_ca_value(kV),13062
34802,JED-NTH-FRDS-44,34802_TR2-RMU34802_VOLT_A,13063,JED-NTH ABH AH314,34802 Q1 u_n_value(kV),13063
34802,JED-NTH-FRDS-44,34802_TR2-RMU34802_VOLT_B,13064,JED-NTH ABH AH314,34802 Q1 S(kVA),13064
34802,JED-NTH-FRDS-44,34802_TR2-RMU34802_VOLT_C,13065,JED-NTH ABH AH314,34802 Q1 P(kW),13065
34802,JED-NTH-FRDS-44,34802_TR2-RMU34802_VOLT_N,13066,JED-NTH ABH AH314,34802 Q1 Q(kVar),13066
34802,JED-NTH-FRDS-44,34802_TR2-RMU34802_KVA,13067,JED-NTH ABH AH314,34802 Q1 Power factor,13067
34802,JED-NTH-FRDS-44,34802_TR2-RMU34802_KW,13068,JED-NTH ABH AH314,34802 Y2 S(kVA),13068
34802,JED-NTH-FRDS-44,34802_TR2-RMU34802_KVAR,13069,JED-NTH ABH AH314,34802 Y2 P(kW),13069
34802,JED-NTH-FRDS-44,34802_TR2-RMU34802_PF,13070,JED-NTH ABH AH314,34802 Y2 Q(kVar),13070
34802,JED-NTH-FRDS-44,34802_Y2-RMU33888_KVA,13071,,,
34802,JED-NTH-FRDS-44,34802_Y2-RMU33888_KW,13072,,,
34802,JED-NTH-FRDS-44,34802_Y2-RMU33888_KVAR,13073,,,
35150,JED-NTH-JUAS-23,35150_Y1-RMU27546_CMD,1,JED-NTH ABH AH321,35150 Y1 CMD,1
35150,JED-NTH-JUAS-23,35150_TR1-RMU35150_CMD,5,JED-NTH ABH AH321,35150 Q1 CMD,5
35150,JED-NTH-JUAS-23,35150_Y2-RMU27545_CMD,9,JED-NTH ABH AH321,35150 Y2 CMD,9
35150,JED-NTH-JUAS-23,35150_Y1-RMU27546_ST_LOCK,1000,JED-NTH ABH AH321,35150 Y1/Lock/Unlock indication value,1000
35150,JED-NTH-JUAS-23,35150_Y1-RMU27546_ST_GND,1001,JED-NTH ABH AH321,35150 KY1 state,1001
35150,JED-NTH-JUAS-23,35150_TR1-RMU35150_ST_LOCK,1002,JED-NTH ABH AH321,35150 Q1/Lock/Unlock indication value,1002
35150,JED-NTH-JUAS-23,35150_TR1-RMU35150_ST_GND,1003,JED-NTH ABH AH321,35150 KQ1 state,1003
35150,JED-NTH-JUAS-23,35150_Y2-RMU27545_ST_LOCK,1004,JED-NTH ABH AH321,35150 Y2/Lock/Unlock indication value,1004
35150,JED-NTH-JUAS-23,35150_Y2-RMU27545_ST_GND,1005,JED-NTH ABH AH321,35150 KY2 state,1005
35150,JED-NTH-JUAS-23,35150_BATT_LOW,1008,JED-NTH ABH AH321,35150 Battery low value,1008
35150,JED-NTH-JUAS-23,35150_GAS_LOW,1009,JED-NTH ABH AH321,35150 Gas low value,1009
35150,JED-NTH-JUAS-23,35150_AC_FAIL,1010,JED-NTH ABH AH321,35150 AC power fail value,1010
35150,JED-NTH-JUAS-23,35150_DOOR_OPENED,1011,JED-NTH ABH AH321,35150 Door open value,1011
35150,JED-NTH-JUAS-23,35150_DC_ST,1012,JED-NTH ABH AH321,35150 DC power fail value,1012
35150,JED-NTH-JUAS-23,35150_MOTOR_CRT_FAIL,1013,JED-NTH ABH AH321,35150 Motor circuit fail value,1013
35150,JED-NTH-JUAS-23,35150_RTU_FAIL,1277,JED-NTH ABH AH321,35150 RTU Self diagnostic value,1277
35150,JED-NTH-JUAS-23,35150_EFI,1278,JED-NTH ABH AH321,35150 EFI (Fault indication) value,1278
35150,JED-NTH-JUAS-23,35150_PROT_HEALTH,1279,JED-NTH ABH AH321,35150 Protection Health value,1279
35150,JED-NTH-JUAS-23,35150_PROT_TRIP_EFI,1280,JED-NTH ABH AH321,35150 Protection Trip (Earth fault) value,1280
35150,JED-NTH-JUAS-23,35150_PROT_TRIP_PH_FLT,1281,JED-NTH ABH AH321,35150 Protection Trip (Phase fault) value,1281
35150,JED-NTH-JUAS-23,35150_Y1-RMU27546_ST,11000,JED-NTH ABH AH321,35150 Y1 state,11000
35150,JED-NTH-JUAS-23,35150_TR1-RMU35150_ST,11001,JED-NTH ABH AH321,35150 Q1 state,11001
35150,JED-NTH-JUAS-23,35150_Y2-RMU27545_ST,11002,JED-NTH ABH AH321,35150 Y2 state,11002
35150,JED-NTH-JUAS-23,35150_LR,11004,JED-NTH ABH AH321,35150 Remote/Local value,11004
35150,JED-NTH-JUAS-23,35150_Y1-RMU27546_AMP_A,13015,JED-NTH ABH AH321,35150 Y1 i_a_value(A),13015
35150,JED-NTH-JUAS-23,35150_Y1-RMU27546_AMP_B,13016,JED-NTH ABH AH321,35150 Y1 i_b_value(A),13016
35150,JED-NTH-JUAS-23,35150_Y1-RMU27546_AMP_C,13017,JED-NTH ABH AH321,35150 Y1 i_c_value(A),13017
35150,JED-NTH-JUAS-23,35150_Y1-RMU27546_AMP_N,13018,JED-NTH ABH AH321,35150 Y1 i_n_value(A),13018
35150,JED-NTH-JUAS-23,35150_TR1-RMU35150_AMP_A,13019,JED-NTH ABH AH321,35150 Q1 i_a_value(A),13019
35150,JED-NTH-JUAS-23,35150_TR1-RMU35150_AMP_B,13020,JED-NTH ABH AH321,35150 Q1 i_b_value(A),13020
35150,JED-NTH-JUAS-23,35150_TR1-RMU35150_AMP_C,13021,JED-NTH ABH AH321,35150 Q1 i_c_value(A),13021
35150,JED-NTH-JUAS-23,35150_TR1-RMU35150_AMP_N,13022,JED-NTH ABH AH321,35150 Q1 i_n_value(A),13022
35150,JED-NTH-JUAS-23,35150_Y2-RMU27545_AMP_A,13023,JED-NTH ABH AH321,35150 Y2 i_a_value(A),13023
35150,JED-NTH-JUAS-23,35150_Y2-RMU27545_AMP_B,13024,JED-NTH ABH AH321,35150 Y2 i_b_value(A),13024
35150,JED-NTH-JUAS-23,35150_Y2-RMU27545_AMP_C,13025,JED-NTH ABH AH321,35150 Y2 i_c_value(A),13025
35150,JED-NTH-JUAS-23,35150_Y2-RMU27545_AMP_N,13026,JED-NTH ABH AH321,35150 Y2 i_n_value(A),13026
35150,,,,JED-NTH ABH AH321,35150 Y1 S(kVA),13057
35150,,,,JED-NTH ABH AH321,35150 Y1 P(kW),13058
35150,,,,JED-NTH ABH AH321,35150 Y1 Q(kVar),13059
35150,JED-NTH-JUAS-23,35150_TR1-RMU35150_VOLT_A,13060,JED-NTH ABH AH321,35150 Q1 u_ab_value(kV),13060
35150,JED-NTH-JUAS-23,35150_TR1-RMU35150_VOLT_B,13061,JED-NTH ABH AH321,35150 Q1 u_bc_value(kV),13061
35150,JED-NTH-JUAS-23,35150_TR1-RMU35150_VOLT_C,13062,JED-NTH ABH AH321,35150 Q1 u_ca_value(kV),13062
35150,JED-NTH-JUAS-23,35150_TR1-RMU35150_VOLT_N,13063,JED-NTH ABH AH321,35150 Q1 u_n_value(kV),13063
35150,JED-NTH-JUAS-23,35150_TR1-RMU35150_KVA,13064,JED-NTH ABH AH321,35150 Q1 S(kVA),13064
35150,JED-NTH-JUAS-23,35150_Y1-RMU27546_KVA,13064,,,
35150,JED-NTH-JUAS-23,35150_TR1-RMU35150_KW,13065,JED-NTH ABH AH321,35150 Q1 P(kW),13065
35150,JED-NTH-JUAS-23,35150_Y1-RMU27546_KW,13065,,,
35150,JED-NTH-JUAS-23,35150_TR1-RMU35150_KVAR,13066,JED-NTH ABH AH321,35150 Q1 Q(kVar),13066
35150,JED-NTH-JUAS-23,35150_Y1-RMU27546_KVAR,13066,,,
35150,JED-NTH-JUAS-23,35150_TR1-RMU35150_PF,13067,JED-NTH ABH AH321,35150 Q1 Power factor,13067
35150,,,,JED-NTH ABH AH321,35150 Y2 S(kVA),13068
35150,,,,JED-NTH ABH AH321,35150 Y2 P(kW),13069
35150,,,,JED-NTH ABH AH321,35150 Y2 Q(kVar),13070
36236,JED-NTH-HHR2-44,36236_Y1-RMU29798_CMD,1,JED-NTH ABH AH314,36236 Y1 CMD,1
36236,JED-NTH-HHR2-44,36236_TR1-RMU36236_CMD,5,JED-NTH ABH AH314,36236 Q1 CMD,5
36236,JED-NTH-HHR2-44,36236_Y2-RMU36813_CMD,9,JED-NTH ABH AH314,36236 Y2 CMD,9
36236,JED-NTH-HHR2-44,36236_Y1-RMU29798_ST_LOCK,1000,JED-NTH ABH AH314,36236 Y1/Lock/Unlock indication value,1000
36236,JED-NTH-HHR2-44,36236_Y1-RMU29798_ST_GND,1001,JED-NTH ABH AH314,36236 KY1 state,1001
36236,JED-NTH-HHR2-44,36236_TR1-RMU36236_ST_LOCK,1002,JED-NTH ABH AH314,36236 Q1/Lock/Unlock indication value,1002
36236,JED-NTH-HHR2-44,36236_TR1-RMU36236_ST_GND,1003,JED-NTH ABH AH314,36236 KQ1 state,1003
36236,JED-NTH-HHR2-44,36236_Y2-RMU36813_ST_LOCK,1004,JED-NTH ABH AH314,36236 Y2/Lock/Unlock indication value,1004
36236,JED-NTH-HHR2-44,36236_Y2-RMU36813_ST_GND,1005,JED-NTH ABH AH314,36236 KY2 state,1005
36236,JED-NTH-HHR2-44,36236_BATT_LOW,1008,JED-NTH ABH AH314,36236 Battery low value,1008
36236,JED-NTH-HHR2-44,36236_GAS_LOW,1009,JED-NTH ABH AH314,36236 Gas low value,1009
36236,JED-NTH-HHR2-44,36236_AC_FAIL,1010,JED-NTH ABH AH314,36236 AC power fail value,1010
36236,JED-NTH-HHR2-44,36236_DOOR_OPENED,1011,JED-NTH ABH AH314,36236 Door open value,1011
36236,JED-NTH-HHR2-44,36236_DC_ST,1012,JED-NTH ABH AH314,36236 DC power fail value,1012
36236,JED-NTH-HHR2-44,36236_MOTOR_CRT_FAIL,1013,JED-NTH ABH AH314,36236 Motor circuit fail value,1013
36236,JED-NTH-HHR2-44,36236_RTU_FAIL,1277,JED-NTH ABH AH314,36236 RTU Self diagnostic value,1277
36236,JED-NTH-HHR2-44,36236_EFI,1278,JED-NTH ABH AH314,36236 EFI (Fault indication) value,1278
36236,JED-NTH-HHR2-44,36236_PROT_HEALTH,1279,JED-NTH ABH AH314,36236 Protection Health value,1279
36236,JED-NTH-HHR2-44,36236_PROT_TRIP_EFI,1280,JED-NTH ABH AH314,36236 Protection Trip (Earth fault) value,1280
36236,JED-NTH-HHR2-44,36236_PROT_TRIP_PH_FLT,1281,JED-NTH ABH AH314,36236 Protection Trip (Phase fault) value,1281
36236,JED-NTH-HHR2-44,36236_Y1-RMU29798_ST,11000,JED-NTH ABH AH314,36236 Y1 state,11000
36236,JED-NTH-HHR2-44,36236_TR1-RMU36236_ST,11001,JED-NTH ABH AH314,36236 Q1 state,11001
36236,JED-NTH-HHR2-44,36236_Y2-RMU36813_ST,11002,JED-NTH ABH AH314,36236 Y2 state,11002
36236,JED-NTH-HHR2-44,36236_LR,11004,JED-NTH ABH AH314,36236 Remote/Local value,11004
36236,JED-NTH-HHR2-44,36236_Y1-RMU29798_AMP_A,13015,JED-NTH ABH AH314,36236 Y1 i_a_value(A),13015
36236,JED-NTH-HHR2-44,36236_Y1-RMU29798_AMP_B,13016,JED-NTH ABH AH314,36236 Y1 i_b_value(A),13016
36236,JED-NTH-HHR2-44,36236_Y1-RMU29798_AMP_C,13017,JED-NTH ABH AH314,36236 Y1 i_c_value(A),13017
36236,JED-NTH-HHR2-44,36236_Y1-RMU29798_AMP_N,13018,JED-NTH ABH AH314,36236 Y1 i_n_value(A),13018
36236,JED-NTH-HHR2-44,36236_TR1-RMU36236_AMP_A,13019,JED-NTH ABH AH314,36236 Q1 i_a_value(A),13019
36236,JED-NTH-HHR2-44,36236_TR1-RMU36236_AMP_B,13020,JED-NTH ABH AH314,36236 Q1 i_b_value(A),13020
36236,JED-NTH-HHR2-44,36236_TR1-RMU36236_AMP_C,13021,JED-NTH ABH AH314,36236 Q1 i_c_value(A),13021
36236,JED-NTH-HHR2-44,36236_TR1-RMU36236_AMP_N,13022,JED-NTH ABH AH314,36236 Q1 i_n_value(A),13022
36236,JED-NTH-HHR2-44,36236_Y2-RMU36813_AMP_A,13023,JED-NTH ABH AH314,36236 Y2 i_a_value(A),13023
36236,JED-NTH-HHR2-44,36236_Y2-RMU36813_AMP_B,13024,JED-NTH ABH AH314,36236 Y2 i_b_value(A),13024
36236,JED-NTH-HHR2-44,36236_Y2-RMU36813_AMP_C,13025,JED-NTH ABH AH314,36236 Y2 i_c_value(A),13025
36236,JED-NTH-HHR2-44,36236_Y2-RMU36813_AMP_N,13026,JED-NTH ABH AH314,36236 Y2 i_n_value(A),13026
36236,,,,JED-NTH ABH AH314,36236 Y1 S(kVA),13057
36236,,,,JED-NTH ABH AH314,36236 Y1 P(kW),13058
36236,,,,JED-NTH ABH AH314,36236 Y1 Q(kVar),13059
36236,JED-NTH-HHR2-44,36236_TR1-RMU36236_VOLT_A,13060,JED-NTH ABH AH314,36236 Q1 u_ab_value(kV),13060
36236,JED-NTH-HHR2-44,36236_TR1-RMU36236_VOLT_B,13061,JED-NTH ABH AH314,36236 Q1 u_bc_value(kV),13061
36236,JED-NTH-HHR2-44,36236_TR1-RMU36236_VOLT_C,13062,JED-NTH ABH AH314,36236 Q1 u_ca_value(kV),13062
36236,JED-NTH-HHR2-44,36236_TR1-RMU36236_VOLT_N,13063,JED-NTH ABH AH314,36236 Q1 u_n_value(kV),13063
36236,JED-NTH-HHR2-44,36236_TR1-RMU36236_KVA,13064,JED-NTH ABH AH314,36236 Q1 S(kVA),13064
36236,JED-NTH-HHR2-44,36236_Y2-RMU36813_KVA,13064,,,
36236,JED-NTH-HHR2-44,36236_TR1-RMU36236_KW,13065,JED-NTH ABH AH314,36236 Q1 P(kW),13065
36236,JED-NTH-HHR2-44,36236_Y2-RMU36813_KW,13065,,,
36236,JED-NTH-HHR2-44,36236_TR1-RMU36236_KVAR,13066,JED-NTH ABH AH314,36236 Q1 Q(kVar),13066
36236,JED-NTH-HHR2-44,36236_Y2-RMU36813_KVAR,13066,,,
36236,JED-NTH-HHR2-44,36236_TR1-RMU36236_PF,13067,JED-NTH ABH AH314,36236 Q1 Power factor,13067
36236,,,,JED-NTH ABH AH314,36236 Y2 S(kVA),13068
36236,,,,JED-NTH ABH AH314,36236 Y2 P(kW),13069
36236,,,,JED-NTH ABH AH314,36236 Y2 Q(kVar),13070
36352,JED-NTH-JUAS-23,36352_Y1-RMU22655_CMD,1,JED-NTH ABH AH321,36352 Y1 CMD,1
36352,JED-NTH-JUAS-23,36352_TR1-RMU36352_CMD,5,JED-NTH ABH AH321,36352 Q1 CMD,5
36352,JED-NTH-JUAS-23,36352_Y2-RMU28058_CMD,9,JED-NTH ABH AH321,36352 Q2 CMD,9
36352,,,,JED-NTH ABH AH321,36352 Y2 CMD,13
36352,JED-NTH-JUAS-23,36352_Y1-RMU22655_ST_LOCK,1000,JED-NTH ABH AH321,36352 Y1/Lock/Unlock indication value,1000
36352,JED-NTH-JUAS-23,36352_Y1-RMU22655_ST_GND,1001,JED-NTH ABH AH321,36352 KY1 state,1001
36352,JED-NTH-JUAS-23,36352_TR1-RMU36352_ST_LOCK,1002,JED-NTH ABH AH321,36352 Q1/Lock/Unlock indication value,1002
36352,JED-NTH-JUAS-23,36352_TR1-RMU36352_ST_GND,1003,JED-NTH ABH AH321,36352 KQ1 state,1003
36352,JED-NTH-JUAS-23,36352_Y2-RMU28058_ST_LOCK,1004,JED-NTH ABH AH321,36352 Q2/Lock/Unlock indication value,1004
36352,JED-NTH-JUAS-23,36352_Y2-RMU28058_ST_GND,1005,JED-NTH ABH AH321,36352 KQ2 state,1005
36352,,,,JED-NTH ABH AH321,36352 Y2/Lock/Unlock indication value,1006
36352,,,,JED-NTH ABH AH321,36352 KY2 state,1007
36352,JED-NTH-JUAS-23,36352_BATT_LOW,1008,JED-NTH ABH AH321,36352 Battery low value,1008
36352,JED-NTH-JUAS-23,36352_GAS_LOW,1009,JED-NTH ABH AH321,36352 Gas low value,1009
36352,JED-NTH-JUAS-23,36352_AC_FAIL,1010,JED-NTH ABH AH321,36352 AC power fail value,1010
36352,JED-NTH-JUAS-23,36352_DOOR_OPENED,1011,JED-NTH ABH AH321,36352 Door open value,1011
36352,JED-NTH-JUAS-23,36352_DC_ST,1012,JED-NTH ABH AH321,36352 DC power fail value,1012
36352,JED-NTH-JUAS-23,36352_MOTOR_CRT_FAIL,1013,,,
36352,JED-NTH-JUAS-23,36352_RTU_FAIL,1277,JED-NTH ABH AH321,36352 RTU Self diagnostic value,1277
36352,JED-NTH-JUAS-23,36352_EFI,1278,JED-NTH ABH AH321,36352 EFI (Fault indication) value,1278
36352,JED-NTH-JUAS-23,36352_PROT_HEALTH,1279,JED-NTH ABH AH321,36352 Q1/Protection Health value,1279
36352,JED-NTH-JUAS-23,36352_PROT_TRIP_EFI,1280,JED-NTH ABH AH321,36352 Q1/Protection Trip (Earth fault) value,1280
36352,JED-NTH-JUAS-23,36352_PROT_TRIP_PH_FLT,1281,JED-NTH ABH AH321,36352 Q1/Protection Trip (Phase fault) value,1281
36352,,,,JED-NTH ABH AH321,36352 Q2/Protection Health value,1282
36352,,,,JED-NTH ABH AH321,36352 Q2/Protection Trip (Earth fault) value,1283
36352,,,,JED-NTH ABH AH321,36352 Q2/Protection Trip (Phase fault) value,1284
36352,JED-NTH-JUAS-23,36352_Y1-RMU22655_ST,11000,JED-NTH ABH AH321,36352 Y1 state,11000
36352,JED-NTH-JUAS-23,36352_TR1-RMU36352_ST,11001,JED-NTH ABH AH321,36352 Q1 state,11001
36352,JED-NTH-JUAS-23,36352_Y2-RMU28058_ST,11002,JED-NTH ABH AH321,36352 Q2 state,11002
36352,,,,JED-NTH ABH AH321,36352 Y2 state,11003
36352,JED-NTH-JUAS-23,36352_LR,11004,JED-NTH ABH AH321,36352 Remote/Local value,11004
36352,JED-NTH-JUAS-23,36352_Y1-RMU22655_AMP_A,13015,JED-NTH ABH AH321,36352 Y1 i_a_value(A),13015
36352,JED-NTH-JUAS-23,36352_Y1-RMU22655_AMP_B,13016,JED-NTH ABH AH321,36352 Y1 i_b_value(A),13016
36352,JED-NTH-JUAS-23,36352_Y1-RMU22655_AMP_C,13017,JED-NTH ABH AH321,36352 Y1 i_c_value(A),13017
36352,JED-NTH-JUAS-23,36352_Y1-RMU22655_AMP_N,13018,JED-NTH ABH AH321,36352 Y1 i_n_value(A),13018
36352,JED-NTH-JUAS-23,36352_TR1-RMU36352_AMP_A,13019,JED-NTH ABH AH321,36352 Q1 i_a_value(A),13019
36352,JED-NTH-JUAS-23,36352_TR1-RMU36352_AMP_B,13020,JED-NTH ABH AH321,36352 Q1 i_b_value(A),13020
36352,JED-NTH-JUAS-23,36352_TR1-RMU36352_AMP_C,13021,JED-NTH ABH AH321,36352 Q1 i_c_value(A),13021
36352,JED-NTH-JUAS-23,36352_TR1-RMU36352_AMP_N,13022,JED-NTH ABH AH321,36352 Q1 i_n_value(A),13022
36352,JED-NTH-JUAS-23,36352_Y2-RMU28058_AMP_A,13023,JED-NTH ABH AH321,36352 Q2 i_a_value(A),13023
36352,JED-NTH-JUAS-23,36352_Y2-RMU28058_AMP_B,13024,JED-NTH ABH AH321,36352 Q2 i_b_value(A),13024
36352,JED-NTH-JUAS-23,36352_Y2-RMU28058_AMP_C,13025,JED-NTH ABH AH321,36352 Q2 i_c_value(A),13025
36352,JED-NTH-JUAS-23,36352_Y2-RMU28058_AMP_N,13026,JED-NTH ABH AH321,36352 Q2 i_n_value(A),13026
36352,,,,JED-NTH ABH AH321,36352 Y2 i_a_value(A),13027
36352,,,,JED-NTH ABH AH321,36352 Y2 i_b_value(A),13028
36352,,,,JED-NTH ABH AH321,36352 Y2 i_c_value(A),13029
36352,,,,JED-NTH ABH AH321,36352 Y2 i_n_value(A),13030
36352,,,,JED-NTH ABH AH321,36352 Y1 S(kVA),13057
36352,,,,JED-NTH ABH AH321,36352 Y1 P(kW),13058
36352,,,,JED-NTH ABH AH321,36352 Y1 Q(kVar),13059
36352,JED-NTH-JUAS-23,36352_TR1-RMU36352_VOLT_A,13060,JED-NTH ABH AH321,36352 Q1 S(kVA),13060
36352,JED-NTH-JUAS-23,36352_TR1-RMU36352_VOLT_B,13061,JED-NTH ABH AH321,36352 Q1 P(kW),13061
36352,JED-NTH-JUAS-23,36352_TR1-RMU36352_VOLT_C,13062,JED-NTH ABH AH321,36352 Q1 Q(kVar),13062
36352,JED-NTH-JUAS-23,36352_TR1-RMU36352_VOLT_N,13063,JED-NTH ABH AH321,36352 Q2 u_ab_value(kV),13063
36352,JED-NTH-JUAS-23,36352_TR1-RMU36352_KVA,13064,JED-NTH ABH AH321,36352 Q2 u_bc_value(kV),13064
36352,JED-NTH-JUAS-23,36352_Y1-RMU22655_KVA,13064,,,
36352,JED-NTH-JUAS-23,36352_TR1-RMU36352_KW,13065,JED-NTH ABH AH321,36352 Q2 u_ca_value(kV),13065
36352,JED-NTH-JUAS-23,36352_Y1-RMU22655_KW,13065,,,
36352,JED-NTH-JUAS-23,36352_TR1-RMU36352_KVAR,13066,JED-NTH ABH AH321,36352 Q2 u_n_value(kV),13066
36352,JED-NTH-JUAS-23,36352_Y1-RMU22655_KVAR,13066,,,
36352,JED-NTH-JUAS-23,36352_TR1-RMU36352_PF,13067,JED-NTH ABH AH321,36352 Q2 S(kVA),13067
36352,,,,JED-NTH ABH AH321,36352 Q2 P(kW),13068
36352,,,,JED-NTH ABH AH321,36352 Q2 Q(kVar),13069
36352,,,,JED-NTH ABH AH321,36352 Q2 Power factor,13070
36352,,,,JED-NTH ABH AH321,36352 Y2 S(kVA),13071
36352,,,,JED-NTH ABH AH321,36352 Y2 P(kW),13072
36352,,,,JED-NTH ABH AH321,36352 Y2 Q(kVar),13073
36361,JED-NTH-ABH-07,36361_Y1-26370_CMD,1,JED-NTH ABH AH307,36361 Y1 CMD,1
36361,JED-NTH-ABH-07,36361_TR1_CMD,5,JED-NTH ABH AH307,36361 Q1 CMD,5
36361,JED-NTH-ABH-07,36361_Y2-38247_CMD,9,JED-NTH ABH AH307,36361 Y2 CMD,9
36361,JED-NTH-ABH-07,36361_Y1-26370_ST_LOCK,1000,JED-NTH ABH AH307,36361 Y1/Lock/Unlock indication value,1000
36361,JED-NTH-ABH-07,36361_Y1-26370_ST_GND,1001,JED-NTH ABH AH307,36361 KY1 state,1001
36361,JED-NTH-ABH-07,36361_TR1_ST_LOCK,1002,JED-NTH ABH AH307,36361 Q1/Lock/Unlock indication value,1002
36361,JED-NTH-ABH-07,36361_TR1_ST_GND,1003,JED-NTH ABH AH307,36361 KQ1 state,1003
36361,JED-NTH-ABH-07,36361_Y2-38247_ST_LOCK,1004,JED-NTH ABH AH307,36361 Y2/Lock/Unlock indication value,1004
36361,JED-NTH-ABH-07,36361_Y2-38247_ST_GND,1005,JED-NTH ABH AH307,36361 KY2 state,1005
36361,JED-NTH-ABH-07,36361_BATT_LOW,1008,JED-NTH ABH AH307,36361 Battery low value,1008
36361,JED-NTH-ABH-07,36361_GAS_LOW,1009,JED-NTH ABH AH307,36361 Gas low value,1009
36361,JED-NTH-ABH-07,36361_AC_FAIL,1010,JED-NTH ABH AH307,36361 AC power fail value,1010
36361,JED-NTH-ABH-07,36361_DOOR_OPENED,1011,JED-NTH ABH AH307,36361 Door open value,1011
36361,JED-NTH-ABH-07,36361_DC_ST,1012,JED-NTH ABH AH307,36361 DC power fail value,1012
36361,JED-NTH-ABH-07,36361_MOTOR_CRT_FAIL,1013,JED-NTH ABH AH307,36361 Motor circuit fail value,1013
36361,JED-NTH-ABH-07,36361_RTU_FAIL,1277,JED-NTH ABH AH307,36361 RTU Self diagnostic value,1277
36361,JED-NTH-ABH-07,36361_EFI,1278,JED-NTH ABH AH307,36361 EFI (Fault indication) value,1278
36361,JED-NTH-ABH-07,36361_PROT_HEALTH,1279,JED-NTH ABH AH307,36361 Protection Health value,1279
36361,JED-NTH-ABH-07,36361_PROT_TRIP_EFI,1280,JED-NTH ABH AH307,36361 Protection Trip (Earth fault) value,1280
36361,JED-NTH-ABH-07,36361_PROT_TRIP_PH_FLT,1281,JED-NTH ABH AH307,36361 Protection Trip (Phase fault) value,1281
36361,JED-NTH-ABH-07,36361_Y1-26370_ST,11000,JED-NTH ABH AH307,36361 Y1 state,11000
36361,JED-NTH-ABH-07,36361_TR1_ST,11001,JED-NTH ABH AH307,36361 Q1 state,11001
36361,JED-NTH-ABH-07,36361_Y2-38247_ST,11002,JED-NTH ABH AH307,36361 Y2 state,11002
36361,JED-NTH-ABH-07,36361_LR,11004,JED-NTH ABH AH307,36361 Remote/Local value,11004
36361,JED-NTH-ABH-07,36361_Y1-26370_AMP_A,13015,JED-NTH ABH AH307,36361 Y1 i_a_value(A),13015
36361,JED-NTH-ABH-07,36361_Y1-26370_AMP_B,13016,JED-NTH ABH AH307,36361 Y1 i_b_value(A),13016
36361,JED-NTH-ABH-07,36361_Y1-26370_AMP_C,13017,JED-NTH ABH AH307,36361 Y1 i_c_value(A),13017
36361,JED-NTH-ABH-07,36361_Y1-26370_AMP_N,13018,JED-NTH ABH AH307,36361 Y1 i_n_value(A),13018
36361,JED-NTH-ABH-07,36361_TR1_AMP_A,13019,JED-NTH ABH AH307,36361 Q1 i_a_value(A),13019
36361,JED-NTH-ABH-07,36361_TR1_AMP_B,13020,JED-NTH ABH AH307,36361 Q1 i_b_value(A),13020
36361,JED-NTH-ABH-07,36361_TR1_AMP_C,13021,JED-NTH ABH AH307,36361 Q1 i_c_value(A),13021
36361,JED-NTH-ABH-07,36361_TR1_AMP_N,13022,JED-NTH ABH AH307,36361 Q1 i_n_value(A),13022
36361,JED-NTH-ABH-07,36361_Y2-38247_AMP_A,13023,JED-NTH ABH AH307,36361 Y2 i_a_value(A),13023
36361,JED-NTH-ABH-07,36361_Y2-38247_AMP_B,13024,JED-NTH ABH AH307,36361 Y2 i_b_value(A),13024
36361,JED-NTH-ABH-07,36361_Y2-38247_AMP_C,13025,JED-NTH ABH AH307,36361 Y2 i_c_value(A),13025
36361,JED-NTH-ABH-07,36361_Y2-38247_AMP_N,13026,JED-NTH ABH AH307,36361 Y2 i_n_value(A),13026
36361,JED-NTH-ABH-07,36361_Y1-26370_KVA,13057,JED-NTH ABH AH307,36361 Y1 S(kVA),13057
36361,JED-NTH-ABH-07,36361_Y1-26370_KVAR,13057,,,
36361,JED-NTH-ABH-07,36361_Y1-26370_KW,13058,JED-NTH ABH AH307,36361 Y1 P(kW),13058
36361,,,,JED-NTH ABH AH307,36361 Y1 Q(kVar),13059
36361,JED-NTH-ABH-07,36361_TR1_VOLT_A,13060,JED-NTH ABH AH307,36361 Q1 u_ab_value(kV),13060
36361,JED-NTH-ABH-07,36361_TR1_VOLT_B,13061,JED-NTH ABH AH307,36361 Q1 u_bc_value(kV),13061
36361,JED-NTH-ABH-07,36361_TR1_VOLT_C,13062,JED-NTH ABH AH307,36361 Q1 u_ca_value(kV),13062
36361,JED-NTH-ABH-07,36361_TR1_VN,13063,JED-NTH ABH AH307,36361 Q1 u_n_value(kV),13063
36361,JED-NTH-ABH-07,36361_TR1_VOLT_N,13063,,,
36361,,,,JED-NTH ABH AH307,36361 Q1 S(kVA),13064
36361,JED-NTH-ABH-07,36361_TR1_KW,13065,JED-NTH ABH AH307,36361 Q1 P(kW),13065
36361,JED-NTH-ABH-07,36361_TR1_KVA,13066,JED-NTH ABH AH307,36361 Q1 Q(kVar),13066
36361,JED-NTH-ABH-07,36361_TR1_KVAR,13066,,,
36361,JED-NTH-ABH-07,36361_TR1_PF,13067,JED-NTH ABH AH307,36361 Q1 Power factor,13067
36361,JED-NTH-ABH-07,36361_Y2-38247_KVA,13068,JED-NTH ABH AH307,36361 Y2 S(kVA),13068
36361,JED-NTH-ABH-07,36361_Y2-38247_KVAR,13068,,,
36361,JED-NTH-ABH-07,36361_Y2-38247_KW,13069,JED-NTH ABH AH307,36361 Y2 P(kW),13069
36361,,,,JED-NTH ABH AH307,36361 Y2 Q(kVar),13070
36643,JED-NTH-HHR2-45,36643_Y1-RMU36645_CMD,1,JED-NTH ABH AH320,36643 Y1 CMD,1
36643,JED-NTH-HHR2-45,36643_TR1-RMU36643_CMD,5,JED-NTH ABH AH320,36643 Q1 CMD,5
36643,JED-NTH-HHR2-45,36643_Y2-RMU34716_CMD,9,JED-NTH ABH AH320,36643 Y2 CMD,9
36643,JED-NTH-HHR2-45,36643_Y1-RMU36645_ST_LOCK,1000,JED-NTH ABH AH320,36643 Y1/Lock/Unlock indication value,1000
36643,JED-NTH-HHR2-45,36643_Y1-RMU36645_ST_GND,1001,JED-NTH ABH AH320,36643 KY1 state,1001
36643,JED-NTH-HHR2-45,36643_TR1-RMU36643_ST_LOCK,1002,JED-NTH ABH AH320,36643 Q1/Lock/Unlock indication value,1002
36643,JED-NTH-HHR2-45,36643_TR1-RMU36643_ST_GND,1003,JED-NTH ABH AH320,36643 KQ1 state,1003
36643,JED-NTH-HHR2-45,36643_Y2-RMU34716_ST_LOCK,1004,JED-NTH ABH AH320,36643 Y2/Lock/Unlock indication value,1004
36643,JED-NTH-HHR2-45,36643_Y2-RMU34716_ST_GND,1005,JED-NTH ABH AH320,36643 KY2 state,1005
36643,JED-NTH-HHR2-45,36643_BATT_LOW,1008,JED-NTH ABH AH320,36643 Battery low value,1008
36643,JED-NTH-HHR2-45,36643_GAS_LOW,1009,JED-NTH ABH AH320,36643 Gas low value,1009
36643,JED-NTH-HHR2-45,36643_AC_FAIL,1010,JED-NTH ABH AH320,36643 AC power fail value,1010
36643,JED-NTH-HHR2-45,36643_DOOR_OPENED,1011,JED-NTH ABH AH320,36643 Door open value,1011
36643,JED-NTH-HHR2-45,36643_DC_ST,1012,JED-NTH ABH AH320,36643 DC power fail value,1012
36643,JED-NTH-HHR2-45,36643_MOTOR_CRT_FAIL,1013,JED-NTH ABH AH320,36643 Motor circuit fail value,1013
36643,JED-NTH-HHR2-45,36643_RTU_FAIL,1277,JED-NTH ABH AH320,36643 RTU Self diagnostic value,1277
36643,JED-NTH-HHR2-45,36643_EFI,1278,JED-NTH ABH AH320,36643 EFI (Fault indication) value,1278
36643,JED-NTH-HHR2-45,36643_PROT_HEALTH,1279,JED-NTH ABH AH320,36643 Protection Health value,1279
36643,JED-NTH-HHR2-45,36643_PROT_TRIP_EFI,1280,JED-NTH ABH AH320,36643 Protection Trip (Earth fault) value,1280
36643,JED-NTH-HHR2-45,36643_PROT_TRIP_PH_FLT,1281,JED-NTH ABH AH320,36643 Protection Trip (Phase fault) value,1281
36643,JED-NTH-HHR2-45,36643_Y1-RMU36645_ST,11000,JED-NTH ABH AH320,36643 Y1 state,11000
36643,JED-NTH-HHR2-45,36643_TR1-RMU36643_ST,11001,JED-NTH ABH AH320,36643 Q1 state,11001
36643,JED-NTH-HHR2-45,36643_Y2-RMU34716_ST,11002,JED-NTH ABH AH320,36643 Y2 state,11002
36643,JED-NTH-HHR2-45,36643_LR,11004,JED-NTH ABH AH320,36643 Remote/Local value,11004
36643,JED-NTH-HHR2-45,36643_Y1-RMU36645_AMP_A,13015,JED-NTH ABH AH320,36643 Y1 i_a_value(A),13015
36643,JED-NTH-HHR2-45,36643_Y1-RMU36645_AMP_B,13016,JED-NTH ABH AH320,36643 Y1 i_b_value(A),13016
36643,JED-NTH-HHR2-45,36643_Y1-RMU36645_AMP_C,13017,JED-NTH ABH AH320,36643 Y1 i_c_value(A),13017
36643,JED-NTH-HHR2-45,36643_Y1-RMU36645_AMP_N,13018,JED-NTH ABH AH320,36643 Y1 i_n_value(A),13018
36643,JED-NTH-HHR2-45,36643_TR1-RMU36643_AMP_A,13019,JED-NTH ABH AH320,36643 Q1 i_a_value(A),13019
36643,JED-NTH-HHR2-45,36643_TR1-RMU36643_AMP_B,13020,JED-NTH ABH AH320,36643 Q1 i_b_value(A),13020
36643,JED-NTH-HHR2-45,36643_TR1-RMU36643_AMP_C,13021,JED-NTH ABH AH320,36643 Q1 i_c_value(A),13021
36643,JED-NTH-HHR2-45,36643_TR1-RMU36643_AMP_N,13022,JED-NTH ABH AH320,36643 Q1 i_n_value(A),13022
36643,JED-NTH-HHR2-45,36643_Y2-RMU34716_AMP_A,13023,JED-NTH ABH AH320,36643 Y2 i_a_value(A),13023
36643,JED-NTH-HHR2-45,36643_Y2-RMU34716_AMP_B,13024,JED-NTH ABH AH320,36643 Y2 i_b_value(A),13024
36643,JED-NTH-HHR2-45,36643_Y2-RMU34716_AMP_C,13025,JED-NTH ABH AH320,36643 Y2 i_c_value(A),13025
36643,JED-NTH-HHR2-45,36643_Y2-RMU34716_AMP_N,13026,JED-NTH ABH AH320,36643 Y2 i_n_value(A),13026
36643,,,,JED-NTH ABH AH320,36643 Y1 S(kVA),13057
36643,,,,JED-NTH ABH AH320,36643 Y1 P(kW),13058
36643,,,,JED-NTH ABH AH320,36643 Y1 Q(kVar),13059
36643,JED-NTH-HHR2-45,36643_TR1-RMU36643_VOLT_A,13060,JED-NTH ABH AH320,36643 Q1 u_ab_value(kV),13060
36643,JED-NTH-HHR2-45,36643_TR1-RMU36643_VOLT_B,13061,JED-NTH ABH AH320,36643 Q1 u_bc_value(kV),13061
36643,JED-NTH-HHR2-45,36643_TR1-RMU36643_VOLT_C,13062,JED-NTH ABH AH320,36643 Q1 u_ca_value(kV),13062
36643,JED-NTH-HHR2-45,36643_TR1-RMU36643_VOLT_N,13063,JED-NTH ABH AH320,36643 Q1 u_n_value(kV),13063
36643,JED-NTH-HHR2-45,36643_TR1-RMU36643_KVA,13064,JED-NTH ABH AH320,36643 Q1 S(kVA),13064
36643,JED-NTH-HHR2-45,36643_Y2-RMU34716_KVA,13064,,,
36643,JED-NTH-HHR2-45,36643_TR1-RMU36643_KW,13065,JED-NTH ABH AH320,36643 Q1 P(kW),13065
36643,JED-NTH-HHR2-45,36643_Y2-RMU34716_KW,13065,,,
36643,JED-NTH-HHR2-45,36643_TR1-RMU36643_KVAR,13066,JED-NTH ABH AH320,36643 Q1 Q(kVar),13066
36643,JED-NTH-HHR2-45,36643_Y2-RMU34716_KVAR,13066,,,
36643,JED-NTH-HHR2-45,36643_TR1-RMU36643_PF,13067,JED-NTH ABH AH320,36643 Q1 Power factor,13067
36643,,,,JED-NTH ABH AH320,36643 Y2 S(kVA),13068
36643,,,,JED-NTH ABH AH320,36643 Y2 P(kW),13069
36643,,,,JED-NTH ABH AH320,36643 Y2 Q(kVar),13070
37036,JED-NTH-FRDS-48,37036_Y1-RMU39531_CMD,1,JED-NTH ABH AH307,37036 Y1 CMD,1
37036,JED-NTH-FRDS-48,37036_TR1-RMU37036_CMD,5,JED-NTH ABH AH307,37036 Q1 CMD,5
37036,JED-NTH-FRDS-48,37036_Y2-RMU26766_CMD,9,JED-NTH ABH AH307,37036 Y2 CMD,9
37036,JED-NTH-FRDS-48,37036_Y1-RMU39531_ST_LOCK,1000,JED-NTH ABH AH307,37036 Y1/Lock/Unlock indication value,1000
37036,JED-NTH-FRDS-48,37036_Y1-RMU39531_ST_GND,1001,JED-NTH ABH AH307,37036 KY1 state,1001
37036,JED-NTH-FRDS-48,37036_TR1-RMU37036_ST_LOCK,1002,JED-NTH ABH AH307,37036 Q1/Lock/Unlock indication value,1002
37036,JED-NTH-FRDS-48,37036_TR1-RMU37036_ST_GND,1003,JED-NTH ABH AH307,37036 KQ1 state,1003
37036,JED-NTH-FRDS-48,37036_Y2-RMU26766_ST_LOCK,1004,JED-NTH ABH AH307,37036 Y2/Lock/Unlock indication value,1004
37036,JED-NTH-FRDS-48,37036_Y2-RMU26766_ST_GND,1005,JED-NTH ABH AH307,37036 KY2 state,1005
37036,JED-NTH-FRDS-48,37036_BATT_LOW,1008,JED-NTH ABH AH307,37036 Battery low value,1008
37036,JED-NTH-FRDS-48,37036_GAS_LOW,1009,JED-NTH ABH AH307,37036 Gas low value,1009
37036,JED-NTH-FRDS-48,37036_AC_FAIL,1010,JED-NTH ABH AH307,37036 AC power fail value,1010
37036,JED-NTH-FRDS-48,37036_DOOR_OPENED,1011,JED-NTH ABH AH307,37036 Door open value,1011
37036,JED-NTH-FRDS-48,37036_DC_ST,1012,JED-NTH ABH AH307,37036 DC power fail value,1012
37036,JED-NTH-FRDS-48,37036_MOTOR_CRT_FAIL,1013,JED-NTH ABH AH307,37036 Motor circuit fail value,1013
37036,JED-NTH-FRDS-48,37036_RTU_FAIL,1277,JED-NTH ABH AH307,37036 RTU Self diagnostic value,1277
37036,JED-NTH-FRDS-48,37036_EFI,1278,JED-NTH ABH AH307,37036 EFI (Fault indication) value,1278
37036,JED-NTH-FRDS-48,37036_PROT_HEALTH,1279,JED-NTH ABH AH307,37036 Protection Health value,1279
37036,JED-NTH-FRDS-48,37036_PROT_TRIP_EFI,1280,JED-NTH ABH AH307,37036 Protection Trip (Earth fault) value,1280
37036,JED-NTH-FRDS-48,37036_PROT_TRIP_PH_FLT,1281,JED-NTH ABH AH307,37036 Protection Trip (Phase fault) value,1281
37036,JED-NTH-FRDS-48,37036_Y1-RMU39531_ST,11000,JED-NTH ABH AH307,37036 Y1 state,11000
37036,JED-NTH-FRDS-48,37036_TR1-RMU37036_ST,11001,JED-NTH ABH AH307,37036 Q1 state,11001
37036,JED-NTH-FRDS-48,37036_Y2-RMU26766_ST,11002,JED-NTH ABH AH307,37036 Y2 state,11002
37036,JED-NTH-FRDS-48,37036_LR,11004,JED-NTH ABH AH307,37036 Remote/Local value,11004
37036,JED-NTH-FRDS-48,37036_Y1-RMU39531_AMP_A,13015,JED-NTH ABH AH307,37036 Y1 i_a_value(A),13015
37036,JED-NTH-FRDS-48,37036_Y1-RMU39531_AMP_B,13016,JED-NTH ABH AH307,37036 Y1 i_b_value(A),13016
37036,JED-NTH-FRDS-48,37036_Y1-RMU39531_AMP_C,13017,JED-NTH ABH AH307,37036 Y1 i_c_value(A),13017
37036,JED-NTH-FRDS-48,37036_Y1-RMU39531_AMP_N,13018,JED-NTH ABH AH307,37036 Y1 i_n_value(A),13018
37036,JED-NTH-FRDS-48,37036_TR1-RMU37036_AMP_A,13019,JED-NTH ABH AH307,37036 Q1 i_a_value(A),13019
37036,JED-NTH-FRDS-48,37036_TR1-RMU37036_AMP_B,13020,JED-NTH ABH AH307,37036 Q1 i_b_value(A),13020
37036,JED-NTH-FRDS-48,37036_TR1-RMU37036_AMP_C,13021,JED-NTH ABH AH307,37036 Q1 i_c_value(A),13021
37036,JED-NTH-FRDS-48,37036_TR1-RMU37036_AMP_N,13022,JED-NTH ABH AH307,37036 Q1 i_n_value(A),13022
37036,JED-NTH-FRDS-48,37036_Y2-RMU26766_AMP_A,13023,JED-NTH ABH AH307,37036 Y2 i_a_value(A),13023
37036,JED-NTH-FRDS-48,37036_Y2-RMU26766_AMP_B,13024,JED-NTH ABH AH307,37036 Y2 i_b_value(A),13024
37036,JED-NTH-FRDS-48,37036_Y2-RMU26766_AMP_C,13025,JED-NTH ABH AH307,37036 Y2 i_c_value(A),13025
37036,JED-NTH-FRDS-48,37036_Y2-RMU26766_AMP_N,13026,JED-NTH ABH AH307,37036 Y2 i_n_value(A),13026
37036,,,,JED-NTH ABH AH307,37036 Y1 S(kVA),13057
37036,,,,JED-NTH ABH AH307,37036 Y1 P(kW),13058
37036,,,,JED-NTH ABH AH307,37036 Y1 Q(kVar),13059
37036,JED-NTH-FRDS-48,37036_TR1-RMU37036_VOLT_A,13060,JED-NTH ABH AH307,37036 Q1 u_ab_value(kV),13060
37036,JED-NTH-FRDS-48,37036_TR1-RMU37036_VOLT_B,13061,JED-NTH ABH AH307,37036 Q1 u_bc_value(kV),13061
37036,JED-NTH-FRDS-48,37036_TR1-RMU37036_VOLT_C,13062,JED-NTH ABH AH307,37036 Q1 u_ca_value(kV),13062
37036,JED-NTH-FRDS-48,37036_TR1-RMU37036_VOLT_N,13063,JED-NTH ABH AH307,37036 Q1 u_n_value(kV),13063
37036,JED-NTH-FRDS-48,37036_TR1-RMU37036_KVA,13064,JED-NTH ABH AH307,37036 Q1 S(kVA),13064
37036,JED-NTH-FRDS-48,37036_Y2-RMU26766_KVA,13064,,,
37036,JED-NTH-FRDS-48,37036_TR1-RMU37036_KW,13065,JED-NTH ABH AH307,37036 Q1 P(kW),13065
37036,JED-NTH-FRDS-48,37036_Y2-RMU26766_KW,13065,,,
37036,JED-NTH-FRDS-48,37036_TR1-RMU37036_KVAR,13066,JED-NTH ABH AH307,37036 Q1 Q(kVar),13066
37036,JED-NTH-FRDS-48,37036_Y2-RMU26766_KVAR,13066,,,
37036,JED-NTH-FRDS-48,37036_TR1-RMU37036_PF,13067,JED-NTH ABH AH307,37036 Q1 Power factor,13067
37036,,,,JED-NTH ABH AH307,37036 Y2 S(kVA),13068
37036,,,,JED-NTH ABH AH307,37036 Y2 P(kW),13069
37036,,,,JED-NTH ABH AH307,37036 Y2 Q(kVar),13070
38112,JED-NTH-JUAS-23,38112_Y1-RMU33165_CMD,1,JED-NTH ABH AH321,38112 Y1 CMD,1
38112,JED-NTH-JUAS-23,38112_TR1-RMU38112_CMD,5,JED-NTH ABH AH321,38112 Q1 CMD,5
38112,JED-NTH-JUAS-23,38112_Y2-RMU39891_CMD,9,JED-NTH ABH AH321,38112 Y2 CMD,9
38112,JED-NTH-JUAS-23,38112_Y1-RMU33165_ST_LOCK,1000,JED-NTH ABH AH321,38112 Y1/Lock/Unlock indication value,1000
38112,JED-NTH-JUAS-23,38112_Y1-RMU33165_ST_GND,1001,JED-NTH ABH AH321,38112 KY1 state,1001
38112,JED-NTH-JUAS-23,38112_TR1-RMU38112_ST_LOCK,1002,JED-NTH ABH AH321,38112 Q1/Lock/Unlock indication value,1002
38112,JED-NTH-JUAS-23,38112_TR1-RMU38112_ST_GND,1003,JED-NTH ABH AH321,38112 KQ1 state,1003
38112,JED-NTH-JUAS-23,38112_Y2-RMU39891_ST_LOCK,1004,JED-NTH ABH AH321,38112 Y2/Lock/Unlock indication value,1004
38112,JED-NTH-JUAS-23,38112_Y2-RMU39891_ST_GND,1005,JED-NTH ABH AH321,38112 KY2 state,1005
38112,JED-NTH-JUAS-23,38112_BATT_LOW,1008,JED-NTH ABH AH321,38112 Battery low value,1008
38112,JED-NTH-JUAS-23,38112_GAS_LOW,1009,JED-NTH ABH AH321,38112 Gas low value,1009
38112,JED-NTH-JUAS-23,38112_AC_FAIL,1010,JED-NTH ABH AH321,38112 AC power fail value,1010
38112,JED-NTH-JUAS-23,38112_DOOR_OPENED,1011,JED-NTH ABH AH321,38112 Door open value,1011
38112,JED-NTH-JUAS-23,38112_DC_ST,1012,JED-NTH ABH AH321,38112 DC power fail value,1012
38112,JED-NTH-JUAS-23,38112_MOTOR_CRT_FAIL,1013,JED-NTH ABH AH321,38112 Motor circuit fail value,1013
38112,JED-NTH-JUAS-23,38112_RTU_FAIL,1277,JED-NTH ABH AH321,38112 RTU Self diagnostic value,1277
38112,JED-NTH-JUAS-23,38112_EFI,1278,JED-NTH ABH AH321,38112 EFI (Fault indication) value,1278
38112,JED-NTH-JUAS-23,38112_PROT_HEALTH,1279,JED-NTH ABH AH321,38112 Protection Health value,1279
38112,JED-NTH-JUAS-23,38112_PROT_TRIP_EFI,1280,JED-NTH ABH AH321,38112 Protection Trip (Earth fault) value,1280
38112,JED-NTH-JUAS-23,38112_PROT_TRIP_PH_FLT,1281,JED-NTH ABH AH321,38112 Protection Trip (Phase fault) value,1281
38112,JED-NTH-JUAS-23,38112_Y1-RMU33165_ST,11000,JED-NTH ABH AH321,38112 Y1 state,11000
38112,JED-NTH-JUAS-23,38112_TR1-RMU38112_ST,11001,JED-NTH ABH AH321,38112 Q1 state,11001
38112,JED-NTH-JUAS-23,38112_Y2-RMU39891_ST,11002,JED-NTH ABH AH321,38112 Y2 state,11002
38112,JED-NTH-JUAS-23,38112_LR,11004,JED-NTH ABH AH321,38112 Remote/Local value,11004
38112,JED-NTH-JUAS-23,38112_Y1-RMU33165_AMP_A,13015,JED-NTH ABH AH321,38112 Y1 i_a_value(A),13015
38112,JED-NTH-JUAS-23,38112_Y1-RMU33165_AMP_B,13016,JED-NTH ABH AH321,38112 Y1 i_b_value(A),13016
38112,JED-NTH-JUAS-23,38112_Y1-RMU33165_AMP_C,13017,JED-NTH ABH AH321,38112 Y1 i_c_value(A),13017
38112,JED-NTH-JUAS-23,38112_Y1-RMU33165_AMP_N,13018,JED-NTH ABH AH321,38112 Y1 i_n_value(A),13018
38112,JED-NTH-JUAS-23,38112_TR1-RMU38112_AMP_A,13019,JED-NTH ABH AH321,38112 Q1 i_a_value(A),13019
38112,JED-NTH-JUAS-23,38112_TR1-RMU38112_AMP_B,13020,JED-NTH ABH AH321,38112 Q1 i_b_value(A),13020
38112,JED-NTH-JUAS-23,38112_TR1-RMU38112_AMP_C,13021,JED-NTH ABH AH321,38112 Q1 i_c_value(A),13021
38112,JED-NTH-JUAS-23,38112_TR1-RMU38112_AMP_N,13022,JED-NTH ABH AH321,38112 Q1 i_n_value(A),13022
38112,JED-NTH-JUAS-23,38112_Y2-RMU39891_AMP_A,13023,JED-NTH ABH AH321,38112 Y2 i_a_value(A),13023
38112,JED-NTH-JUAS-23,38112_Y2-RMU39891_AMP_B,13024,JED-NTH ABH AH321,38112 Y2 i_b_value(A),13024
38112,JED-NTH-JUAS-23,38112_Y2-RMU39891_AMP_C,13025,JED-NTH ABH AH321,38112 Y2 i_c_value(A),13025
38112,JED-NTH-JUAS-23,38112_Y2-RMU39891_AMP_N,13026,JED-NTH ABH AH321,38112 Y2 i_n_value(A),13026
38112,,,,JED-NTH ABH AH321,38112 Y1 S(kVA),13057
38112,,,,JED-NTH ABH AH321,38112 Y1 P(kW),13058
38112,,,,JED-NTH ABH AH321,38112 Y1 Q(kVar),13059
38112,JED-NTH-JUAS-23,38112_TR1-RMU38112_VOLT_A,13060,JED-NTH ABH AH321,38112 Q1 u_ab_value(kV),13060
38112,JED-NTH-JUAS-23,38112_TR1-RMU38112_VOLT_B,13061,JED-NTH ABH AH321,38112 Q1 u_bc_value(kV),13061
38112,JED-NTH-JUAS-23,38112_TR1-RMU38112_VOLT_C,13062,JED-NTH ABH AH321,38112 Q1 u_ca_value(kV),13062
38112,JED-NTH-JUAS-23,38112_TR1-RMU38112_VOLT_N,13063,JED-NTH ABH AH321,38112 Q1 u_n_value(kV),13063
38112,JED-NTH-JUAS-23,38112_TR1-RMU38112_KVA,13064,JED-NTH ABH AH321,38112 Q1 S(kVA),13064
38112,JED-NTH-JUAS-23,38112_Y1-RMU33165_KVA,13064,,,
38112,JED-NTH-JUAS-23,38112_TR1-RMU38112_KW,13065,JED-NTH ABH AH321,38112 Q1 P(kW),13065
38112,JED-NTH-JUAS-23,38112_Y1-RMU33165_KW,13065,,,
38112,JED-NTH-JUAS-23,38112_TR1-RMU38112_KVAR,13066,JED-NTH ABH AH321,38112 Q1 Q(kVar),13066
38112,JED-NTH-JUAS-23,38112_Y1-RMU33165_KVAR,13066,,,
38112,JED-NTH-JUAS-23,38112_TR1-RMU38112_PF,13067,JED-NTH ABH AH321,38112 Q1 Power factor,13067
38112,,,,JED-NTH ABH AH321,38112 Y2 S(kVA),13068
38112,,,,JED-NTH ABH AH321,38112 Y2 P(kW),13069
38112,,,,JED-NTH ABH AH321,38112 Y2 Q(kVar),13070
38230,JED-NTH-FRDS-48,38230_Y1-42548_CMD,1,JED-NTH ABH AH307,38230 Y1 CMD,1
38230,JED-NTH-FRDS-48,38230_TR1_CMD,5,JED-NTH ABH AH307,38230 Q1 CMD,5
38230,JED-NTH-FRDS-48,38230_Y2-42350_CMD,9,JED-NTH ABH AH307,38230 Y2 CMD,9
38230,JED-NTH-FRDS-48,38230_Y1-42548_ST_LOCK,1000,JED-NTH ABH AH307,38230 Y1/Lock/Unlock indication value,1000
38230,JED-NTH-FRDS-48,38230_Y1-42548_ST_GND,1001,JED-NTH ABH AH307,38230 KY1 state,1001
38230,JED-NTH-FRDS-48,38230_TR1_ST_LOCK,1002,JED-NTH ABH AH307,38230 Q1/Lock/Unlock indication value,1002
38230,JED-NTH-FRDS-48,38230_TR1_ST_GND,1003,JED-NTH ABH AH307,38230 KQ1 state,1003
38230,JED-NTH-FRDS-48,38230_Y2-42350_ST_LOCK,1004,JED-NTH ABH AH307,38230 Y2/Lock/Unlock indication value,1004
38230,JED-NTH-FRDS-48,38230_Y2-42350_ST_GND,1005,JED-NTH ABH AH307,38230 KY2 state,1005
38230,JED-NTH-FRDS-48,38230_BATT_LOW,1008,JED-NTH ABH AH307,38230 Battery low value,1008
38230,JED-NTH-FRDS-48,38230_GAS_LOW,1009,JED-NTH ABH AH307,38230 Gas low value,1009
38230,JED-NTH-FRDS-48,38230_AC_FAIL,1010,JED-NTH ABH AH307,38230 AC power fail value,1010
38230,JED-NTH-FRDS-48,38230_DOOR_OPENED,1011,JED-NTH ABH AH307,38230 Door open value,1011
38230,JED-NTH-FRDS-48,38230_DC_ST,1012,JED-NTH ABH AH307,38230 DC power fail value,1012
38230,JED-NTH-FRDS-48,38230_MOTOR_CRT_FAIL,1013,JED-NTH ABH AH307,38230 Motor circuit fail value,1013
38230,JED-NTH-FRDS-48,38230_RTU_FAIL,1277,JED-NTH ABH AH307,38230 RTU Self diagnostic value,1277
38230,JED-NTH-FRDS-48,38230_EFI,1278,JED-NTH ABH AH307,38230 EFI (Fault indication) value,1278
38230,JED-NTH-FRDS-48,38230_PROT_HEALTH,1279,JED-NTH ABH AH307,38230 Protection Health value,1279
38230,JED-NTH-FRDS-48,38230_PROT_TRIP_EFI,1280,JED-NTH ABH AH307,38230 Protection Trip (Earth fault) value,1280
38230,JED-NTH-FRDS-48,38230_PROT_TRIP_PH_FLT,1281,JED-NTH ABH AH307,38230 Protection Trip (Phase fault) value,1281
38230,JED-NTH-FRDS-48,38230_Y1-42548_ST,11000,JED-NTH ABH AH307,38230 Y1 state,11000
38230,JED-NTH-FRDS-48,38230_TR1_ST,11001,JED-NTH ABH AH307,38230 Q1 state,11001
38230,JED-NTH-FRDS-48,38230_Y2-42350_ST,11002,JED-NTH ABH AH307,38230 Y2 state,11002
38230,JED-NTH-FRDS-48,38230_LR,11004,JED-NTH ABH AH307,38230 Remote/Local value,11004
38230,JED-NTH-FRDS-48,38230_Y1-42548_AMP_A,13015,JED-NTH ABH AH307,38230 Y1 i_a_value(A),13015
38230,JED-NTH-FRDS-48,38230_Y1-42548_AMP_B,13016,JED-NTH ABH AH307,38230 Y1 i_b_value(A),13016
38230,JED-NTH-FRDS-48,38230_Y1-42548_AMP_C,13017,JED-NTH ABH AH307,38230 Y1 i_c_value(A),13017
38230,JED-NTH-FRDS-48,38230_Y1-42548_AMP_N,13018,JED-NTH ABH AH307,38230 Y1 i_n_value(A),13018
38230,JED-NTH-FRDS-48,38230_TR1_AMP_A,13019,JED-NTH ABH AH307,38230 Q1 i_a_value(A),13019
38230,JED-NTH-FRDS-48,38230_TR1_AMP_B,13020,JED-NTH ABH AH307,38230 Q1 i_b_value(A),13020
38230,JED-NTH-FRDS-48,38230_TR1_AMP_C,13021,JED-NTH ABH AH307,38230 Q1 i_c_value(A),13021
38230,JED-NTH-FRDS-48,38230_TR1_AMP_N,13022,JED-NTH ABH AH307,38230 Q1 i_n_value(A),13022
38230,JED-NTH-FRDS-48,38230_Y2-42350_AMP_A,13023,JED-NTH ABH AH307,38230 Y2 i_a_value(A),13023
38230,JED-NTH-FRDS-48,38230_Y2-42350_AMP_B,13024,JED-NTH ABH AH307,38230 Y2 i_b_value(A),13024
38230,JED-NTH-FRDS-48,38230_Y2-42350_AMP_C,13025,JED-NTH ABH AH307,38230 Y2 i_c_value(A),13025
38230,JED-NTH-FRDS-48,38230_Y2-42350_AMP_N,13026,JED-NTH ABH AH307,38230 Y2 i_n_value(A),13026
38230,JED-NTH-FRDS-48,38230_Y1-42548_KVA,13057,JED-NTH ABH AH307,38230 Y1 S(kVA),13057
38230,JED-NTH-FRDS-48,38230_Y1-42548_KVAR,13057,,,
38230,JED-NTH-FRDS-48,38230_Y1-42548_KW,13058,JED-NTH ABH AH307,38230 Y1 P(kW),13058
38230,,,,JED-NTH ABH AH307,38230 Y1 Q(kVar),13059
38230,JED-NTH-FRDS-48,38230_TR1_VOLT_A,13060,JED-NTH ABH AH307,38230 Q1 u_ab_value(kV),13060
38230,JED-NTH-FRDS-48,38230_TR1_VOLT_B,13061,JED-NTH ABH AH307,38230 Q1 u_bc_value(kV),13061
38230,JED-NTH-FRDS-48,38230_TR1_VOLT_C,13062,JED-NTH ABH AH307,38230 Q1 u_ca_value(kV),13062
38230,JED-NTH-FRDS-48,38230_TR1_VN,13063,JED-NTH ABH AH307,38230 Q1 u_n_value(kV),13063
38230,JED-NTH-FRDS-48,38230_TR1_VOLT_N,13063,,,
38230,,,,JED-NTH ABH AH307,38230 Q1 S(kVA),13064
38230,JED-NTH-FRDS-48,38230_TR1_KW,13065,JED-NTH ABH AH307,38230 Q1 P(kW),13065
38230,JED-NTH-FRDS-48,38230_TR1_KVA,13066,JED-NTH ABH AH307,38230 Q1 Q(kVar),13066
38230,JED-NTH-FRDS-48,38230_TR1_KVAR,13066,,,
38230,JED-NTH-FRDS-48,38230_TR1_PF,13067,JED-NTH ABH AH307,38230 Q1 Power factor,13067
38230,JED-NTH-FRDS-48,38230_Y2-42350_KVA,13068,JED-NTH ABH AH307,38230 Y2 S(kVA),13068
38230,JED-NTH-FRDS-48,38230_Y2-42350_KVAR,13068,,,
38230,JED-NTH-FRDS-48,38230_Y2-42350_KW,13069,JED-NTH ABH AH307,38230 Y2 P(kW),13069
38230,,,,JED-NTH ABH AH307,38230 Y2 Q(kVar),13070
38456,JED-NTH-FRDS-48,38456_Y1-RMU42350_CMD,1,JED-NTH ABH AH307,38456 Y1 CMD,1
38456,JED-NTH-FRDS-48,38456_TR1-RMU38456_CMD,5,JED-NTH ABH AH307,38456 Q1 CMD,5
38456,JED-NTH-FRDS-48,38456_Y2-RMU38492_CMD,9,JED-NTH ABH AH307,38456 Y2 CMD,9
38456,JED-NTH-FRDS-48,38456_Y1-RMU42350_ST_LOCK,1000,JED-NTH ABH AH307,38456 Y1/Lock/Unlock indication value,1000
38456,JED-NTH-FRDS-48,38456_Y1-RMU42350_ST_GND,1001,JED-NTH ABH AH307,38456 KY1 state,1001
38456,JED-NTH-FRDS-48,38456_TR1-RMU38456_ST_LOCK,1002,JED-NTH ABH AH307,38456 Q1/Lock/Unlock indication value,1002
38456,JED-NTH-FRDS-48,38456_TR1-RMU38456_ST_GND,1003,JED-NTH ABH AH307,38456 KQ1 state,1003
38456,JED-NTH-FRDS-48,38456_Y2-RMU38492_ST_LOCK,1004,JED-NTH ABH AH307,38456 Y2/Lock/Unlock indication value,1004
38456,JED-NTH-FRDS-48,38456_Y2-RMU38492_ST_GND,1005,JED-NTH ABH AH307,38456 KY2 state,1005
38456,JED-NTH-FRDS-48,38456_BATT_LOW,1008,JED-NTH ABH AH307,38456 Battery low value,1008
38456,JED-NTH-FRDS-48,38456_GAS_LOW,1009,JED-NTH ABH AH307,38456 Gas low value,1009
38456,JED-NTH-FRDS-48,38456_AC_FAIL,1010,JED-NTH ABH AH307,38456 AC power fail value,1010
38456,JED-NTH-FRDS-48,38456_DOOR_OPENED,1011,JED-NTH ABH AH307,38456 Door open value,1011
38456,JED-NTH-FRDS-48,38456_DC_ST,1012,JED-NTH ABH AH307,38456 DC power fail value,1012
38456,JED-NTH-FRDS-48,38456_MOTOR_CRT_FAIL,1013,JED-NTH ABH AH307,38456 Motor circuit fail value,1013
38456,JED-NTH-FRDS-48,38456_RTU_FAIL,1277,JED-NTH ABH AH307,38456 RTU Self diagnostic value,1277
38456,JED-NTH-FRDS-48,38456_EFI,1278,JED-NTH ABH AH307,38456 EFI (Fault indication) value,1278
38456,JED-NTH-FRDS-48,38456_PROT_HEALTH,1279,JED-NTH ABH AH307,38456 Protection Health value,1279
38456,JED-NTH-FRDS-48,38456_PROT_TRIP_EFI,1280,JED-NTH ABH AH307,38456 Protection Trip (Earth fault) value,1280
38456,JED-NTH-FRDS-48,38456_PROT_TRIP_PH_FLT,1281,JED-NTH ABH AH307,38456 Protection Trip (Phase fault) value,1281
38456,JED-NTH-FRDS-48,38456_Y1-RMU42350_ST,11000,JED-NTH ABH AH307,38456 Y1 state,11000
38456,JED-NTH-FRDS-48,38456_TR1-RMU38456_ST,11001,JED-NTH ABH AH307,38456 Q1 state,11001
38456,JED-NTH-FRDS-48,38456_Y2-RMU38492_ST,11002,JED-NTH ABH AH307,38456 Y2 state,11002
38456,JED-NTH-FRDS-48,38456_LR,11004,JED-NTH ABH AH307,38456 Remote/Local value,11004
38456,JED-NTH-FRDS-48,38456_Y1-RMU42350_AMP_A,13015,JED-NTH ABH AH307,38456 Y1 i_a_value(A),13015
38456,JED-NTH-FRDS-48,38456_Y1-RMU42350_AMP_B,13016,JED-NTH ABH AH307,38456 Y1 i_b_value(A),13016
38456,JED-NTH-FRDS-48,38456_Y1-RMU42350_AMP_C,13017,JED-NTH ABH AH307,38456 Y1 i_c_value(A),13017
38456,JED-NTH-FRDS-48,38456_Y1-RMU42350_AMP_N,13018,JED-NTH ABH AH307,38456 Y1 i_n_value(A),13018
38456,JED-NTH-FRDS-48,38456_TR1-RMU38456_AMP_A,13019,JED-NTH ABH AH307,38456 Q1 i_a_value(A),13019
38456,JED-NTH-FRDS-48,38456_TR1-RMU38456_AMP_B,13020,JED-NTH ABH AH307,38456 Q1 i_b_value(A),13020
38456,JED-NTH-FRDS-48,38456_TR1-RMU38456_AMP_C,13021,JED-NTH ABH AH307,38456 Q1 i_c_value(A),13021
38456,JED-NTH-FRDS-48,38456_TR1-RMU38456_AMP_N,13022,JED-NTH ABH AH307,38456 Q1 i_n_value(A),13022
38456,JED-NTH-FRDS-48,38456_Y2-RMU38492_AMP_A,13023,JED-NTH ABH AH307,38456 Y2 i_a_value(A),13023
38456,JED-NTH-FRDS-48,38456_Y2-RMU38492_AMP_B,13024,JED-NTH ABH AH307,38456 Y2 i_b_value(A),13024
38456,JED-NTH-FRDS-48,38456_Y2-RMU38492_AMP_C,13025,JED-NTH ABH AH307,38456 Y2 i_c_value(A),13025
38456,JED-NTH-FRDS-48,38456_Y2-RMU38492_AMP_N,13026,JED-NTH ABH AH307,38456 Y2 i_n_value(A),13026
38456,,,,JED-NTH ABH AH307,38456 Y1 S(kVA),13057
38456,,,,JED-NTH ABH AH307,38456 Y1 P(kW),13058
38456,,,,JED-NTH ABH AH307,38456 Y1 Q(kVar),13059
38456,JED-NTH-FRDS-48,38456_TR1-RMU38456_VOLT_A,13060,JED-NTH ABH AH307,38456 Q1 u_ab_value(kV),13060
38456,JED-NTH-FRDS-48,38456_TR1-RMU38456_VOLT_B,13061,JED-NTH ABH AH307,38456 Q1 u_bc_value(kV),13061
38456,JED-NTH-FRDS-48,38456_TR1-RMU38456_VOLT_C,13062,JED-NTH ABH AH307,38456 Q1 u_ca_value(kV),13062
38456,JED-NTH-FRDS-48,38456_TR1-RMU38456_VOLT_N,13063,JED-NTH ABH AH307,38456 Q1 u_n_value(kV),13063
38456,JED-NTH-FRDS-48,38456_TR1-RMU38456_KVA,13064,JED-NTH ABH AH307,38456 Q1 S(kVA),13064
38456,JED-NTH-FRDS-48,38456_Y1-RMU42350_KVA,13064,,,
38456,JED-NTH-FRDS-48,38456_TR1-RMU38456_KW,13065,JED-NTH ABH AH307,38456 Q1 P(kW),13065
38456,JED-NTH-FRDS-48,38456_Y1-RMU42350_KW,13065,,,
38456,JED-NTH-FRDS-48,38456_TR1-RMU38456_KVAR,13066,JED-NTH ABH AH307,38456 Q1 Q(kVar),13066
38456,JED-NTH-FRDS-48,38456_Y1-RMU42350_KVAR,13066,,,
38456,JED-NTH-FRDS-48,38456_TR1-RMU38456_PF,13067,JED-NTH ABH AH307,38456 Q1 Power factor,13067
38456,,,,JED-NTH ABH AH307,38456 Y2 S(kVA),13068
38456,,,,JED-NTH ABH AH307,38456 Y2 P(kW),13069
38456,,,,JED-NTH ABH AH307,38456 Y2 Q(kVar),13070
39084,,,,JED-NTH ABH AH315,39084 Y1 CMD,1
39084,,,,JED-NTH ABH AH315,39084 Y2 CMD,5
39084,,,,JED-NTH ABH AH315,39084 Q1 CMD,9
39084,,,,JED-NTH ABH AH315,39084 Y3 CMD,13
39084,,,,JED-NTH ABH AH315,39084 Y1/Lock/Unlock indication value,1000
39084,,,,JED-NTH ABH AH315,39084 KY1 state,1001
39084,,,,JED-NTH ABH AH315,39084 Y2/Lock/Unlock indication value,1002
39084,,,,JED-NTH ABH AH315,39084 KY2 state,1003
39084,,,,JED-NTH ABH AH315,39084 Q1/Lock/Unlock indication value,1004
39084,,,,JED-NTH ABH AH315,39084 KQ1 state,1005
39084,,,,JED-NTH ABH AH315,39084 Y3/Lock/Unlock indication value,1006
39084,,,,JED-NTH ABH AH315,39084 KY3 state,1007
39084,,,,JED-NTH ABH AH315,39084 Battery low value,1008
39084,,,,JED-NTH ABH AH315,39084 Gas low value,1009
39084,,,,JED-NTH ABH AH315,39084 AC power fail value,1010
39084,,,,JED-NTH ABH AH315,39084 Door open value,1011
39084,,,,JED-NTH ABH AH315,39084 DC power fail value,1012
39084,,,,JED-NTH ABH AH315,39084 Motor circuit fail value,1013
39084,,,,JED-NTH ABH AH315,39084 RTU Self diagnostic value,1277
39084,,,,JED-NTH ABH AH315,39084 EFI (Fault indication) value,1278
39084,,,,JED-NTH ABH AH315,39084 Protection Health value,1279
39084,,,,JED-NTH ABH AH315,39084 Protection Trip (Earth fault) value,1280
39084,,,,JED-NTH ABH AH315,39084 Protection Trip (Phase fault) value,1281
39084,,,,JED-NTH ABH AH315,39084 Y1 state,11000
39084,,,,JED-NTH ABH AH315,39084 Y2 state,11001
39084,,,,JED-NTH ABH AH315,39084 Q1 state,11002
39084,,,,JED-NTH ABH AH315,39084 Y3 state,11003
39084,,,,JED-NTH ABH AH315,39084 Remote/Local value,11004
39084,,,,JED-NTH ABH AH315,39084 Y1 i_a_value(A),13015
39084,,,,JED-NTH ABH AH315,39084 Y1 i_b_value(A),13016
39084,,,,JED-NTH ABH AH315,39084 Y1 i_c_value(A),13017
39084,,,,JED-NTH ABH AH315,39084 Y1 i_n_value(A),13018
39084,,,,JED-NTH ABH AH315,39084 Y2 i_a_value(A),13019
39084,,,,JED-NTH ABH AH315,39084 Y2 i_b_value(A),13020
39084,,,,JED-NTH ABH AH315,39084 Y2 i_c_value(A),13021
39084,,,,JED-NTH ABH AH315,39084 Y2 i_n_value(A),13022
39084,,,,JED-NTH ABH AH315,39084 Q1 i_a_value(A),13023
39084,,,,JED-NTH ABH AH315,39084 Q1 i_b_value(A),13024
39084,,,,JED-NTH ABH AH315,39084 Q1 i_c_value(A),13025
39084,,,,JED-NTH ABH AH315,39084 Q1 i_n_value(A),13026
39084,,,,JED-NTH ABH AH315,39084 Y3 i_a_value(A),13027
39084,,,,JED-NTH ABH AH315,39084 Y3 i_b_value(A),13028
39084,,,,JED-NTH ABH AH315,39084 Y3 i_c_value(A),13029
39084,,,,JED-NTH ABH AH315,39084 Y3 i_n_value(A),13030
39084,,,,JED-NTH ABH AH315,39084 Y1 S(kVA),13057
39084,,,,JED-NTH ABH AH315,39084 Y1 P(kW),13058
39084,,,,JED-NTH ABH AH315,39084 Y1 Q(kVar),13059
39084,,,,JED-NTH ABH AH315,39084 Y2 S(kVA),13060
39084,,,,JED-NTH ABH AH315,39084 Y2 P(kW),13061
39084,,,,JED-NTH ABH AH315,39084 Y2 Q(kVar),13062
39084,,,,JED-NTH ABH AH315,39084 Q1 u_ab_value(kV),13063
39084,,,,JED-NTH ABH AH315,39084 Q1 u_bc_value(kV),13064
39084,,,,JED-NTH ABH AH315,39084 Q1 u_ca_value(kV),13065
39084,,,,JED-NTH ABH AH315,39084 Q1 u_n_value(kV),13066
39084,,,,JED-NTH ABH AH315,39084 Q1 S(kVA),13067
39084,,,,JED-NTH ABH AH315,39084 Q1 P(kW),13068
39084,,,,JED-NTH ABH AH315,39084 Q1 Q(kVar),13069
39084,,,,JED-NTH ABH AH315,39084 Q1 Power factor,13070
39084,,,,JED-NTH ABH AH315,39084 Y3 S(kVA),13071
39084,,,,JED-NTH ABH AH315,39084 Y3 P(kW),13072
39084,,,,JED-NTH ABH AH315,39084 Y3 Q(kVar),13073
39085,JED-NTH-ABH-15,39085_Y1-39086_CMD,1,JED-NTH ABH AH315,39085 Y1 CMD,1
39085,JED-NTH-ABH-15,39085_Y2-17231_CMD,5,JED-NTH ABH AH315,39085 Y2 CMD,5
39085,JED-NTH-ABH-15,39085_Y3-39084_CMD,9,JED-NTH ABH AH315,39085 Y3 CMD,9
39085,JED-NTH-ABH-15,39085_Y1-39086_ST_LOCK,1000,JED-NTH ABH AH315,39085 Y1/Lock/Unlock indication value,1000
39085,JED-NTH-ABH-15,39085_Y1-39086_ST_GND,1001,JED-NTH ABH AH315,39085 KY1 state,1001
39085,JED-NTH-ABH-15,39085_Y2-17231_ST_LOCK,1002,JED-NTH ABH AH315,39085 Y2/Lock/Unlock indication value,1002
39085,JED-NTH-ABH-15,39085_Y2-17231_ST_GND,1003,JED-NTH ABH AH315,39085 KY2 state,1003
39085,JED-NTH-ABH-15,39085_Y3-39084_ST_LOCK,1004,JED-NTH ABH AH315,39085 Y3/Lock/Unlock indication value,1004
39085,JED-NTH-ABH-15,39085_Y3-39084_ST_GND,1005,JED-NTH ABH AH315,39085 KY3 state,1005
39085,JED-NTH-ABH-15,39085_BATT_LOW,1008,JED-NTH ABH AH315,39085 Battery low value,1008
39085,JED-NTH-ABH-15,39085_GAS_LOW,1009,JED-NTH ABH AH315,39085 Gas low value,1009
39085,JED-NTH-ABH-15,39085_AC_FAIL,1010,JED-NTH ABH AH315,39085 AC power fail value,1010
39085,JED-NTH-ABH-15,39085_DOOR_OPENED,1011,JED-NTH ABH AH315,39085 Door open value,1011
39085,JED-NTH-ABH-15,39085_DC_ST,1012,JED-NTH ABH AH315,39085 DC power fail value,1012
39085,JED-NTH-ABH-15,39085_MOTOR_CRT_FAIL,1013,,,
39085,JED-NTH-ABH-15,39085_RTU_FAIL,1277,JED-NTH ABH AH315,39085 RTU Self diagnostic value,1277
39085,JED-NTH-ABH-15,39085_EFI,1278,JED-NTH ABH AH315,39085 EFI (Fault indication) value,1278
39085,JED-NTH-ABH-15,39085_PROT_HEALTH,1279,JED-NTH ABH AH315,39085 Protection Health value,1279
39085,JED-NTH-ABH-15,39085_PROT_TRIP_EFI,1280,JED-NTH ABH AH315,39085 Protection Trip (Earth fault) value,1280
39085,JED-NTH-ABH-15,39085_PROT_TRIP_PH_FLT,1281,JED-NTH ABH AH315,39085 Protection Trip (Phase fault) value,1281
39085,JED-NTH-ABH-15,39085_Y1-39086_ST,11000,JED-NTH ABH AH315,39085 Y1 state,11000
39085,JED-NTH-ABH-15,39085_Y2-17231_ST,11001,JED-NTH ABH AH315,39085 Y2 state,11001
39085,JED-NTH-ABH-15,39085_Y3-39084_ST,11002,JED-NTH ABH AH315,39085 Y3 state,11002
39085,JED-NTH-ABH-15,39085_LR,11004,JED-NTH ABH AH315,39085 Remote/Local value,11004
39085,JED-NTH-ABH-15,39085_Y1-39086_AMP_A,13015,JED-NTH ABH AH315,39085 Y1 i_a_value(A),13015
39085,JED-NTH-ABH-15,39085_Y1-39086_AMP_B,13016,JED-NTH ABH AH315,39085 Y1 i_b_value(A),13016
39085,JED-NTH-ABH-15,39085_Y1-39086_AMP_C,13017,JED-NTH ABH AH315,39085 Y1 i_c_value(A),13017
39085,JED-NTH-ABH-15,39085_Y1-39086_AMP_N,13018,JED-NTH ABH AH315,39085 Y1 i_n_value(A),13018
39085,JED-NTH-ABH-15,39085_Y2-17231_AMP_A,13019,JED-NTH ABH AH315,39085 Y2 i_a_value(A),13019
39085,JED-NTH-ABH-15,39085_Y2-17231_AMP_B,13020,JED-NTH ABH AH315,39085 Y2 i_b_value(A),13020
39085,JED-NTH-ABH-15,39085_Y2-17231_AMP_C,13021,JED-NTH ABH AH315,39085 Y2 i_c_value(A),13021
39085,JED-NTH-ABH-15,39085_Y2-17231_AMP_N,13022,JED-NTH ABH AH315,39085 Y2 i_n_value(A),13022
39085,JED-NTH-ABH-15,39085_Y3-39084_AMP_A,13023,JED-NTH ABH AH315,39085 Y3 i_a_value(A),13023
39085,JED-NTH-ABH-15,39085_Y3-39084_AMP_B,13024,JED-NTH ABH AH315,39085 Y3 i_b_value(A),13024
39085,JED-NTH-ABH-15,39085_Y3-39084_AMP_C,13025,JED-NTH ABH AH315,39085 Y3 i_c_value(A),13025
39085,JED-NTH-ABH-15,39085_Y3-39084_AMP_N,13026,JED-NTH ABH AH315,39085 Y3 i_n_value(A),13026
39085,JED-NTH-ABH-15,39085_Y1-39086_KVA,13057,JED-NTH ABH AH315,39085 Y1 S(kVA),13057
39085,JED-NTH-ABH-15,39085_Y1-39086_KW,13058,JED-NTH ABH AH315,39085 Y1 P(kW),13058
39085,JED-NTH-ABH-15,39085_Y1-39086_KVAR,13059,JED-NTH ABH AH315,39085 Y1 Q(kVar),13059
39085,JED-NTH-ABH-15,39085_Y2-17231_VOLT_A,13060,JED-NTH ABH AH315,39085 Y2 u_ab_value(kV),13060
39085,JED-NTH-ABH-15,39085_Y2-17231_VOLT_B,13061,JED-NTH ABH AH315,39085 Y2 u_bc_value(kV),13061
39085,JED-NTH-ABH-15,39085_Y2-17231_VOLT_C,13062,JED-NTH ABH AH315,39085 Y2 u_ca_value(kV),13062
39085,JED-NTH-ABH-15,39085_Y2-17231_VOLT_N,13063,JED-NTH ABH AH315,39085 Y2 u_n_value(kV),13063
39085,JED-NTH-ABH-15,39085_Y2-17231_KVA,13064,JED-NTH ABH AH315,39085 Y2 S(kVA),13064
39085,JED-NTH-ABH-15,39085_Y2-17231_KW,13065,JED-NTH ABH AH315,39085 Y2 P(kW),13065
39085,JED-NTH-ABH-15,39085_Y2-17231_KVAR,13066,JED-NTH ABH AH315,39085 Y2 Q(kVar),13066
39085,JED-NTH-ABH-15,39085_Y2-17231_PF,13067,JED-NTH ABH AH315,39085 Y2 Power factor,13067
39085,JED-NTH-ABH-15,39085_Y3-39084_KVA,13068,JED-NTH ABH AH315,39085 Y3 S(kVA),13068
39085,JED-NTH-ABH-15,39085_Y3-39084_KW,13069,JED-NTH ABH AH315,39085 Y3 P(kW),13069
39085,JED-NTH-ABH-15,39085_Y3-39084_KVAR,13070,JED-NTH ABH AH315,39085 Y3 Q(kVar),13070
39093,JED-NTH-MDNAS -45,39093_Y1-39092_CMD,1,JED-NTH ABH AH315,39093 Y1 CMD,1
39093,JED-NTH-MDNAS -45,39093_TR1_CMD,5,JED-NTH ABH AH315,39093 Q1 CMD,5
39093,JED-NTH-MDNAS -45,39093_Y2-39090_CMD,9,JED-NTH ABH AH315,39093 Y2 CMD,9
39093,JED-NTH-MDNAS -45,39093_Y1-39092_ST_LOCK,1000,JED-NTH ABH AH315,39093 Y1/Lock/Unlock indication value,1000
39093,JED-NTH-MDNAS -45,39093_Y1-39092_ST_GND,1001,JED-NTH ABH AH315,39093 KY1 state,1001
39093,JED-NTH-MDNAS -45,39093_TR1_ST_LOCK,1002,JED-NTH ABH AH315,39093 Q1/Lock/Unlock indication value,1002
39093,JED-NTH-MDNAS -45,39093_TR1_ST_GND,1003,JED-NTH ABH AH315,39093 KQ1 state,1003
39093,JED-NTH-MDNAS -45,39093_Y2-39090_ST_LOCK,1004,JED-NTH ABH AH315,39093 Y2/Lock/Unlock indication value,1004
39093,JED-NTH-MDNAS -45,39093_Y2-39090_ST_GND,1005,JED-NTH ABH AH315,39093 KY2 state,1005
39093,JED-NTH-MDNAS -45,39093_BATT_LOW,1008,JED-NTH ABH AH315,39093 Battery low value,1008
39093,JED-NTH-MDNAS -45,39093_GAS_LOW,1009,JED-NTH ABH AH315,39093 Gas low value,1009
39093,JED-NTH-MDNAS -45,39093_AC_FAIL,1010,JED-NTH ABH AH315,39093 AC power fail value,1010
39093,JED-NTH-MDNAS -45,39093_DOOR_OPENED,1011,JED-NTH ABH AH315,39093 Door open value,1011
39093,JED-NTH-MDNAS -45,39093_DC_ST,1012,JED-NTH ABH AH315,39093 DC power fail value,1012
39093,JED-NTH-MDNAS -45,39093_MOTOR_CRT_FAIL,1013,JED-NTH ABH AH315,39093 Motor circuit fail value,1013
39093,JED-NTH-MDNAS -45,39093_RTU_FAIL,1277,JED-NTH ABH AH315,39093 RTU Self diagnostic value,1277
39093,JED-NTH-MDNAS -45,39093_EFI,1278,JED-NTH ABH AH315,39093 EFI (Fault indication) value,1278
39093,JED-NTH-MDNAS -45,39093_PROT_HEALTH,1279,JED-NTH ABH AH315,39093 Protection Health value,1279
39093,JED-NTH-MDNAS -45,39093_PROT_TRIP_EFI,1280,JED-NTH ABH AH315,39093 Protection Trip (Earth fault) value,1280
39093,JED-NTH-MDNAS -45,39093_PROT_TRIP_PH_FLT,1281,JED-NTH ABH AH315,39093 Protection Trip (Phase fault) value,1281
39093,JED-NTH-MDNAS -45,39093_Y1-39092_ST,11000,JED-NTH ABH AH315,39093 Y1 state,11000
39093,JED-NTH-MDNAS -45,39093_TR1_ST,11001,JED-NTH ABH AH315,39093 Q1 state,11001
39093,JED-NTH-MDNAS -45,39093_Y2-39090_ST,11002,JED-NTH ABH AH315,39093 Y2 state,11002
39093,JED-NTH-MDNAS -45,39093_LR,11004,JED-NTH ABH AH315,39093 Remote/Local value,11004
39093,JED-NTH-MDNAS -45,39093_Y1-39092_AMP_A,13015,JED-NTH ABH AH315,39093 Y1 i_a_value(A),13015
39093,JED-NTH-MDNAS -45,39093_Y1-39092_AMP_B,13016,JED-NTH ABH AH315,39093 Y1 i_b_value(A),13016
39093,JED-NTH-MDNAS -45,39093_Y1-39092_AMP_C,13017,JED-NTH ABH AH315,39093 Y1 i_c_value(A),13017
39093,JED-NTH-MDNAS -45,39093_Y1-39092_AMP_N,13018,JED-NTH ABH AH315,39093 Y1 i_n_value(A),13018
39093,JED-NTH-MDNAS -45,39093_TR1_AMP_A,13019,JED-NTH ABH AH315,39093 Q1 i_a_value(A),13019
39093,JED-NTH-MDNAS -45,39093_TR1_AMP_B,13020,JED-NTH ABH AH315,39093 Q1 i_b_value(A),13020
39093,JED-NTH-MDNAS -45,39093_TR1_AMP_C,13021,JED-NTH ABH AH315,39093 Q1 i_c_value(A),13021
39093,JED-NTH-MDNAS -45,39093_TR1_AMP_N,13022,JED-NTH ABH AH315,39093 Q1 i_n_value(A),13022
39093,JED-NTH-MDNAS -45,39093_Y2-39090_AMP_A,13023,JED-NTH ABH AH315,39093 Y2 i_a_value(A),13023
39093,JED-NTH-MDNAS -45,39093_Y2-39090_AMP_B,13024,JED-NTH ABH AH315,39093 Y2 i_b_value(A),13024
39093,JED-NTH-MDNAS -45,39093_Y2-39090_AMP_C,13025,JED-NTH ABH AH315,39093 Y2 i_c_value(A),13025
39093,JED-NTH-MDNAS -45,39093_Y2-39090_AMP_N,13026,JED-NTH ABH AH315,39093 Y2 i_n_value(A),13026
39093,JED-NTH-MDNAS -45,39093_Y1-39092_KVA,13057,JED-NTH ABH AH315,39093 Y1 S(kVA),13057
39093,JED-NTH-MDNAS -45,39093_Y1-39092_KVAR,13057,,,
39093,JED-NTH-MDNAS -45,39093_Y1-39092_KW,13058,JED-NTH ABH AH315,39093 Y1 P(kW),13058
39093,,,,JED-NTH ABH AH315,39093 Y1 Q(kVar),13059
39093,JED-NTH-MDNAS -45,39093_TR1_VOLT_A,13060,JED-NTH ABH AH315,39093 Q1 u_ab_value(kV),13060
39093,JED-NTH-MDNAS -45,39093_TR1_VOLT_B,13061,JED-NTH ABH AH315,39093 Q1 u_bc_value(kV),13061
39093,JED-NTH-MDNAS -45,39093_TR1_VOLT_C,13062,JED-NTH ABH AH315,39093 Q1 u_ca_value(kV),13062
39093,JED-NTH-MDNAS -45,39093_TR1_VN,13063,JED-NTH ABH AH315,39093 Q1 u_n_value(kV),13063
39093,JED-NTH-MDNAS -45,39093_TR1_VOLT_N,13063,,,
39093,,,,JED-NTH ABH AH315,39093 Q1 S(kVA),13064
39093,JED-NTH-MDNAS -45,39093_TR1_KW,13065,JED-NTH ABH AH315,39093 Q1 P(kW),13065
39093,JED-NTH-MDNAS -45,39093_TR1_KVA,13066,JED-NTH ABH AH315,39093 Q1 Q(kVar),13066
39093,JED-NTH-MDNAS -45,39093_TR1_KVAR,13066,,,
39093,JED-NTH-MDNAS -45,39093_TR1_PF,13067,JED-NTH ABH AH315,39093 Q1 Power factor,13067
39093,JED-NTH-MDNAS -45,39093_Y2-39090_KVA,13068,JED-NTH ABH AH315,39093 Y2 S(kVA),13068
39093,JED-NTH-MDNAS -45,39093_Y2-39090_KVAR,13068,,,
39093,JED-NTH-MDNAS -45,39093_Y2-39090_KW,13069,JED-NTH ABH AH315,39093 Y2 P(kW),13069
39093,,,,JED-NTH ABH AH315,39093 Y2 Q(kVar),13070
39466,JED-NTH-ABN-29,39466_Y1-RMU40227_CMD,1,JED-NTH ABH AH306,39466 Y1 CMD,1
39466,JED-NTH-ABN-29,39466_TR1-RMU39466_CMD,5,JED-NTH ABH AH306,39466 Q1 CMD,5
39466,JED-NTH-ABN-29,39466_Y2-RMU40227_CMD,9,JED-NTH ABH AH306,39466 Y2 CMD,9
39466,JED-NTH-ABN-29,39466_Y1-RMU40227_ST_LOCK,1000,JED-NTH ABH AH306,39466 Y1/Lock/Unlock indication value,1000
39466,JED-NTH-ABN-29,39466_Y1-RMU40227_ST_GND,1001,JED-NTH ABH AH306,39466 KY1 state,1001
39466,JED-NTH-ABN-29,39466_TR1-RMU39466_ST_LOCK,1002,JED-NTH ABH AH306,39466 Q1/Lock/Unlock indication value,1002
39466,JED-NTH-ABN-29,39466_TR1-RMU39466_ST_GND,1003,JED-NTH ABH AH306,39466 KQ1 state,1003
39466,JED-NTH-ABN-29,39466_Y2-RMU40227_ST_LOCK,1004,JED-NTH ABH AH306,39466 Y2/Lock/Unlock indication value,1004
39466,JED-NTH-ABN-29,39466_Y2-RMU40227_ST_GND,1005,JED-NTH ABH AH306,39466 KY2 state,1005
39466,JED-NTH-ABN-29,39466_BATT_LOW,1008,JED-NTH ABH AH306,39466 Battery low value,1008
39466,JED-NTH-ABN-29,39466_GAS_LOW,1009,JED-NTH ABH AH306,39466 Gas low value,1009
39466,JED-NTH-ABN-29,39466_AC_FAIL,1010,JED-NTH ABH AH306,39466 AC power fail value,1010
39466,JED-NTH-ABN-29,39466_DOOR_OPENED,1011,JED-NTH ABH AH306,39466 Door open value,1011
39466,JED-NTH-ABN-29,39466_DC_ST,1012,JED-NTH ABH AH306,39466 DC power fail value,1012
39466,JED-NTH-ABN-29,39466_MOTOR_CRT_FAIL,1013,JED-NTH ABH AH306,39466 Motor circuit fail value,1013
39466,JED-NTH-ABN-29,39466_RTU_FAIL,1277,JED-NTH ABH AH306,39466 RTU Self diagnostic value,1277
39466,JED-NTH-ABN-29,39466_EFI,1278,JED-NTH ABH AH306,39466 EFI (Fault indication) value,1278
39466,JED-NTH-ABN-29,39466_PROT_HEALTH,1279,JED-NTH ABH AH306,39466 Protection Health value,1279
39466,JED-NTH-ABN-29,39466_PROT_TRIP_EFI,1280,JED-NTH ABH AH306,39466 Protection Trip (Earth fault) value,1280
39466,JED-NTH-ABN-29,39466_PROT_TRIP_PH_FLT,1281,JED-NTH ABH AH306,39466 Protection Trip (Phase fault) value,1281
39466,JED-NTH-ABN-29,39466_Y1-RMU40227_ST,11000,JED-NTH ABH AH306,39466 Y1 state,11000
39466,JED-NTH-ABN-29,39466_TR1-RMU39466_ST,11001,JED-NTH ABH AH306,39466 Q1 state,11001
39466,JED-NTH-ABN-29,39466_Y2-RMU40227_ST,11002,JED-NTH ABH AH306,39466 Y2 state,11002
39466,JED-NTH-ABN-29,39466_LR,11004,JED-NTH ABH AH306,39466 Remote/Local value,11004
39466,JED-NTH-ABN-29,39466_Y1-RMU40227_AMP_A,13015,JED-NTH ABH AH306,39466 Y1 i_a_value(A),13015
39466,JED-NTH-ABN-29,39466_Y1-RMU40227_AMP_B,13016,JED-NTH ABH AH306,39466 Y1 i_b_value(A),13016
39466,JED-NTH-ABN-29,39466_Y1-RMU40227_AMP_C,13017,JED-NTH ABH AH306,39466 Y1 i_c_value(A),13017
39466,JED-NTH-ABN-29,39466_Y1-RMU40227_AMP_N,13018,JED-NTH ABH AH306,39466 Y1 i_n_value(A),13018
39466,JED-NTH-ABN-29,39466_TR1-RMU39466_AMP_A,13019,JED-NTH ABH AH306,39466 Q1 i_a_value(A),13019
39466,JED-NTH-ABN-29,39466_TR1-RMU39466_AMP_B,13020,JED-NTH ABH AH306,39466 Q1 i_b_value(A),13020
39466,JED-NTH-ABN-29,39466_TR1-RMU39466_AMP_C,13021,JED-NTH ABH AH306,39466 Q1 i_c_value(A),13021
39466,JED-NTH-ABN-29,39466_TR1-RMU39466_AMP_N,13022,JED-NTH ABH AH306,39466 Q1 i_n_value(A),13022
39466,JED-NTH-ABN-29,39466_Y2-RMU40227_AMP_A,13023,JED-NTH ABH AH306,39466 Y2 i_a_value(A),13023
39466,JED-NTH-ABN-29,39466_Y2-RMU40227_AMP_B,13024,JED-NTH ABH AH306,39466 Y2 i_b_value(A),13024
39466,JED-NTH-ABN-29,39466_Y2-RMU40227_AMP_C,13025,JED-NTH ABH AH306,39466 Y2 i_c_value(A),13025
39466,JED-NTH-ABN-29,39466_Y2-RMU40227_AMP_N,13026,JED-NTH ABH AH306,39466 Y2 i_n_value(A),13026
39466,,,,JED-NTH ABH AH306,39466 Y1 S(kVA),13057
39466,,,,JED-NTH ABH AH306,39466 Y1 P(kW),13058
39466,,,,JED-NTH ABH AH306,39466 Y1 Q(kVar),13059
39466,JED-NTH-ABN-29,39466_TR1-RMU39466_VOLT_A,13060,JED-NTH ABH AH306,39466 Q1 u_ab_value(kV),13060
39466,JED-NTH-ABN-29,39466_TR1-RMU39466_VOLT_B,13061,JED-NTH ABH AH306,39466 Q1 u_bc_value(kV),13061
39466,JED-NTH-ABN-29,39466_TR1-RMU39466_VOLT_C,13062,JED-NTH ABH AH306,39466 Q1 u_ca_value(kV),13062
39466,JED-NTH-ABN-29,39466_TR1-RMU39466_VOLT_N,13063,JED-NTH ABH AH306,39466 Q1 u_n_value(kV),13063
39466,JED-NTH-ABN-29,39466_TR1-RMU39466_KVA,13064,JED-NTH ABH AH306,39466 Q1 S(kVA),13064
39466,JED-NTH-ABN-29,39466_Y1-RMU40227_KVA,13064,,,
39466,JED-NTH-ABN-29,39466_TR1-RMU39466_KW,13065,JED-NTH ABH AH306,39466 Q1 P(kW),13065
39466,JED-NTH-ABN-29,39466_Y1-RMU40227_KW,13065,,,
39466,JED-NTH-ABN-29,39466_TR1-RMU39466_KVAR,13066,JED-NTH ABH AH306,39466 Q1 Q(kVar),13066
39466,JED-NTH-ABN-29,39466_Y1-RMU40227_KVAR,13066,,,
39466,JED-NTH-ABN-29,39466_TR1-RMU39466_PF,13067,JED-NTH ABH AH306,39466 Q1 Power factor,13067
39466,,,,JED-NTH ABH AH306,39466 Y2 S(kVA),13068
39466,,,,JED-NTH ABH AH306,39466 Y2 P(kW),13069
39466,,,,JED-NTH ABH AH306,39466 Y2 Q(kVar),13070
40111,JED-NTH-ABN-29,40111_Y1-RMU19917_CMD,1,JED-NTH ABH AH306,40111 Y1 CMD,1
40111,JED-NTH-ABN-29,40111_TR1-RMU40111_CMD,5,JED-NTH ABH AH306,40111 Q1 CMD,5
40111,JED-NTH-ABN-29,40111_Y2-RMU37877_CMD,9,JED-NTH ABH AH306,40111 Y2 CMD,9
40111,JED-NTH-ABN-29,40111_Y1-RMU19917_ST_LOCK,1000,JED-NTH ABH AH306,40111 Y1/Lock/Unlock indication value,1000
40111,JED-NTH-ABN-29,40111_Y1-RMU19917_ST_GND,1001,JED-NTH ABH AH306,40111 KY1 state,1001
40111,JED-NTH-ABN-29,40111_TR1-RMU40111_ST_LOCK,1002,JED-NTH ABH AH306,40111 Q1/Lock/Unlock indication value,1002
40111,JED-NTH-ABN-29,40111_TR1-RMU40111_ST_GND,1003,JED-NTH ABH AH306,40111 KQ1 state,1003
40111,JED-NTH-ABN-29,40111_Y2-RMU37877_ST_LOCK,1004,JED-NTH ABH AH306,40111 Y2/Lock/Unlock indication value,1004
40111,JED-NTH-ABN-29,40111_Y2-RMU37877_ST_GND,1005,JED-NTH ABH AH306,40111 KY2 state,1005
40111,JED-NTH-ABN-29,40111_BATT_LOW,1008,JED-NTH ABH AH306,40111 Battery low value,1008
40111,JED-NTH-ABN-29,40111_GAS_LOW,1009,JED-NTH ABH AH306,40111 Gas low value,1009
40111,JED-NTH-ABN-29,40111_AC_FAIL,1010,JED-NTH ABH AH306,40111 AC power fail value,1010
40111,JED-NTH-ABN-29,40111_DOOR_OPENED,1011,JED-NTH ABH AH306,40111 Door open value,1011
40111,JED-NTH-ABN-29,40111_DC_ST,1012,JED-NTH ABH AH306,40111 DC power fail value,1012
40111,JED-NTH-ABN-29,40111_MOTOR_CRT_FAIL,1013,JED-NTH ABH AH306,40111 Motor circuit fail value,1013
40111,JED-NTH-ABN-29,40111_RTU_FAIL,1277,JED-NTH ABH AH306,40111 RTU Self diagnostic value,1277
40111,JED-NTH-ABN-29,40111_EFI,1278,JED-NTH ABH AH306,40111 EFI (Fault indication) value,1278
40111,JED-NTH-ABN-29,40111_PROT_HEALTH,1279,JED-NTH ABH AH306,40111 Protection Health value,1279
40111,JED-NTH-ABN-29,40111_PROT_TRIP_EFI,1280,JED-NTH ABH AH306,40111 Protection Trip (Earth fault) value,1280
40111,JED-NTH-ABN-29,40111_PROT_TRIP_PH_FLT,1281,JED-NTH ABH AH306,40111 Protection Trip (Phase fault) value,1281
40111,JED-NTH-ABN-29,40111_Y1-RMU19917_ST,11000,JED-NTH ABH AH306,40111 Y1 state,11000
40111,JED-NTH-ABN-29,40111_TR1-RMU40111_ST,11001,JED-NTH ABH AH306,40111 Q1 state,11001
40111,JED-NTH-ABN-29,40111_Y2-RMU37877_ST,11002,JED-NTH ABH AH306,40111 Y2 state,11002
40111,JED-NTH-ABN-29,40111_LR,11004,JED-NTH ABH AH306,40111 Remote/Local value,11004
40111,JED-NTH-ABN-29,40111_Y1-RMU19917_AMP_A,13015,JED-NTH ABH AH306,40111 Y1 i_a_value(A),13015
40111,JED-NTH-ABN-29,40111_Y1-RMU19917_AMP_B,13016,JED-NTH ABH AH306,40111 Y1 i_b_value(A),13016
40111,JED-NTH-ABN-29,40111_Y1-RMU19917_AMP_C,13017,JED-NTH ABH AH306,40111 Y1 i_c_value(A),13017
40111,JED-NTH-ABN-29,40111_Y1-RMU19917_AMP_N,13018,JED-NTH ABH AH306,40111 Y1 i_n_value(A),13018
40111,JED-NTH-ABN-29,40111_TR1-RMU40111_AMP_A,13019,JED-NTH ABH AH306,40111 Q1 i_a_value(A),13019
40111,JED-NTH-ABN-29,40111_TR1-RMU40111_AMP_B,13020,JED-NTH ABH AH306,40111 Q1 i_b_value(A),13020
40111,JED-NTH-ABN-29,40111_TR1-RMU40111_AMP_C,13021,JED-NTH ABH AH306,40111 Q1 i_c_value(A),13021
40111,JED-NTH-ABN-29,40111_TR1-RMU40111_AMP_N,13022,JED-NTH ABH AH306,40111 Q1 i_n_value(A),13022
40111,JED-NTH-ABN-29,40111_Y2-RMU37877_AMP_A,13023,JED-NTH ABH AH306,40111 Y2 i_a_value(A),13023
40111,JED-NTH-ABN-29,40111_Y2-RMU37877_AMP_B,13024,JED-NTH ABH AH306,40111 Y2 i_b_value(A),13024
40111,JED-NTH-ABN-29,40111_Y2-RMU37877_AMP_C,13025,JED-NTH ABH AH306,40111 Y2 i_c_value(A),13025
40111,JED-NTH-ABN-29,40111_Y2-RMU37877_AMP_N,13026,JED-NTH ABH AH306,40111 Y2 i_n_value(A),13026
40111,,,,JED-NTH ABH AH306,40111 Y1 S(kVA),13057
40111,,,,JED-NTH ABH AH306,40111 Y1 P(kW),13058
40111,,,,JED-NTH ABH AH306,40111 Y1 Q(kVar),13059
40111,JED-NTH-ABN-29,40111_TR1-RMU40111_VOLT_A,13060,JED-NTH ABH AH306,40111 Q1 u_ab_value(kV),13060
40111,JED-NTH-ABN-29,40111_TR1-RMU40111_VOLT_B,13061,JED-NTH ABH AH306,40111 Q1 u_bc_value(kV),13061
40111,JED-NTH-ABN-29,40111_TR1-RMU40111_VOLT_C,13062,JED-NTH ABH AH306,40111 Q1 u_ca_value(kV),13062
40111,JED-NTH-ABN-29,40111_TR1-RMU40111_VOLT_N,13063,JED-NTH ABH AH306,40111 Q1 u_n_value(kV),13063
40111,JED-NTH-ABN-29,40111_TR1-RMU40111_KVA,13064,JED-NTH ABH AH306,40111 Q1 S(kVA),13064
40111,JED-NTH-ABN-29,40111_Y2-RMU37877_KVA,13064,,,
40111,JED-NTH-ABN-29,40111_TR1-RMU40111_KW,13065,JED-NTH ABH AH306,40111 Q1 P(kW),13065
40111,JED-NTH-ABN-29,40111_Y2-RMU37877_KW,13065,,,
40111,JED-NTH-ABN-29,40111_TR1-RMU40111_KVAR,13066,JED-NTH ABH AH306,40111 Q1 Q(kVar),13066
40111,JED-NTH-ABN-29,40111_Y2-RMU37877_KVAR,13066,,,
40111,JED-NTH-ABN-29,40111_TR1-RMU40111_PF,13067,JED-NTH ABH AH306,40111 Q1 Power factor,13067
40111,,,,JED-NTH ABH AH306,40111 Y2 S(kVA),13068
40111,,,,JED-NTH ABH AH306,40111 Y2 P(kW),13069
40111,,,,JED-NTH ABH AH306,40111 Y2 Q(kVar),13070
40123,JED-NTH-HHR2-45,40123_Y1-RMU38692_CMD,1,JED-NTH ABH AH320,40123 Y1 CMD,1
40123,JED-NTH-HHR2-45,40123_TR1-RMU40123_CMD,5,JED-NTH ABH AH320,40123 Q1 CMD,5
40123,JED-NTH-HHR2-45,40123_Y2-RMU40129_CMD,9,JED-NTH ABH AH320,40123 Y2 CMD,9
40123,JED-NTH-HHR2-45,40123_Y1-RMU38692_ST_LOCK,1000,JED-NTH ABH AH320,40123 Y1/Lock/Unlock indication value,1000
40123,JED-NTH-HHR2-45,40123_Y1-RMU38692_ST_GND,1001,JED-NTH ABH AH320,40123 KY1 state,1001
40123,JED-NTH-HHR2-45,40123_TR1-RMU40123_ST_LOCK,1002,JED-NTH ABH AH320,40123 Q1/Lock/Unlock indication value,1002
40123,JED-NTH-HHR2-45,40123_TR1-RMU40123_ST_GND,1003,JED-NTH ABH AH320,40123 KQ1 state,1003
40123,JED-NTH-HHR2-45,40123_Y2-RMU40129_ST_LOCK,1004,JED-NTH ABH AH320,40123 Y2/Lock/Unlock indication value,1004
40123,JED-NTH-HHR2-45,40123_Y2-RMU40129_ST_GND,1005,JED-NTH ABH AH320,40123 KY2 state,1005
40123,JED-NTH-HHR2-45,40123_BATT_LOW,1008,JED-NTH ABH AH320,40123 Battery low value,1008
40123,JED-NTH-HHR2-45,40123_GAS_LOW,1009,JED-NTH ABH AH320,40123 Gas low value,1009
40123,JED-NTH-HHR2-45,40123_AC_FAIL,1010,JED-NTH ABH AH320,40123 AC power fail value,1010
40123,JED-NTH-HHR2-45,40123_DOOR_OPENED,1011,JED-NTH ABH AH320,40123 Door open value,1011
40123,JED-NTH-HHR2-45,40123_DC_ST,1012,JED-NTH ABH AH320,40123 DC power fail value,1012
40123,JED-NTH-HHR2-45,40123_MOTOR_CRT_FAIL,1013,JED-NTH ABH AH320,40123 Motor circuit fail value,1013
40123,JED-NTH-HHR2-45,40123_RTU_FAIL,1277,JED-NTH ABH AH320,40123 RTU Self diagnostic value,1277
40123,JED-NTH-HHR2-45,40123_EFI,1278,JED-NTH ABH AH320,40123 EFI (Fault indication) value,1278
40123,JED-NTH-HHR2-45,40123_PROT_HEALTH,1279,JED-NTH ABH AH320,40123 Protection Health value,1279
40123,JED-NTH-HHR2-45,40123_PROT_TRIP_EFI,1280,JED-NTH ABH AH320,40123 Protection Trip (Earth fault) value,1280
40123,JED-NTH-HHR2-45,40123_PROT_TRIP_PH_FLT,1281,JED-NTH ABH AH320,40123 Protection Trip (Phase fault) value,1281
40123,JED-NTH-HHR2-45,40123_Y1-RMU38692_ST,11000,JED-NTH ABH AH320,40123 Y1 state,11000
40123,JED-NTH-HHR2-45,40123_TR1-RMU40123_ST,11001,JED-NTH ABH AH320,40123 Q1 state,11001
40123,JED-NTH-HHR2-45,40123_Y2-RMU40129_ST,11002,JED-NTH ABH AH320,40123 Y2 state,11002
40123,JED-NTH-HHR2-45,40123_LR,11004,JED-NTH ABH AH320,40123 Remote/Local value,11004
40123,JED-NTH-HHR2-45,40123_Y1-RMU38692_AMP_A,13015,JED-NTH ABH AH320,40123 Y1 i_a_value(A),13015
40123,JED-NTH-HHR2-45,40123_Y1-RMU38692_AMP_B,13016,JED-NTH ABH AH320,40123 Y1 i_b_value(A),13016
40123,JED-NTH-HHR2-45,40123_Y1-RMU38692_AMP_C,13017,JED-NTH ABH AH320,40123 Y1 i_c_value(A),13017
40123,JED-NTH-HHR2-45,40123_Y1-RMU38692_AMP_N,13018,JED-NTH ABH AH320,40123 Y1 i_n_value(A),13018
40123,JED-NTH-HHR2-45,40123_TR1-RMU40123_AMP_A,13019,JED-NTH ABH AH320,40123 Q1 i_a_value(A),13019
40123,JED-NTH-HHR2-45,40123_TR1-RMU40123_AMP_B,13020,JED-NTH ABH AH320,40123 Q1 i_b_value(A),13020
40123,JED-NTH-HHR2-45,40123_TR1-RMU40123_AMP_C,13021,JED-NTH ABH AH320,40123 Q1 i_c_value(A),13021
40123,JED-NTH-HHR2-45,40123_TR1-RMU40123_AMP_N,13022,JED-NTH ABH AH320,40123 Q1 i_n_value(A),13022
40123,JED-NTH-HHR2-45,40123_Y2-RMU40129_AMP_A,13023,JED-NTH ABH AH320,40123 Y2 i_a_value(A),13023
40123,JED-NTH-HHR2-45,40123_Y2-RMU40129_AMP_B,13024,JED-NTH ABH AH320,40123 Y2 i_b_value(A),13024
40123,JED-NTH-HHR2-45,40123_Y2-RMU40129_AMP_C,13025,JED-NTH ABH AH320,40123 Y2 i_c_value(A),13025
40123,JED-NTH-HHR2-45,40123_Y2-RMU40129_AMP_N,13026,JED-NTH ABH AH320,40123 Y2 i_n_value(A),13026
40123,,,,JED-NTH ABH AH320,40123 Y1 S(kVA),13057
40123,,,,JED-NTH ABH AH320,40123 Y1 P(kW),13058
40123,,,,JED-NTH ABH AH320,40123 Y1 Q(kVar),13059
40123,JED-NTH-HHR2-45,40123_TR1-RMU40123_VOLT_A,13060,JED-NTH ABH AH320,40123 Q1 u_ab_value(kV),13060
40123,JED-NTH-HHR2-45,40123_TR1-RMU40123_VOLT_B,13061,JED-NTH ABH AH320,40123 Q1 u_bc_value(kV),13061
40123,JED-NTH-HHR2-45,40123_TR1-RMU40123_VOLT_C,13062,JED-NTH ABH AH320,40123 Q1 u_ca_value(kV),13062
40123,JED-NTH-HHR2-45,40123_TR1-RMU40123_VOLT_N,13063,JED-NTH ABH AH320,40123 Q1 u_n_value(kV),13063
40123,JED-NTH-HHR2-45,40123_TR1-RMU40123_KVA,13064,JED-NTH ABH AH320,40123 Q1 S(kVA),13064
40123,JED-NTH-HHR2-45,40123_Y2-RMU40129_KVA,13064,,,
40123,JED-NTH-HHR2-45,40123_TR1-RMU40123_KW,13065,JED-NTH ABH AH320,40123 Q1 P(kW),13065
40123,JED-NTH-HHR2-45,40123_Y2-RMU40129_KW,13065,,,
40123,JED-NTH-HHR2-45,40123_TR1-RMU40123_KVAR,13066,JED-NTH ABH AH320,40123 Q1 Q(kVar),13066
40123,JED-NTH-HHR2-45,40123_Y2-RMU40129_KVAR,13066,,,
40123,JED-NTH-HHR2-45,40123_TR1-RMU40123_PF,13067,JED-NTH ABH AH320,40123 Q1 Power factor,13067
40123,,,,JED-NTH ABH AH320,40123 Y2 S(kVA),13068
40123,,,,JED-NTH ABH AH320,40123 Y2 P(kW),13069
40123,,,,JED-NTH ABH AH320,40123 Y2 Q(kVar),13070
40130,JED-NTH-MDNAS-12,40130_Y1-40129_CMD,1,JED-NTH ABH AH320,40130 Y1 CMD,1
40130,JED-NTH-MDNAS-12,40130_TR1_CMD,5,JED-NTH ABH AH320,40130 Q1 CMD,5
40130,JED-NTH-MDNAS-12,40130_Y2-18944_CMD,9,JED-NTH ABH AH320,40130 Y2 CMD,9
40130,JED-NTH-MDNAS-12,40130_Y1-40129_ST_LOCK,1000,JED-NTH ABH AH320,40130 Y1/Lock/Unlock indication value,1000
40130,JED-NTH-MDNAS-12,40130_Y1-40129_ST_GND,1001,JED-NTH ABH AH320,40130 KY1 state,1001
40130,JED-NTH-MDNAS-12,40130_TR1_ST_LOCK,1002,JED-NTH ABH AH320,40130 Q1/Lock/Unlock indication value,1002
40130,JED-NTH-MDNAS-12,40130_TR1_ST_GND,1003,JED-NTH ABH AH320,40130 KQ1 state,1003
40130,JED-NTH-MDNAS-12,40130_Y2-18944_ST_LOCK,1004,JED-NTH ABH AH320,40130 Y2/Lock/Unlock indication value,1004
40130,JED-NTH-MDNAS-12,40130_Y2-18944_ST_GND,1005,JED-NTH ABH AH320,40130 KY2 state,1005
40130,JED-NTH-MDNAS-12,40130_BATT_LOW,1008,JED-NTH ABH AH320,40130 Battery low value,1008
40130,JED-NTH-MDNAS-12,40130_GAS_LOW,1009,JED-NTH ABH AH320,40130 Gas low value,1009
40130,JED-NTH-MDNAS-12,40130_AC_FAIL,1010,JED-NTH ABH AH320,40130 AC power fail value,1010
40130,JED-NTH-MDNAS-12,40130_DOOR_OPENED,1011,JED-NTH ABH AH320,40130 Door open value,1011
40130,JED-NTH-MDNAS-12,40130_DC_ST,1012,JED-NTH ABH AH320,40130 DC power fail value,1012
40130,JED-NTH-MDNAS-12,40130_MOTOR_CRT_FAIL,1013,JED-NTH ABH AH320,40130 Motor circuit fail value,1013
40130,JED-NTH-MDNAS-12,40130_RTU_FAIL,1277,JED-NTH ABH AH320,40130 RTU Self diagnostic value,1277
40130,JED-NTH-MDNAS-12,40130_EFI,1278,JED-NTH ABH AH320,40130 EFI (Fault indication) value,1278
40130,JED-NTH-MDNAS-12,40130_PROT_HEALTH,1279,JED-NTH ABH AH320,40130 Protection Health value,1279
40130,JED-NTH-MDNAS-12,40130_PROT_TRIP_EFI,1280,JED-NTH ABH AH320,40130 Protection Trip (Earth fault) value,1280
40130,JED-NTH-MDNAS-12,40130_PROT_TRIP_PH_FLT,1281,JED-NTH ABH AH320,40130 Protection Trip (Phase fault) value,1281
40130,JED-NTH-MDNAS-12,40130_Y1-40129_ST,11000,JED-NTH ABH AH320,40130 Y1 state,11000
40130,JED-NTH-MDNAS-12,40130_TR1_ST,11001,JED-NTH ABH AH320,40130 Q1 state,11001
40130,JED-NTH-MDNAS-12,40130_Y2-18944_ST,11002,JED-NTH ABH AH320,40130 Y2 state,11002
40130,JED-NTH-MDNAS-12,40130_LR,11004,JED-NTH ABH AH320,40130 Remote/Local value,11004
40130,JED-NTH-MDNAS-12,40130_Y1-40129_AMP_A,13015,JED-NTH ABH AH320,40130 Y1 i_a_value(A),13015
40130,JED-NTH-MDNAS-12,40130_Y1-40129_AMP_B,13016,JED-NTH ABH AH320,40130 Y1 i_b_value(A),13016
40130,JED-NTH-MDNAS-12,40130_Y1-40129_AMP_C,13017,JED-NTH ABH AH320,40130 Y1 i_c_value(A),13017
40130,JED-NTH-MDNAS-12,40130_Y1-40129_AMP_N,13018,JED-NTH ABH AH320,40130 Y1 i_n_value(A),13018
40130,JED-NTH-MDNAS-12,40130_TR1_AMP_A,13019,JED-NTH ABH AH320,40130 Q1 i_a_value(A),13019
40130,JED-NTH-MDNAS-12,40130_TR1_AMP_B,13020,JED-NTH ABH AH320,40130 Q1 i_b_value(A),13020
40130,JED-NTH-MDNAS-12,40130_TR1_AMP_C,13021,JED-NTH ABH AH320,40130 Q1 i_c_value(A),13021
40130,JED-NTH-MDNAS-12,40130_TR1_AMP_N,13022,JED-NTH ABH AH320,40130 Q1 i_n_value(A),13022
40130,JED-NTH-MDNAS-12,40130_Y2-18944_AMP_A,13023,JED-NTH ABH AH320,40130 Y2 i_a_value(A),13023
40130,JED-NTH-MDNAS-12,40130_Y2-18944_AMP_B,13024,JED-NTH ABH AH320,40130 Y2 i_b_value(A),13024
40130,JED-NTH-MDNAS-12,40130_Y2-18944_AMP_C,13025,JED-NTH ABH AH320,40130 Y2 i_c_value(A),13025
40130,JED-NTH-MDNAS-12,40130_Y2-18944_AMP_N,13026,JED-NTH ABH AH320,40130 Y2 i_n_value(A),13026
40130,JED-NTH-MDNAS-12,40130_Y1-40129_KVA,13057,JED-NTH ABH AH320,40130 Y1 S(kVA),13057
40130,JED-NTH-MDNAS-12,40130_Y1-40129_KVAR,13057,,,
40130,JED-NTH-MDNAS-12,40130_Y1-40129_KW,13058,JED-NTH ABH AH320,40130 Y1 P(kW),13058
40130,,,,JED-NTH ABH AH320,40130 Y1 Q(kVar),13059
40130,JED-NTH-MDNAS-12,40130_TR1_VOLT_A,13060,JED-NTH ABH AH320,40130 Q1 u_ab_value(kV),13060
40130,JED-NTH-MDNAS-12,40130_TR1_VOLT_B,13061,JED-NTH ABH AH320,40130 Q1 u_bc_value(kV),13061
40130,JED-NTH-MDNAS-12,40130_TR1_VOLT_C,13062,JED-NTH ABH AH320,40130 Q1 u_ca_value(kV),13062
40130,JED-NTH-MDNAS-12,40130_TR1_VN,13063,JED-NTH ABH AH320,40130 Q1 u_n_value(kV),13063
40130,JED-NTH-MDNAS-12,40130_TR1_VOLT_N,13063,,,
40130,,,,JED-NTH ABH AH320,40130 Q1 S(kVA),13064
40130,JED-NTH-MDNAS-12,40130_TR1_KW,13065,JED-NTH ABH AH320,40130 Q1 P(kW),13065
40130,JED-NTH-MDNAS-12,40130_TR1_KVA,13066,JED-NTH ABH AH320,40130 Q1 Q(kVar),13066
40130,JED-NTH-MDNAS-12,40130_TR1_KVAR,13066,,,
40130,JED-NTH-MDNAS-12,40130_TR1_PF,13067,JED-NTH ABH AH320,40130 Q1 Power factor,13067
40130,JED-NTH-MDNAS-12,40130_Y2-18944_KVA,13068,JED-NTH ABH AH320,40130 Y2 S(kVA),13068
40130,JED-NTH-MDNAS-12,40130_Y2-18944_KVAR,13068,,,
40130,JED-NTH-MDNAS-12,40130_Y2-18944_KW,13069,JED-NTH ABH AH320,40130 Y2 P(kW),13069
40130,,,,JED-NTH ABH AH320,40130 Y2 Q(kVar),13070
40461,JED-NTH-HHR2-44,40461_Y1-RMU29796_CMD,1,JED-NTH ABH AH314,40461 Y1 CMD,1
40461,JED-NTH-HHR2-44,40461_TR1-RMU40461_CMD,5,JED-NTH ABH AH314,40461 Q1 CMD,5
40461,JED-NTH-HHR2-44,40461_Y2-RMU33039_CMD,9,JED-NTH ABH AH314,40461 Y2 CMD,9
40461,JED-NTH-HHR2-44,40461_Y1-RMU29796_ST_LOCK,1000,JED-NTH ABH AH314,40461 Y1/Lock/Unlock indication value,1000
40461,JED-NTH-HHR2-44,40461_Y1-RMU29796_ST_GND,1001,JED-NTH ABH AH314,40461 KY1 state,1001
40461,JED-NTH-HHR2-44,40461_TR1-RMU40461_ST_LOCK,1002,JED-NTH ABH AH314,40461 Q1/Lock/Unlock indication value,1002
40461,JED-NTH-HHR2-44,40461_TR1-RMU40461_ST_GND,1003,JED-NTH ABH AH314,40461 KQ1 state,1003
40461,JED-NTH-HHR2-44,40461_Y2-RMU33039_ST_LOCK,1004,JED-NTH ABH AH314,40461 Y2/Lock/Unlock indication value,1004
40461,JED-NTH-HHR2-44,40461_Y2-RMU33039_ST_GND,1005,JED-NTH ABH AH314,40461 KY2 state,1005
40461,JED-NTH-HHR2-44,40461_BATT_LOW,1008,JED-NTH ABH AH314,40461 Battery low value,1008
40461,JED-NTH-HHR2-44,40461_GAS_LOW,1009,JED-NTH ABH AH314,40461 Gas low value,1009
40461,JED-NTH-HHR2-44,40461_AC_FAIL,1010,JED-NTH ABH AH314,40461 AC power fail value,1010
40461,JED-NTH-HHR2-44,40461_DOOR_OPENED,1011,JED-NTH ABH AH314,40461 Door open value,1011
40461,JED-NTH-HHR2-44,40461_DC_ST,1012,JED-NTH ABH AH314,40461 DC power fail value,1012
40461,JED-NTH-HHR2-44,40461_MOTOR_CRT_FAIL,1013,JED-NTH ABH AH314,40461 Motor circuit fail value,1013
40461,JED-NTH-HHR2-44,40461_RTU_FAIL,1277,JED-NTH ABH AH314,40461 RTU Self diagnostic value,1277
40461,JED-NTH-HHR2-44,40461_EFI,1278,JED-NTH ABH AH314,40461 EFI (Fault indication) value,1278
40461,JED-NTH-HHR2-44,40461_PROT_HEALTH,1279,JED-NTH ABH AH314,40461 Protection Health value,1279
40461,JED-NTH-HHR2-44,40461_PROT_TRIP_EFI,1280,JED-NTH ABH AH314,40461 Protection Trip (Earth fault) value,1280
40461,JED-NTH-HHR2-44,40461_PROT_TRIP_PH_FLT,1281,JED-NTH ABH AH314,40461 Protection Trip (Phase fault) value,1281
40461,JED-NTH-HHR2-44,40461_Y1-RMU29796_ST,11000,JED-NTH ABH AH314,40461 Y1 state,11000
40461,JED-NTH-HHR2-44,40461_TR1-RMU40461_ST,11001,JED-NTH ABH AH314,40461 Q1 state,11001
40461,JED-NTH-HHR2-44,40461_Y2-RMU33039_ST,11002,JED-NTH ABH AH314,40461 Y2 state,11002
40461,JED-NTH-HHR2-44,40461_LR,11004,JED-NTH ABH AH314,40461 Remote/Local value,11004
40461,JED-NTH-HHR2-44,40461_Y1-RMU29796_AMP_A,13015,JED-NTH ABH AH314,40461 Y1 i_a_value(A),13015
40461,JED-NTH-HHR2-44,40461_Y1-RMU29796_AMP_B,13016,JED-NTH ABH AH314,40461 Y1 i_b_value(A),13016
40461,JED-NTH-HHR2-44,40461_Y1-RMU29796_AMP_C,13017,JED-NTH ABH AH314,40461 Y1 i_c_value(A),13017
40461,JED-NTH-HHR2-44,40461_Y1-RMU29796_AMP_N,13018,JED-NTH ABH AH314,40461 Y1 i_n_value(A),13018
40461,JED-NTH-HHR2-44,40461_TR1-RMU40461_AMP_A,13019,JED-NTH ABH AH314,40461 Q1 i_a_value(A),13019
40461,JED-NTH-HHR2-44,40461_TR1-RMU40461_AMP_B,13020,JED-NTH ABH AH314,40461 Q1 i_b_value(A),13020
40461,JED-NTH-HHR2-44,40461_TR1-RMU40461_AMP_C,13021,JED-NTH ABH AH314,40461 Q1 i_c_value(A),13021
40461,JED-NTH-HHR2-44,40461_TR1-RMU40461_AMP_N,13022,JED-NTH ABH AH314,40461 Q1 i_n_value(A),13022
40461,JED-NTH-HHR2-44,40461_Y2-RMU33039_AMP_A,13023,JED-NTH ABH AH314,40461 Y2 i_a_value(A),13023
40461,JED-NTH-HHR2-44,40461_Y2-RMU33039_AMP_B,13024,JED-NTH ABH AH314,40461 Y2 i_b_value(A),13024
40461,JED-NTH-HHR2-44,40461_Y2-RMU33039_AMP_C,13025,JED-NTH ABH AH314,40461 Y2 i_c_value(A),13025
40461,JED-NTH-HHR2-44,40461_Y2-RMU33039_AMP_N,13026,JED-NTH ABH AH314,40461 Y2 i_n_value(A),13026
40461,,,,JED-NTH ABH AH314,40461 Y1 S(kVA),13057
40461,,,,JED-NTH ABH AH314,40461 Y1 P(kW),13058
40461,,,,JED-NTH ABH AH314,40461 Y1 Q(kVar),13059
40461,JED-NTH-HHR2-44,40461_TR1-RMU40461_VOLT_A,13060,JED-NTH ABH AH314,40461 Q1 u_ab_value(kV),13060
40461,JED-NTH-HHR2-44,40461_TR1-RMU40461_VOLT_B,13061,JED-NTH ABH AH314,40461 Q1 u_bc_value(kV),13061
40461,JED-NTH-HHR2-44,40461_TR1-RMU40461_VOLT_C,13062,JED-NTH ABH AH314,40461 Q1 u_ca_value(kV),13062
40461,JED-NTH-HHR2-44,40461_TR1-RMU40461_VOLT_N,13063,JED-NTH ABH AH314,40461 Q1 u_n_value(kV),13063
40461,JED-NTH-HHR2-44,40461_TR1-RMU40461_KVA,13064,JED-NTH ABH AH314,40461 Q1 S(kVA),13064
40461,JED-NTH-HHR2-44,40461_Y2-RMU33039_KVA,13064,,,
40461,JED-NTH-HHR2-44,40461_TR1-RMU40461_KW,13065,JED-NTH ABH AH314,40461 Q1 P(kW),13065
40461,JED-NTH-HHR2-44,40461_Y2-RMU33039_KW,13065,,,
40461,JED-NTH-HHR2-44,40461_TR1-RMU40461_KVAR,13066,JED-NTH ABH AH314,40461 Q1 Q(kVar),13066
40461,JED-NTH-HHR2-44,40461_Y2-RMU33039_KVAR,13066,,,
40461,JED-NTH-HHR2-44,40461_TR1-RMU40461_PF,13067,JED-NTH ABH AH314,40461 Q1 Power factor,13067
40461,,,,JED-NTH ABH AH314,40461 Y2 S(kVA),13068
40461,,,,JED-NTH ABH AH314,40461 Y2 P(kW),13069
40461,,,,JED-NTH ABH AH314,40461 Y2 Q(kVar),13070
40467,JED-NTH-FRDS-48,40467_Y1-RMU31760_CMD,1,JED-NTH ABH AH307,40467 Y1 CMD,1
40467,JED-NTH-FRDS-48,40467_TR1-RMU40467_CMD,5,JED-NTH ABH AH307,40467 Q1 CMD,5
40467,JED-NTH-FRDS-48,40467_Y2-RMU26370_CMD,9,JED-NTH ABH AH307,40467 Y2 CMD,9
40467,JED-NTH-FRDS-48,40467_Y1-RMU31760_ST_LOCK,1000,JED-NTH ABH AH307,40467 Y1/Lock/Unlock indication value,1000
40467,JED-NTH-FRDS-48,40467_Y1-RMU31760_ST_GND,1001,JED-NTH ABH AH307,40467 KY1 state,1001
40467,JED-NTH-FRDS-48,40467_TR1-RMU40467_ST_LOCK,1002,JED-NTH ABH AH307,40467 Q1/Lock/Unlock indication value,1002
40467,JED-NTH-FRDS-48,40467_TR1-RMU40467_ST_GND,1003,JED-NTH ABH AH307,40467 KQ1 state,1003
40467,JED-NTH-FRDS-48,40467_Y2-RMU26370_ST_LOCK,1004,JED-NTH ABH AH307,40467 Y2/Lock/Unlock indication value,1004
40467,JED-NTH-FRDS-48,40467_Y2-RMU26370_ST_GND,1005,JED-NTH ABH AH307,40467 KY2 state,1005
40467,JED-NTH-FRDS-48,40467_BATT_LOW,1008,JED-NTH ABH AH307,40467 Battery low value,1008
40467,JED-NTH-FRDS-48,40467_GAS_LOW,1009,JED-NTH ABH AH307,40467 Gas low value,1009
40467,JED-NTH-FRDS-48,40467_AC_FAIL,1010,JED-NTH ABH AH307,40467 AC power fail value,1010
40467,JED-NTH-FRDS-48,40467_DOOR_OPENED,1011,JED-NTH ABH AH307,40467 Door open value,1011
40467,JED-NTH-FRDS-48,40467_DC_ST,1012,JED-NTH ABH AH307,40467 DC power fail value,1012
40467,JED-NTH-FRDS-48,40467_MOTOR_CRT_FAIL,1013,JED-NTH ABH AH307,40467 Motor circuit fail value,1013
40467,JED-NTH-FRDS-48,40467_RTU_FAIL,1277,JED-NTH ABH AH307,40467 RTU Self diagnostic value,1277
40467,JED-NTH-FRDS-48,40467_EFI,1278,JED-NTH ABH AH307,40467 EFI (Fault indication) value,1278
40467,JED-NTH-FRDS-48,40467_PROT_HEALTH,1279,JED-NTH ABH AH307,40467 Protection Health value,1279
40467,JED-NTH-FRDS-48,40467_PROT_TRIP_EFI,1280,JED-NTH ABH AH307,40467 Protection Trip (Earth fault) value,1280
40467,JED-NTH-FRDS-48,40467_PROT_TRIP_PH_FLT,1281,JED-NTH ABH AH307,40467 Protection Trip (Phase fault) value,1281
40467,JED-NTH-FRDS-48,40467_Y1-RMU31760_ST,11000,JED-NTH ABH AH307,40467 Y1 state,11000
40467,JED-NTH-FRDS-48,40467_TR1-RMU40467_ST,11001,JED-NTH ABH AH307,40467 Q1 state,11001
40467,JED-NTH-FRDS-48,40467_Y2-RMU26370_ST,11002,JED-NTH ABH AH307,40467 Y2 state,11002
40467,JED-NTH-FRDS-48,40467_LR,11004,JED-NTH ABH AH307,40467 Remote/Local value,11004
40467,JED-NTH-FRDS-48,40467_Y1-RMU31760_AMP_A,13015,JED-NTH ABH AH307,40467 Y1 i_a_value(A),13015
40467,JED-NTH-FRDS-48,40467_Y1-RMU31760_AMP_B,13016,JED-NTH ABH AH307,40467 Y1 i_b_value(A),13016
40467,JED-NTH-FRDS-48,40467_Y1-RMU31760_AMP_C,13017,JED-NTH ABH AH307,40467 Y1 i_c_value(A),13017
40467,JED-NTH-FRDS-48,40467_Y1-RMU31760_AMP_N,13018,JED-NTH ABH AH307,40467 Y1 i_n_value(A),13018
40467,JED-NTH-FRDS-48,40467_TR1-RMU40467_AMP_A,13019,JED-NTH ABH AH307,40467 Q1 i_a_value(A),13019
40467,JED-NTH-FRDS-48,40467_TR1-RMU40467_AMP_B,13020,JED-NTH ABH AH307,40467 Q1 i_b_value(A),13020
40467,JED-NTH-FRDS-48,40467_TR1-RMU40467_AMP_C,13021,JED-NTH ABH AH307,40467 Q1 i_c_value(A),13021
40467,JED-NTH-FRDS-48,40467_TR1-RMU40467_AMP_N,13022,JED-NTH ABH AH307,40467 Q1 i_n_value(A),13022
40467,JED-NTH-FRDS-48,40467_Y2-RMU26370_AMP_A,13023,JED-NTH ABH AH307,40467 Y2 i_a_value(A),13023
40467,JED-NTH-FRDS-48,40467_Y2-RMU26370_AMP_B,13024,JED-NTH ABH AH307,40467 Y2 i_b_value(A),13024
40467,JED-NTH-FRDS-48,40467_Y2-RMU26370_AMP_C,13025,JED-NTH ABH AH307,40467 Y2 i_c_value(A),13025
40467,JED-NTH-FRDS-48,40467_Y2-RMU26370_AMP_N,13026,JED-NTH ABH AH307,40467 Y2 i_n_value(A),13026
40467,,,,JED-NTH ABH AH307,40467 Y1 S(kVA),13057
40467,,,,JED-NTH ABH AH307,40467 Y1 P(kW),13058
40467,,,,JED-NTH ABH AH307,40467 Y1 Q(kVar),13059
40467,JED-NTH-FRDS-48,40467_TR1-RMU40467_VOLT_A,13060,JED-NTH ABH AH307,40467 Q1 u_ab_value(kV),13060
40467,JED-NTH-FRDS-48,40467_TR1-RMU40467_VOLT_B,13061,JED-NTH ABH AH307,40467 Q1 u_bc_value(kV),13061
40467,JED-NTH-FRDS-48,40467_TR1-RMU40467_VOLT_C,13062,JED-NTH ABH AH307,40467 Q1 u_ca_value(kV),13062
40467,JED-NTH-FRDS-48,40467_TR1-RMU40467_VOLT_N,13063,JED-NTH ABH AH307,40467 Q1 u_n_value(kV),13063
40467,JED-NTH-FRDS-48,40467_TR1-RMU40467_KVA,13064,JED-NTH ABH AH307,40467 Q1 S(kVA),13064
40467,JED-NTH-FRDS-48,40467_Y2-RMU26370_KVA,13064,,,
40467,JED-NTH-FRDS-48,40467_TR1-RMU40467_KW,13065,JED-NTH ABH AH307,40467 Q1 P(kW),13065
40467,JED-NTH-FRDS-48,40467_Y2-RMU26370_KW,13065,,,
40467,JED-NTH-FRDS-48,40467_TR1-RMU40467_KVAR,13066,JED-NTH ABH AH307,40467 Q1 Q(kVar),13066
40467,JED-NTH-FRDS-48,40467_Y2-RMU26370_KVAR,13066,,,
40467,JED-NTH-FRDS-48,40467_TR1-RMU40467_PF,13067,JED-NTH ABH AH307,40467 Q1 Power factor,13067
40467,,,,JED-NTH ABH AH307,40467 Y2 S(kVA),13068
40467,,,,JED-NTH ABH AH307,40467 Y2 P(kW),13069
40467,,,,JED-NTH ABH AH307,40467 Y2 Q(kVar),13070
40490,JED-NTH-HHR2-44,40490_Y1-RMU29863_CMD,1,JED-NTH ABH AH314,40490 Y1 CMD,1
40490,JED-NTH-HHR2-44,40490_TR1-RMU40490_CMD,5,JED-NTH ABH AH314,40490 Y2 CMD,5
40490,JED-NTH-HHR2-44,40490_Y2-RMU33139_CMD,9,JED-NTH ABH AH314,40490 Q1 CMD,9
40490,,,,JED-NTH ABH AH314,40490 Y3 CMD,13
40490,JED-NTH-HHR2-44,40490_Y1-RMU29863_ST_LOCK,1000,JED-NTH ABH AH314,40490 Y1/Lock/Unlock indication value,1000
40490,JED-NTH-HHR2-44,40490_Y1-RMU29863_ST_GND,1001,JED-NTH ABH AH314,40490 KY1 state,1001
40490,JED-NTH-HHR2-44,40490_TR1-RMU40490_ST_LOCK,1002,JED-NTH ABH AH314,40490 Y2/Lock/Unlock indication value,1002
40490,JED-NTH-HHR2-44,40490_TR1-RMU40490_ST_GND,1003,JED-NTH ABH AH314,40490 KY2 state,1003
40490,JED-NTH-HHR2-44,40490_Y2-RMU33139_ST_LOCK,1004,JED-NTH ABH AH314,40490 Q1/Lock/Unlock indication value,1004
40490,JED-NTH-HHR2-44,40490_Y2-RMU33139_ST_GND,1005,JED-NTH ABH AH314,40490 KQ1 state,1005
40490,,,,JED-NTH ABH AH314,40490 Y3/Lock/Unlock indication value,1006
40490,,,,JED-NTH ABH AH314,40490 KY3 state,1007
40490,JED-NTH-HHR2-44,40490_BATT_LOW,1008,JED-NTH ABH AH314,40490 Battery low value,1008
40490,JED-NTH-HHR2-44,40490_GAS_LOW,1009,JED-NTH ABH AH314,40490 Gas low value,1009
40490,JED-NTH-HHR2-44,40490_AC_FAIL,1010,JED-NTH ABH AH314,40490 AC power fail value,1010
40490,JED-NTH-HHR2-44,40490_DOOR_OPENED,1011,JED-NTH ABH AH314,40490 Door open value,1011
40490,JED-NTH-HHR2-44,40490_DC_ST,1012,JED-NTH ABH AH314,40490 DC power fail value,1012
40490,JED-NTH-HHR2-44,40490_MOTOR_CRT_FAIL,1013,JED-NTH ABH AH314,40490 Motor circuit fail value,1013
40490,JED-NTH-HHR2-44,40490_RTU_FAIL,1277,JED-NTH ABH AH314,40490 RTU Self diagnostic value,1277
40490,JED-NTH-HHR2-44,40490_EFI,1278,JED-NTH ABH AH314,40490 EFI (Fault indication) value,1278
40490,JED-NTH-HHR2-44,40490_PROT_HEALTH,1279,JED-NTH ABH AH314,40490 Protection Health value,1279
40490,JED-NTH-HHR2-44,40490_PROT_TRIP_EFI,1280,JED-NTH ABH AH314,40490 Protection Trip (Earth fault) value,1280
40490,JED-NTH-HHR2-44,40490_PROT_TRIP_PH_FLT,1281,JED-NTH ABH AH314,40490 Protection Trip (Phase fault) value,1281
40490,JED-NTH-HHR2-44,40490_Y1-RMU29863_ST,11000,JED-NTH ABH AH314,40490 Y1 state,11000
40490,JED-NTH-HHR2-44,40490_TR1-RMU40490_ST,11001,JED-NTH ABH AH314,40490 Y2 state,11001
40490,JED-NTH-HHR2-44,40490_Y2-RMU33139_ST,11002,JED-NTH ABH AH314,40490 Q1 state,11002
40490,,,,JED-NTH ABH AH314,40490 Y3 state,11003
40490,JED-NTH-HHR2-44,40490_LR,11004,JED-NTH ABH AH314,40490 Remote/Local value,11004
40490,JED-NTH-HHR2-44,40490_Y1-RMU29863_AMP_A,13015,JED-NTH ABH AH314,40490 Y1 i_a_value(A),13015
40490,JED-NTH-HHR2-44,40490_Y1-RMU29863_AMP_B,13016,JED-NTH ABH AH314,40490 Y1 i_b_value(A),13016
40490,JED-NTH-HHR2-44,40490_Y1-RMU29863_AMP_C,13017,JED-NTH ABH AH314,40490 Y1 i_c_value(A),13017
40490,JED-NTH-HHR2-44,40490_Y1-RMU29863_AMP_N,13018,JED-NTH ABH AH314,40490 Y1 i_n_value(A),13018
40490,JED-NTH-HHR2-44,40490_TR1-RMU40490_AMP_A,13019,JED-NTH ABH AH314,40490 Y2 i_a_value(A),13019
40490,JED-NTH-HHR2-44,40490_TR1-RMU40490_AMP_B,13020,JED-NTH ABH AH314,40490 Y2 i_b_value(A),13020
40490,JED-NTH-HHR2-44,40490_TR1-RMU40490_AMP_C,13021,JED-NTH ABH AH314,40490 Y2 i_c_value(A),13021
40490,JED-NTH-HHR2-44,40490_TR1-RMU40490_AMP_N,13022,JED-NTH ABH AH314,40490 Y2 i_n_value(A),13022
40490,JED-NTH-HHR2-44,40490_Y2-RMU33139_AMP_A,13023,JED-NTH ABH AH314,40490 Q1 i_a_value(A),13023
40490,JED-NTH-HHR2-44,40490_Y2-RMU33139_AMP_B,13024,JED-NTH ABH AH314,40490 Q1 i_b_value(A),13024
40490,JED-NTH-HHR2-44,40490_Y2-RMU33139_AMP_C,13025,JED-NTH ABH AH314,40490 Q1 i_c_value(A),13025
40490,JED-NTH-HHR2-44,40490_Y2-RMU33139_AMP_N,13026,JED-NTH ABH AH314,40490 Q1 i_n_value(A),13026
40490,,,,JED-NTH ABH AH314,40490 Y3 i_a_value(A),13027
40490,,,,JED-NTH ABH AH314,40490 Y3 i_b_value(A),13028
40490,,,,JED-NTH ABH AH314,40490 Y3 i_c_value(A),13029
40490,,,,JED-NTH ABH AH314,40490 Y3 i_n_value(A),13030
40490,,,,JED-NTH ABH AH314,40490 Y1 S(kVA),13057
40490,,,,JED-NTH ABH AH314,40490 Y1 P(kW),13058
40490,,,,JED-NTH ABH AH314,40490 Y1 Q(kVar),13059
40490,JED-NTH-HHR2-44,40490_TR1-RMU40490_VOLT_A,13060,JED-NTH ABH AH314,40490 Y2 S(kVA),13060
40490,JED-NTH-HHR2-44,40490_TR1-RMU40490_VOLT_B,13061,JED-NTH ABH AH314,40490 Y2 P(kW),13061
40490,JED-NTH-HHR2-44,40490_TR1-RMU40490_VOLT_C,13062,JED-NTH ABH AH314,40490 Y2 Q(kVar),13062
40490,JED-NTH-HHR2-44,40490_TR1-RMU40490_VOLT_N,13063,JED-NTH ABH AH314,40490 Q1 u_ab_value(kV),13063
40490,JED-NTH-HHR2-44,40490_TR1-RMU40490_KVA,13064,JED-NTH ABH AH314,40490 Q1 u_bc_value(kV),13064
40490,JED-NTH-HHR2-44,40490_Y2-RMU33139_KVA,13064,,,
40490,JED-NTH-HHR2-44,40490_TR1-RMU40490_KW,13065,JED-NTH ABH AH314,40490 Q1 u_ca_value(kV),13065
40490,JED-NTH-HHR2-44,40490_Y2-RMU33139_KW,13065,,,
40490,JED-NTH-HHR2-44,40490_TR1-RMU40490_KVAR,13066,JED-NTH ABH AH314,40490 Q1 u_n_value(kV),13066
40490,JED-NTH-HHR2-44,40490_Y2-RMU33139_KVAR,13066,,,
40490,JED-NTH-HHR2-44,40490_TR1-RMU40490_PF,13067,JED-NTH ABH AH314,40490 Q1 S(kVA),13067
40490,,,,JED-NTH ABH AH314,40490 Q1 P(kW),13068
40490,,,,JED-NTH ABH AH314,40490 Q1 Q(kVar),13069
40490,,,,JED-NTH ABH AH314,40490 Q1 Power factor,13070
40490,,,,JED-NTH ABH AH314,40490 Y3 S(kVA),13071
40490,,,,JED-NTH ABH AH314,40490 Y3 P(kW),13072
40490,,,,JED-NTH ABH AH314,40490 Y3 Q(kVar),13073
40597,JED-NTH-DHN-40,40597_Y1-17671_CMD,1,JED-NTH ABH AH303,40597 Y1 CMD,1
40597,JED-NTH-DHN-40,40597_TR1_CMD,5,JED-NTH ABH AH303,40597 Q1 CMD,5
40597,JED-NTH-DHN-40,40597_Y2-22521_CMD,9,JED-NTH ABH AH303,40597 Y2 CMD,9
40597,JED-NTH-DHN-40,40597_Y1-17671_ST_LOCK,1000,JED-NTH ABH AH303,40597 Y1/Lock/Unlock indication value,1000
40597,JED-NTH-DHN-40,40597_Y1-17671_ST_GND,1001,JED-NTH ABH AH303,40597 KY1 state,1001
40597,JED-NTH-DHN-40,40597_TR1_ST_LOCK,1002,JED-NTH ABH AH303,40597 Q1/Lock/Unlock indication value,1002
40597,JED-NTH-DHN-40,40597_TR1_ST_GND,1003,JED-NTH ABH AH303,40597 KQ1 state,1003
40597,JED-NTH-DHN-40,40597_Y2-22521_ST_LOCK,1004,JED-NTH ABH AH303,40597 Y2/Lock/Unlock indication value,1004
40597,JED-NTH-DHN-40,40597_Y2-22521_ST_GND,1005,JED-NTH ABH AH303,40597 KY2 state,1005
40597,JED-NTH-DHN-40,40597_BATT_LOW,1008,JED-NTH ABH AH303,40597 Battery low value,1008
40597,JED-NTH-DHN-40,40597_GAS_LOW,1009,JED-NTH ABH AH303,40597 Gas low value,1009
40597,JED-NTH-DHN-40,40597_AC_FAIL,1010,JED-NTH ABH AH303,40597 AC power fail value,1010
40597,JED-NTH-DHN-40,40597_DOOR_OPENED,1011,JED-NTH ABH AH303,40597 Door open value,1011
40597,JED-NTH-DHN-40,40597_DC_ST,1012,JED-NTH ABH AH303,40597 DC power fail value,1012
40597,JED-NTH-DHN-40,40597_MOTOR_CRT_FAIL,1013,JED-NTH ABH AH303,40597 Motor circuit fail value,1013
40597,JED-NTH-DHN-40,40597_RTU_FAIL,1277,JED-NTH ABH AH303,40597 RTU Self diagnostic value,1277
40597,JED-NTH-DHN-40,40597_EFI,1278,JED-NTH ABH AH303,40597 EFI (Fault indication) value,1278
40597,JED-NTH-DHN-40,40597_PROT_HEALTH,1279,JED-NTH ABH AH303,40597 Protection Health value,1279
40597,JED-NTH-DHN-40,40597_PROT_TRIP_EFI,1280,JED-NTH ABH AH303,40597 Protection Trip (Earth fault) value,1280
40597,JED-NTH-DHN-40,40597_PROT_TRIP_PH_FLT,1281,JED-NTH ABH AH303,40597 Protection Trip (Phase fault) value,1281
40597,JED-NTH-DHN-40,40597_Y1-17671_ST,11000,JED-NTH ABH AH303,40597 Y1 state,11000
40597,JED-NTH-DHN-40,40597_TR1_ST,11001,JED-NTH ABH AH303,40597 Q1 state,11001
40597,JED-NTH-DHN-40,40597_Y2-22521_ST,11002,JED-NTH ABH AH303,40597 Y2 state,11002
40597,JED-NTH-DHN-40,40597_LR,11004,JED-NTH ABH AH303,40597 Remote/Local value,11004
40597,JED-NTH-DHN-40,40597_Y1-17671_AMP_A,13015,JED-NTH ABH AH303,40597 Y1 i_a_value(A),13015
40597,JED-NTH-DHN-40,40597_Y1-17671_AMP_B,13016,JED-NTH ABH AH303,40597 Y1 i_b_value(A),13016
40597,JED-NTH-DHN-40,40597_Y1-17671_AMP_C,13017,JED-NTH ABH AH303,40597 Y1 i_c_value(A),13017
40597,JED-NTH-DHN-40,40597_Y1-17671_AMP_N,13018,JED-NTH ABH AH303,40597 Y1 i_n_value(A),13018
40597,JED-NTH-DHN-40,40597_TR1_AMP_A,13019,JED-NTH ABH AH303,40597 Q1 i_a_value(A),13019
40597,JED-NTH-DHN-40,40597_TR1_AMP_B,13020,JED-NTH ABH AH303,40597 Q1 i_b_value(A),13020
40597,JED-NTH-DHN-40,40597_TR1_AMP_C,13021,JED-NTH ABH AH303,40597 Q1 i_c_value(A),13021
40597,JED-NTH-DHN-40,40597_TR1_AMP_N,13022,JED-NTH ABH AH303,40597 Q1 i_n_value(A),13022
40597,JED-NTH-DHN-40,40597_Y2-22521_AMP_A,13023,JED-NTH ABH AH303,40597 Y2 i_a_value(A),13023
40597,JED-NTH-DHN-40,40597_Y2-22521_AMP_B,13024,JED-NTH ABH AH303,40597 Y2 i_b_value(A),13024
40597,JED-NTH-DHN-40,40597_Y2-22521_AMP_C,13025,JED-NTH ABH AH303,40597 Y2 i_c_value(A),13025
40597,JED-NTH-DHN-40,40597_Y2-22521_AMP_N,13026,JED-NTH ABH AH303,40597 Y2 i_n_value(A),13026
40597,JED-NTH-DHN-40,40597_Y1-17671_KVA,13057,JED-NTH ABH AH303,40597 Y1 S(kVA),13057
40597,JED-NTH-DHN-40,40597_Y1-17671_KVAR,13057,,,
40597,JED-NTH-DHN-40,40597_Y1-17671_KW,13058,JED-NTH ABH AH303,40597 Y1 P(kW),13058
40597,,,,JED-NTH ABH AH303,40597 Y1 Q(kVar),13059
40597,JED-NTH-DHN-40,40597_TR1_VOLT_A,13060,JED-NTH ABH AH303,40597 Q1 u_ab_value(kV),13060
40597,JED-NTH-DHN-40,40597_TR1_VOLT_B,13061,JED-NTH ABH AH303,40597 Q1 u_bc_value(kV),13061
40597,JED-NTH-DHN-40,40597_TR1_VOLT_C,13062,JED-NTH ABH AH303,40597 Q1 u_ca_value(kV),13062
40597,JED-NTH-DHN-40,40597_TR1_VN,13063,JED-NTH ABH AH303,40597 Q1 u_n_value(kV),13063
40597,JED-NTH-DHN-40,40597_TR1_VOLT_N,13063,,,
40597,,,,JED-NTH ABH AH303,40597 Q1 S(kVA),13064
40597,JED-NTH-DHN-40,40597_TR1_KW,13065,JED-NTH ABH AH303,40597 Q1 P(kW),13065
40597,JED-NTH-DHN-40,40597_TR1_KVA,13066,JED-NTH ABH AH303,40597 Q1 Q(kVar),13066
40597,JED-NTH-DHN-40,40597_TR1_KVAR,13066,,,
40597,JED-NTH-DHN-40,40597_TR1_PF,13067,JED-NTH ABH AH303,40597 Q1 Power factor,13067
40597,JED-NTH-DHN-40,40597_Y2-22521_KVA,13068,JED-NTH ABH AH303,40597 Y2 S(kVA),13068
40597,JED-NTH-DHN-40,40597_Y2-22521_KVAR,13068,,,
40597,JED-NTH-DHN-40,40597_Y2-22521_KW,13069,JED-NTH ABH AH303,40597 Y2 P(kW),13069
40597,,,,JED-NTH ABH AH303,40597 Y2 Q(kVar),13070
42768,JED-NTH-FRDS-10,42768_Y1-ABH21_CMD,1,JED-NTH ABH AH321,42768 Y1 CMD,1
42768,JED-NTH-FRDS-10,42768_TR1_CMD,5,JED-NTH ABH AH321,42768 Q1 CMD,5
42768,JED-NTH-FRDS-10,42768_Y2-42767_CMD,9,JED-NTH ABH AH321,42768 Y2 CMD,9
42768,JED-NTH-FRDS-10,42768_Y1-ABH21_ST_LOCK,1000,JED-NTH ABH AH321,42768 Y1/Lock/Unlock indication value,1000
42768,JED-NTH-FRDS-10,42768_Y1-ABH21_ST_GND,1001,JED-NTH ABH AH321,42768 KY1 state,1001
42768,JED-NTH-FRDS-10,42768_TR1_ST_LOCK,1002,JED-NTH ABH AH321,42768 Q1/Lock/Unlock indication value,1002
42768,JED-NTH-FRDS-10,42768_TR1_ST_GND,1003,JED-NTH ABH AH321,42768 KQ1 state,1003
42768,JED-NTH-FRDS-10,42768_Y2-42767_ST_LOCK,1004,JED-NTH ABH AH321,42768 Y2/Lock/Unlock indication value,1004
42768,JED-NTH-FRDS-10,42768_Y2-42767_ST_GND,1005,JED-NTH ABH AH321,42768 KY2 state,1005
42768,JED-NTH-FRDS-10,42768_BATT_LOW,1008,JED-NTH ABH AH321,42768 Battery low value,1008
42768,JED-NTH-FRDS-10,42768_GAS_LOW,1009,JED-NTH ABH AH321,42768 Gas low value,1009
42768,JED-NTH-FRDS-10,42768_AC_FAIL,1010,JED-NTH ABH AH321,42768 AC power fail value,1010
42768,JED-NTH-FRDS-10,42768_DOOR_OPENED,1011,JED-NTH ABH AH321,42768 Door open value,1011
42768,JED-NTH-FRDS-10,42768_DC_ST,1012,JED-NTH ABH AH321,42768 DC power fail value,1012
42768,JED-NTH-FRDS-10,42768_MOTOR_CRT_FAIL,1013,JED-NTH ABH AH321,42768 Motor circuit fail value,1013
42768,JED-NTH-FRDS-10,42768_RTU_FAIL,1277,JED-NTH ABH AH321,42768 RTU Self diagnostic value,1277
42768,JED-NTH-FRDS-10,42768_EFI,1278,JED-NTH ABH AH321,42768 EFI (Fault indication) value,1278
42768,JED-NTH-FRDS-10,42768_PROT_HEALTH,1279,JED-NTH ABH AH321,42768 Protection Health value,1279
42768,JED-NTH-FRDS-10,42768_PROT_TRIP_EFI,1280,JED-NTH ABH AH321,42768 Protection Trip (Earth fault) value,1280
42768,JED-NTH-FRDS-10,42768_PROT_TRIP_PH_FLT,1281,JED-NTH ABH AH321,42768 Protection Trip (Phase fault) value,1281
42768,JED-NTH-FRDS-10,42768_Y1-ABH21_ST,11000,JED-NTH ABH AH321,42768 Y1 state,11000
42768,JED-NTH-FRDS-10,42768_TR1_ST,11001,JED-NTH ABH AH321,42768 Q1 state,11001
42768,JED-NTH-FRDS-10,42768_Y2-42767_ST,11002,JED-NTH ABH AH321,42768 Y2 state,11002
42768,JED-NTH-FRDS-10,42768_LR,11004,JED-NTH ABH AH321,42768 Remote/Local value,11004
42768,JED-NTH-FRDS-10,42768_Y1-ABH21_AMP_A,13015,JED-NTH ABH AH321,42768 Y1 i_a_value(A),13015
42768,JED-NTH-FRDS-10,42768_Y1-ABH21_AMP_B,13016,JED-NTH ABH AH321,42768 Y1 i_b_value(A),13016
42768,JED-NTH-FRDS-10,42768_Y1-ABH21_AMP_C,13017,JED-NTH ABH AH321,42768 Y1 i_c_value(A),13017
42768,JED-NTH-FRDS-10,42768_Y1-ABH21_AMP_N,13018,JED-NTH ABH AH321,42768 Y1 i_n_value(A),13018
42768,JED-NTH-FRDS-10,42768_TR1_AMP_A,13019,JED-NTH ABH AH321,42768 Q1 i_a_value(A),13019
42768,JED-NTH-FRDS-10,42768_TR1_AMP_B,13020,JED-NTH ABH AH321,42768 Q1 i_b_value(A),13020
42768,JED-NTH-FRDS-10,42768_TR1_AMP_C,13021,JED-NTH ABH AH321,42768 Q1 i_c_value(A),13021
42768,JED-NTH-FRDS-10,42768_TR1_AMP_N,13022,JED-NTH ABH AH321,42768 Q1 i_n_value(A),13022
42768,JED-NTH-FRDS-10,42768_Y2-42767_AMP_A,13023,JED-NTH ABH AH321,42768 Y2 i_a_value(A),13023
42768,JED-NTH-FRDS-10,42768_Y2-42767_AMP_B,13024,JED-NTH ABH AH321,42768 Y2 i_b_value(A),13024
42768,JED-NTH-FRDS-10,42768_Y2-42767_AMP_C,13025,JED-NTH ABH AH321,42768 Y2 i_c_value(A),13025
42768,JED-NTH-FRDS-10,42768_Y2-42767_AMP_N,13026,JED-NTH ABH AH321,42768 Y2 i_n_value(A),13026
42768,JED-NTH-FRDS-10,42768_Y1-ABH21_KVA,13057,JED-NTH ABH AH321,42768 Y1 S(kVA),13057
42768,JED-NTH-FRDS-10,42768_Y1-ABH21_KVAR,13057,,,
42768,JED-NTH-FRDS-10,42768_Y1-ABH21_KW,13058,JED-NTH ABH AH321,42768 Y1 P(kW),13058
42768,,,,JED-NTH ABH AH321,42768 Y1 Q(kVar),13059
42768,JED-NTH-FRDS-10,42768_TR1_VOLT_A,13060,JED-NTH ABH AH321,42768 Q1 u_ab_value(kV),13060
42768,JED-NTH-FRDS-10,42768_TR1_VOLT_B,13061,JED-NTH ABH AH321,42768 Q1 u_bc_value(kV),13061
42768,JED-NTH-FRDS-10,42768_TR1_VOLT_C,13062,JED-NTH ABH AH321,42768 Q1 u_ca_value(kV),13062
42768,JED-NTH-FRDS-10,42768_TR1_VN,13063,JED-NTH ABH AH321,42768 Q1 u_n_value(kV),13063
42768,JED-NTH-FRDS-10,42768_TR1_VOLT_N,13063,,,
42768,,,,JED-NTH ABH AH321,42768 Q1 S(kVA),13064
42768,JED-NTH-FRDS-10,42768_TR1_KW,13065,JED-NTH ABH AH321,42768 Q1 P(kW),13065
42768,JED-NTH-FRDS-10,42768_TR1_KVA,13066,JED-NTH ABH AH321,42768 Q1 Q(kVar),13066
42768,JED-NTH-FRDS-10,42768_TR1_KVAR,13066,,,
42768,JED-NTH-FRDS-10,42768_TR1_PF,13067,JED-NTH ABH AH321,42768 Q1 Power factor,13067
42768,JED-NTH-FRDS-10,42768_Y2-42767_KVA,13068,JED-NTH ABH AH321,42768 Y2 S(kVA),13068
42768,JED-NTH-FRDS-10,42768_Y2-42767_KVAR,13068,,,
42768,JED-NTH-FRDS-10,42768_Y2-42767_KW,13069,JED-NTH ABH AH321,42768 Y2 P(kW),13069
42768,,,,JED-NTH ABH AH321,42768 Y2 Q(kVar),13070
43223,JED-NTH-ABH-12,43223_Y1-ABH-12_CMD,1,JED-NTH ABH AH312,43223 Y1 CMD,1
43223,JED-NTH-ABH-12,43223_Y2-30831_CMD,5,JED-NTH ABH AH312,43223 Y2 CMD,5
43223,JED-NTH-ABH-12,43223_Y3-43222_CMD,9,JED-NTH ABH AH312,43223 Y3 CMD,9
43223,JED-NTH-ABH-12,43223_Y1-ABH-12_ST_LOCK,1000,JED-NTH ABH AH312,43223 Y1/Lock/Unlock indication value,1000
43223,JED-NTH-ABH-12,43223_Y1-ABH-12_ST_GND,1001,JED-NTH ABH AH312,43223 KY1 state,1001
43223,JED-NTH-ABH-12,43223_Y2-30831_ST_LOCK,1002,JED-NTH ABH AH312,43223 Y2/Lock/Unlock indication value,1002
43223,JED-NTH-ABH-12,43223_Y2-30831_ST_GND,1003,JED-NTH ABH AH312,43223 KY2 state,1003
43223,JED-NTH-ABH-12,43223_Y3-43222_ST_LOCK,1004,JED-NTH ABH AH312,43223 Y3/Lock/Unlock indication value,1004
43223,JED-NTH-ABH-12,43223_Y3-43222_ST_GND,1005,JED-NTH ABH AH312,43223 KY3 state,1005
43223,JED-NTH-ABH-12,43223_BATT_LOW,1008,JED-NTH ABH AH312,43223 Battery low value,1008
43223,JED-NTH-ABH-12,43223_GAS_LOW,1009,JED-NTH ABH AH312,43223 Gas low value,1009
43223,JED-NTH-ABH-12,43223_AC_FAIL,1010,JED-NTH ABH AH312,43223 AC power fail value,1010
43223,JED-NTH-ABH-12,43223_DOOR_OPENED,1011,JED-NTH ABH AH312,43223 Door open value,1011
43223,JED-NTH-ABH-12,43223_DC_ST,1012,JED-NTH ABH AH312,43223 DC power fail value,1012
43223,JED-NTH-ABH-12,43223_MOTOR_CRT_FAIL,1013,,,
43223,JED-NTH-ABH-12,43223_RTU_FAIL,1277,JED-NTH ABH AH312,43223 RTU Self diagnostic value,1277
43223,JED-NTH-ABH-12,43223_EFI,1278,JED-NTH ABH AH312,43223 EFI (Fault indication) value,1278
43223,JED-NTH-ABH-12,43223_PROT_HEALTH,1279,JED-NTH ABH AH312,43223 Protection Health value,1279
43223,JED-NTH-ABH-12,43223_PROT_TRIP_EFI,1280,JED-NTH ABH AH312,43223 Protection Trip (Earth fault) value,1280
43223,JED-NTH-ABH-12,43223_PROT_TRIP_PH_FLT,1281,JED-NTH ABH AH312,43223 Protection Trip (Phase fault) value,1281
43223,JED-NTH-ABH-12,43223_Y1-ABH-12_ST,11000,JED-NTH ABH AH312,43223 Y1 state,11000
43223,JED-NTH-ABH-12,43223_Y2-30831_ST,11001,JED-NTH ABH AH312,43223 Y2 state,11001
43223,JED-NTH-ABH-12,43223_Y3-43222_ST,11002,JED-NTH ABH AH312,43223 Y3 state,11002
43223,JED-NTH-ABH-12,43223_LR,11004,JED-NTH ABH AH312,43223 Remote/Local value,11004
43223,JED-NTH-ABH-12,43223_Y1-ABH-12_AMP_A,13015,JED-NTH ABH AH312,43223 Y1 i_a_value(A),13015
43223,JED-NTH-ABH-12,43223_Y1-ABH-12_AMP_B,13016,JED-NTH ABH AH312,43223 Y1 i_b_value(A),13016
43223,JED-NTH-ABH-12,43223_Y1-ABH-12_AMP_C,13017,JED-NTH ABH AH312,43223 Y1 i_c_value(A),13017
43223,JED-NTH-ABH-12,43223_Y1-ABH-12_AMP_N,13018,JED-NTH ABH AH312,43223 Y1 i_n_value(A),13018
43223,JED-NTH-ABH-12,43223_Y2-30831_AMP_A,13019,JED-NTH ABH AH312,43223 Y2 i_a_value(A),13019
43223,JED-NTH-ABH-12,43223_Y2-30831_AMP_B,13020,JED-NTH ABH AH312,43223 Y2 i_b_value(A),13020
43223,JED-NTH-ABH-12,43223_Y2-30831_AMP_C,13021,JED-NTH ABH AH312,43223 Y2 i_c_value(A),13021
43223,JED-NTH-ABH-12,43223_Y2-30831_AMP_N,13022,JED-NTH ABH AH312,43223 Y2 i_n_value(A),13022
43223,JED-NTH-ABH-12,43223_Y3-43222_AMP_A,13023,JED-NTH ABH AH312,43223 Y3 i_a_value(A),13023
43223,JED-NTH-ABH-12,43223_Y3-43222_AMP_B,13024,JED-NTH ABH AH312,43223 Y3 i_b_value(A),13024
43223,JED-NTH-ABH-12,43223_Y3-43222_AMP_C,13025,JED-NTH ABH AH312,43223 Y3 i_c_value(A),13025
43223,JED-NTH-ABH-12,43223_Y3-43222_AMP_N,13026,JED-NTH ABH AH312,43223 Y3 i_n_value(A),13026
43223,JED-NTH-ABH-12,43223_Y1-ABH-12_KVA,13057,JED-NTH ABH AH312,43223 Y1 S(kVA),13057
43223,JED-NTH-ABH-12,43223_Y1-ABH-12_KW,13058,JED-NTH ABH AH312,43223 Y1 P(kW),13058
43223,JED-NTH-ABH-12,43223_Y1-ABH-12_KVAR,13059,JED-NTH ABH AH312,43223 Y1 Q(kVar),13059
43223,JED-NTH-ABH-12,43223_Y2-30831_VOLT_A,13060,JED-NTH ABH AH312,43223 Y2 u_ab_value(kV),13060
43223,JED-NTH-ABH-12,43223_Y2-30831_VOLT_B,13061,JED-NTH ABH AH312,43223 Y2 u_bc_value(kV),13061
43223,JED-NTH-ABH-12,43223_Y2-30831_VOLT_C,13062,JED-NTH ABH AH312,43223 Y2 u_ca_value(kV),13062
43223,JED-NTH-ABH-12,43223_Y2-30831_VOLT_N,13063,JED-NTH ABH AH312,43223 Y2 u_n_value(kV),13063
43223,JED-NTH-ABH-12,43223_Y2-30831_KVA,13064,JED-NTH ABH AH312,43223 Y2 S(kVA),13064
43223,JED-NTH-ABH-12,43223_Y2-30831_KW,13065,JED-NTH ABH AH312,43223 Y2 P(kW),13065
43223,JED-NTH-ABH-12,43223_Y2-30831_KVAR,13066,JED-NTH ABH AH312,43223 Y2 Q(kVar),13066
43223,JED-NTH-ABH-12,43223_Y2-30831_PF,13067,JED-NTH ABH AH312,43223 Y2 Power factor,13067
43223,JED-NTH-ABH-12,43223_Y3-43222_KVA,13068,JED-NTH ABH AH312,43223 Y3 S(kVA),13068
43223,JED-NTH-ABH-12,43223_Y3-43222_KW,13069,JED-NTH ABH AH312,43223 Y3 P(kW),13069
43223,JED-NTH-ABH-12,43223_Y3-43222_KVAR,13070,JED-NTH ABH AH312,43223 Y3 Q(kVar),13070
43269,JED-NTH-FRDS-44,43269_Y1-33836_CMD,1,JED-NTH ABH AH314,43269 Y1 CMD,1
43269,JED-NTH-FRDS-44,43269_TR1_CMD,5,JED-NTH ABH AH314,43269 Y2 CMD,5
43269,JED-NTH-FRDS-44,43269_Y2-33015_CMD,9,JED-NTH ABH AH314,43269 Q1 CMD,9
43269,,,,JED-NTH ABH AH314,43269 Y3 CMD,13
43269,JED-NTH-FRDS-44,43269_Y1-33836_ST_LOCK,1000,JED-NTH ABH AH314,43269 Y1/Lock/Unlock indication value,1000
43269,JED-NTH-FRDS-44,43269_Y1-33836_ST_GND,1001,JED-NTH ABH AH314,43269 KY1 state,1001
43269,JED-NTH-FRDS-44,43269_TR1_ST_LOCK,1002,JED-NTH ABH AH314,43269 Y2/Lock/Unlock indication value,1002
43269,JED-NTH-FRDS-44,43269_TR1_ST_GND,1003,JED-NTH ABH AH314,43269 KY2 state,1003
43269,JED-NTH-FRDS-44,43269_Y2-33015_ST_LOCK,1004,JED-NTH ABH AH314,43269 Q1/Lock/Unlock indication value,1004
43269,JED-NTH-FRDS-44,43269_Y2-33015_ST_GND,1005,JED-NTH ABH AH314,43269 KQ1 state,1005
43269,,,,JED-NTH ABH AH314,43269 Y3/Lock/Unlock indication value,1006
43269,,,,JED-NTH ABH AH314,43269 KY3 state,1007
43269,JED-NTH-FRDS-44,43269_BATT_LOW,1008,JED-NTH ABH AH314,43269 Battery low value,1008
43269,JED-NTH-FRDS-44,43269_GAS_LOW,1009,JED-NTH ABH AH314,43269 Gas low value,1009
43269,JED-NTH-FRDS-44,43269_AC_FAIL,1010,JED-NTH ABH AH314,43269 AC power fail value,1010
43269,JED-NTH-FRDS-44,43269_DOOR_OPENED,1011,JED-NTH ABH AH314,43269 Door open value,1011
43269,JED-NTH-FRDS-44,43269_DC_ST,1012,JED-NTH ABH AH314,43269 DC power fail value,1012
43269,JED-NTH-FRDS-44,43269_MOTOR_CRT_FAIL,1013,JED-NTH ABH AH314,43269 Motor circuit fail value,1013
43269,JED-NTH-FRDS-44,43269_RTU_FAIL,1277,JED-NTH ABH AH314,43269 RTU Self diagnostic value,1277
43269,JED-NTH-FRDS-44,43269_EFI,1278,JED-NTH ABH AH314,43269 EFI (Fault indication) value,1278
43269,JED-NTH-FRDS-44,43269_PROT_HEALTH,1279,JED-NTH ABH AH314,43269 Protection Health value,1279
43269,JED-NTH-FRDS-44,43269_PROT_TRIP_EFI,1280,JED-NTH ABH AH314,43269 Protection Trip (Earth fault) value,1280
43269,JED-NTH-FRDS-44,43269_PROT_TRIP_PH_FLT,1281,JED-NTH ABH AH314,43269 Protection Trip (Phase fault) value,1281
43269,JED-NTH-FRDS-44,43269_Y1-33836_ST,11000,JED-NTH ABH AH314,43269 Y1 state,11000
43269,JED-NTH-FRDS-44,43269_TR1_ST,11001,JED-NTH ABH AH314,43269 Y2 state,11001
43269,JED-NTH-FRDS-44,43269_Y2-33015_ST,11002,JED-NTH ABH AH314,43269 Q1 state,11002
43269,,,,JED-NTH ABH AH314,43269 Y3 state,11003
43269,JED-NTH-FRDS-44,43269_LR,11004,JED-NTH ABH AH314,43269 Remote/Local value,11004
43269,JED-NTH-FRDS-44,43269_Y1-33836_AMP_A,13015,JED-NTH ABH AH314,43269 Y1 i_a_value(A),13015
43269,JED-NTH-FRDS-44,43269_Y1-33836_AMP_B,13016,JED-NTH ABH AH314,43269 Y1 i_b_value(A),13016
43269,JED-NTH-FRDS-44,43269_Y1-33836_AMP_C,13017,JED-NTH ABH AH314,43269 Y1 i_c_value(A),13017
43269,JED-NTH-FRDS-44,43269_Y1-33836_AMP_N,13018,JED-NTH ABH AH314,43269 Y1 i_n_value(A),13018
43269,JED-NTH-FRDS-44,43269_TR1_AMP_A,13019,JED-NTH ABH AH314,43269 Y2 i_a_value(A),13019
43269,JED-NTH-FRDS-44,43269_TR1_AMP_B,13020,JED-NTH ABH AH314,43269 Y2 i_b_value(A),13020
43269,JED-NTH-FRDS-44,43269_TR1_AMP_C,13021,JED-NTH ABH AH314,43269 Y2 i_c_value(A),13021
43269,JED-NTH-FRDS-44,43269_TR1_AMP_N,13022,JED-NTH ABH AH314,43269 Y2 i_n_value(A),13022
43269,JED-NTH-FRDS-44,43269_Y2-33015_AMP_A,13023,JED-NTH ABH AH314,43269 Q1 i_a_value(A),13023
43269,JED-NTH-FRDS-44,43269_Y2-33015_AMP_B,13024,JED-NTH ABH AH314,43269 Q1 i_b_value(A),13024
43269,JED-NTH-FRDS-44,43269_Y2-33015_AMP_C,13025,JED-NTH ABH AH314,43269 Q1 i_c_value(A),13025
43269,JED-NTH-FRDS-44,43269_Y2-33015_AMP_N,13026,JED-NTH ABH AH314,43269 Q1 i_n_value(A),13026
43269,,,,JED-NTH ABH AH314,43269 Y3 i_a_value(A),13027
43269,,,,JED-NTH ABH AH314,43269 Y3 i_b_value(A),13028
43269,,,,JED-NTH ABH AH314,43269 Y3 i_c_value(A),13029
43269,,,,JED-NTH ABH AH314,43269 Y3 i_n_value(A),13030
43269,JED-NTH-FRDS-44,43269_Y1-33836_KVA,13057,JED-NTH ABH AH314,43269 Y1 S(kVA),13057
43269,JED-NTH-FRDS-44,43269_Y1-33836_KVAR,13057,,,
43269,JED-NTH-FRDS-44,43269_Y1-33836_KW,13058,JED-NTH ABH AH314,43269 Y1 P(kW),13058
43269,,,,JED-NTH ABH AH314,43269 Y1 Q(kVar),13059
43269,JED-NTH-FRDS-44,43269_TR1_VOLT_A,13060,JED-NTH ABH AH314,43269 Y2 S(kVA),13060
43269,JED-NTH-FRDS-44,43269_TR1_VOLT_B,13061,JED-NTH ABH AH314,43269 Y2 P(kW),13061
43269,JED-NTH-FRDS-44,43269_TR1_VOLT_C,13062,JED-NTH ABH AH314,43269 Y2 Q(kVar),13062
43269,JED-NTH-FRDS-44,43269_TR1_VN,13063,JED-NTH ABH AH314,43269 Q1 u_ab_value(kV),13063
43269,JED-NTH-FRDS-44,43269_TR1_VOLT_N,13063,,,
43269,,,,JED-NTH ABH AH314,43269 Q1 u_bc_value(kV),13064
43269,JED-NTH-FRDS-44,43269_TR1_KW,13065,JED-NTH ABH AH314,43269 Q1 u_ca_value(kV),13065
43269,JED-NTH-FRDS-44,43269_TR1_KVA,13066,JED-NTH ABH AH314,43269 Q1 u_n_value(kV),13066
43269,JED-NTH-FRDS-44,43269_TR1_KVAR,13066,,,
43269,JED-NTH-FRDS-44,43269_TR1_PF,13067,JED-NTH ABH AH314,43269 Q1 S(kVA),13067
43269,JED-NTH-FRDS-44,43269_Y2-33015_KVA,13068,JED-NTH ABH AH314,43269 Q1 P(kW),13068
43269,JED-NTH-FRDS-44,43269_Y2-33015_KVAR,13068,,,
43269,JED-NTH-FRDS-44,43269_Y2-33015_KW,13069,JED-NTH ABH AH314,43269 Q1 Q(kVar),13069
43269,,,,JED-NTH ABH AH314,43269 Q1 Power factor,13070
43269,,,,JED-NTH ABH AH314,43269 Y3 S(kVA),13071
43269,,,,JED-NTH ABH AH314,43269 Y3 P(kW),13072
43269,,,,JED-NTH ABH AH314,43269 Y3 Q(kVar),13073
